"recipe_id","source_jar","source_entry","action","category","original_error","override"
"ae2lt:assembler/overload_processor","ae2lt-2.0.8.jar","data/ae2lt/recipe/assembler/overload_processor.json","suppressed","optional ExtendedAE condition codec is absent","Unknown registry key in ResourceKey[minecraft:root / neoforge:condition_codecs]: extendedae:config","kubejs\data\ae2lt\recipe\assembler\overload_processor.json"
"createcybernetics:boneupgrades_elytra_createpresent","createcybernetics-0.5.1-neoforge-1.21.1-HOTFIX.jar","data/createcybernetics/recipe/boneupgrades_elytra_createpresent.json","suppressed","recipe targets disabled or unregistered compatibility content","Unknown registry key in ResourceKey[minecraft:root / minecraft:item]: createcybernetics:boneupgrades_elytra","kubejs\data\createcybernetics\recipe\boneupgrades_elytra_createpresent.json"
"createcybernetics:brainupgrades_consciousnesstransmitter","createcybernetics-0.5.1-neoforge-1.21.1-HOTFIX.jar","data/createcybernetics/recipe/brainupgrades_consciousnesstransmitter.json","suppressed","recipe targets disabled or unregistered compatibility content","Unknown registry key in ResourceKey[minecraft:root / minecraft:item]: createcybernetics:brainupgrades_consciousnesstransmitter","kubejs\data\createcybernetics\recipe\brainupgrades_consciousnesstransmitter.json"
"createcybernetics:brainupgrades_corticalstack","createcybernetics-0.5.1-neoforge-1.21.1-HOTFIX.jar","data/createcybernetics/recipe/brainupgrades_corticalstack.json","suppressed","recipe targets disabled or unregistered compatibility content","Unknown registry key in ResourceKey[minecraft:root / minecraft:item]: createcybernetics:brainupgrades_corticalstack; Failed to parse either. First: Not a json array: {""item"":""create_enchantment_industry:experience_lantern""}; Second: No key tag in MapLike[{""item"":""create_enchantment_industry:experience_lantern""}]; Unknown registry key in ResourceKey[minecraft:root / minecraft:item]: create_enchantment_industry:experience_lantern missed input: {""S"":{""item"":""create_enchantment_industry:experience_lantern""}}","kubejs\data\createcybernetics\recipe\brainupgrades_corticalstack.json"
"createcybernetics:brainupgrades_spelljammer","createcybernetics-0.5.1-neoforge-1.21.1-HOTFIX.jar","data/createcybernetics/recipe/brainupgrades_spelljammer.json","suppressed","recipe targets disabled or unregistered compatibility content","Unknown registry key in ResourceKey[minecraft:root / minecraft:item]: createcybernetics:brainupgrades_spelljammer; Failed to parse either. First: Not a json array: {""item"":""irons_spellbooks:mithril_ingot""}; Second: No key tag in MapLike[{""item"":""irons_spellbooks:mithril_ingot""}]; Unknown registry key in ResourceKey[minecraft:root / minecraft:item]: irons_spellbooks:mithril_ingot; Failed to parse either. First: Not a json array: {""item"":""irons_spellbooks:shriving_stone""}; Second: No key tag in MapLike[{""item"":""irons_spellbooks:shriving_stone""}]; Unknown registry key in ResourceKey[minecraft:root / minecraft:item]: irons_spellbooks:shriving_stone; Failed to parse either. First: Not a json array: {""item"":""irons_spellbooks:arcane_ingot""}; Second: No key tag in MapLike[{""item"":""irons_spellbooks:arcane_ingot""}]; Unknown registry key in ResourceKey[minecraft:root / minecraft:item]: irons_spellbooks:arcane_ingot missed input: {""A"":{""item"":""irons_spellbooks:arcane_ingot""},""S"":{""item"":""irons_spellbooks:shriving_stone""},""M"":{""item"":""irons_spellbooks:mithril_ingot""}}","kubejs\data\createcybernetics\recipe\brainupgrades_spelljammer.json"
"createcybernetics:compat/farmersdelight/ground_offal_cuttingboard","createcybernetics-0.5.1-neoforge-1.21.1-HOTFIX.jar","data/createcybernetics/recipe/compat/farmersdelight/ground_offal_cuttingboard.json","suppressed","recipe targets disabled or unregistered compatibility content","Not a JSON object: ""farmersdelight:block.cutting_board.knife""; Not a JSON object: ""createcybernetics:ground_offal""","kubejs\data\createcybernetics\recipe\compat\farmersdelight\ground_offal_cuttingboard.json"
"createcybernetics:component_actuator","createcybernetics-0.5.1-neoforge-1.21.1-HOTFIX.jar","data/createcybernetics/recipe/component_actuator.json","suppressed","recipe targets disabled or unregistered compatibility content","Map entry 'S' : Failed to parse either. First: Not a json array: {""item"":""createcybernetics:component_titaniumrod""}; Second: No key tag in MapLike[{""item"":""createcybernetics:component_titaniumrod""}]; Unknown registry key in ResourceKey[minecraft:root / minecraft:item]: createcybernetics:component_titaniumrod","kubejs\data\createcybernetics\recipe\component_actuator.json"
"createcybernetics:component_diodes","createcybernetics-0.5.1-neoforge-1.21.1-HOTFIX.jar","data/createcybernetics/recipe/component_diodes.json","suppressed","recipe targets disabled or unregistered compatibility content","Map entry 'E' : Failed to parse either. First: Not a json array: {""item"":""createcybernetics:component_led""}; Second: No key tag in MapLike[{""item"":""createcybernetics:component_led""}]; Unknown registry key in ResourceKey[minecraft:root / minecraft:item]: createcybernetics:component_led","kubejs\data\createcybernetics\recipe\component_diodes.json"
"createcybernetics:component_graphicscard","createcybernetics-0.5.1-neoforge-1.21.1-HOTFIX.jar","data/createcybernetics/recipe/component_graphicscard.json","suppressed","recipe targets disabled or unregistered compatibility content","Map entry 'E' : Failed to parse either. First: Not a json array: {""item"":""createcybernetics:component_led""}; Second: No key tag in MapLike[{""item"":""createcybernetics:component_led""}]; Unknown registry key in ResourceKey[minecraft:root / minecraft:item]: createcybernetics:component_led","kubejs\data\createcybernetics\recipe\component_graphicscard.json"
"createcybernetics:component_led","createcybernetics-0.5.1-neoforge-1.21.1-HOTFIX.jar","data/createcybernetics/recipe/component_led.json","suppressed","recipe targets disabled or unregistered compatibility content","Unknown registry key in ResourceKey[minecraft:root / minecraft:item]: createcybernetics:component_led","kubejs\data\createcybernetics\recipe\component_led.json"
"createcybernetics:component_ssd","createcybernetics-0.5.1-neoforge-1.21.1-HOTFIX.jar","data/createcybernetics/recipe/component_ssd.json","suppressed","recipe targets disabled or unregistered compatibility content","Map entry 'E' : Failed to parse either. First: Not a json array: {""item"":""createcybernetics:component_led""}; Second: No key tag in MapLike[{""item"":""createcybernetics:component_led""}]; Unknown registry key in ResourceKey[minecraft:root / minecraft:item]: createcybernetics:component_led","kubejs\data\createcybernetics\recipe\component_ssd.json"
"createcybernetics:component_titaniumrod","createcybernetics-0.5.1-neoforge-1.21.1-HOTFIX.jar","data/createcybernetics/recipe/component_titaniumrod.json","suppressed","recipe targets disabled or unregistered compatibility content","Unknown registry key in ResourceKey[minecraft:root / minecraft:item]: createcybernetics:component_titaniumrod","kubejs\data\createcybernetics\recipe\component_titaniumrod.json"
"createcybernetics:cortical_stack_from_xp_capsule","createcybernetics-0.5.1-neoforge-1.21.1-HOTFIX.jar","data/createcybernetics/recipe/cortical_stack_from_xp_capsule.json","suppressed","recipe targets disabled or unregistered compatibility content","Unknown registry key in ResourceKey[minecraft:root / minecraft:item]: createcybernetics:brainupgrades_corticalstack","kubejs\data\createcybernetics\recipe\cortical_stack_from_xp_capsule.json"
"createcybernetics:create_boneupgrades_elytra","createcybernetics-0.5.1-neoforge-1.21.1-HOTFIX.jar","data/createcybernetics/recipe/create_boneupgrades_elytra.json","suppressed","recipe targets disabled or unregistered compatibility content","Unknown registry key in ResourceKey[minecraft:root / minecraft:item]: createcybernetics:boneupgrades_elytra","kubejs\data\createcybernetics\recipe\create_boneupgrades_elytra.json"
"createcybernetics:create_brainupgrades_consciousnesstransmitter","createcybernetics-0.5.1-neoforge-1.21.1-HOTFIX.jar","data/createcybernetics/recipe/create_brainupgrades_consciousnesstransmitter.json","suppressed","recipe targets disabled or unregistered compatibility content","Unknown registry key in ResourceKey[minecraft:root / minecraft:item]: createcybernetics:brainupgrades_consciousnesstransmitter","kubejs\data\createcybernetics\recipe\create_brainupgrades_consciousnesstransmitter.json"
"createcybernetics:create_brainupgrades_corticalstack","createcybernetics-0.5.1-neoforge-1.21.1-HOTFIX.jar","data/createcybernetics/recipe/create_brainupgrades_corticalstack.json","suppressed","recipe targets disabled or unregistered compatibility content","Unknown registry key in ResourceKey[minecraft:root / minecraft:item]: createcybernetics:brainupgrades_corticalstack; Map entry 'S' : Failed to parse either. First: Not a json array: {""item"":""create_enchantment_industry:experience_lantern""}; Second: No key tag in MapLike[{""item"":""create_enchantment_industry:experience_lantern""}]; Unknown registry key in ResourceKey[minecraft:root / minecraft:item]: create_enchantment_industry:experience_lantern","kubejs\data\createcybernetics\recipe\create_brainupgrades_corticalstack.json"
"createcybernetics:create_brainupgrades_spelljammer","createcybernetics-0.5.1-neoforge-1.21.1-HOTFIX.jar","data/createcybernetics/recipe/create_brainupgrades_spelljammer.json","suppressed","recipe targets disabled or unregistered compatibility content","Unknown registry key in ResourceKey[minecraft:root / minecraft:item]: createcybernetics:brainupgrades_spelljammer; Map entry 'A' : Failed to parse either. First: Not a json array: {""item"":""irons_spellbooks:arcane_ingot""}; Second: No key tag in MapLike[{""item"":""irons_spellbooks:arcane_ingot""}]; Unknown registry key in ResourceKey[minecraft:root / minecraft:item]: irons_spellbooks:arcane_ingot","kubejs\data\createcybernetics\recipe\create_brainupgrades_spelljammer.json"
"createcybernetics:create_eyeupgrades_multioptics4","createcybernetics-0.5.1-neoforge-1.21.1-HOTFIX.jar","data/createcybernetics/recipe/create_eyeupgrades_multioptics4.json","suppressed","recipe targets disabled or unregistered compatibility content","Pattern references symbol 'R' but it's not defined in the key","kubejs\data\createcybernetics\recipe\create_eyeupgrades_multioptics4.json"
"createcybernetics:create_organsupgrades_manabattery","createcybernetics-0.5.1-neoforge-1.21.1-HOTFIX.jar","data/createcybernetics/recipe/create_organsupgrades_manabattery.json","suppressed","recipe targets disabled or unregistered compatibility content","Unknown registry key in ResourceKey[minecraft:root / minecraft:item]: createcybernetics:organsupgrades_manabattery; Map entry 'G' : Failed to parse either. First: Not a json array: {""item"":""irons_spellbooks:mithril_ingot""}; Second: No key tag in MapLike[{""item"":""irons_spellbooks:mithril_ingot""}]; Unknown registry key in ResourceKey[minecraft:root / minecraft:item]: irons_spellbooks:mithril_ingot","kubejs\data\createcybernetics\recipe\create_organsupgrades_manabattery.json"
"createcybernetics:create_potion_autoinjector_by_spout","createcybernetics-0.5.1-neoforge-1.21.1-HOTFIX.jar","data/createcybernetics/recipe/create_potion_autoinjector_by_spout.json","suppressed","recipe targets disabled or unregistered compatibility content","Failed to parse either. First: No key amount in MapLike[{""item"":""createcybernetics:dynamic_potion_autoinjector""}]; No key id in MapLike[{""item"":""createcybernetics:dynamic_potion_autoinjector""}]; Second: Failed to parse either. First: No key id in MapLike[{""item"":""createcybernetics:dynamic_potion_autoinjector""}]; Second: Failed to parse either. First: Not a JSON object: ""createcybernetics:dynamic_potion_autoinjector""; Second: Compat cannot be deserialized","kubejs\data\createcybernetics\recipe\create_potion_autoinjector_by_spout.json"
"createcybernetics:create_skinupgrades_manaskin","createcybernetics-0.5.1-neoforge-1.21.1-HOTFIX.jar","data/createcybernetics/recipe/create_skinupgrades_manaskin.json","suppressed","recipe targets disabled or unregistered compatibility content","Unknown registry key in ResourceKey[minecraft:root / minecraft:item]: createcybernetics:skinupgrades_manaskin; Map entry 'P' : Failed to parse either. First: Not a json array: {""item"":""irons_spellbooks:arcane_ingot""}; Second: No key tag in MapLike[{""item"":""irons_spellbooks:arcane_ingot""}]; Unknown registry key in ResourceKey[minecraft:root / minecraft:item]: irons_spellbooks:arcane_ingot","kubejs\data\createcybernetics\recipe\create_skinupgrades_manaskin.json"
"createcybernetics:create_skinupgrades_sweat","createcybernetics-0.5.1-neoforge-1.21.1-HOTFIX.jar","data/createcybernetics/recipe/create_skinupgrades_sweat.json","suppressed","recipe targets disabled or unregistered compatibility content","Unknown registry key in ResourceKey[minecraft:root / minecraft:item]: createcybernetics:skinupgrades_sweat; Map entry 'T' : Failed to parse either. First: Not a json array: {""item"":""cold_sweat:thermometer""}; Second: No key tag in MapLike[{""item"":""cold_sweat:thermometer""}]; Unknown registry key in ResourceKey[minecraft:root / minecraft:item]: cold_sweat:thermometer","kubejs\data\createcybernetics\recipe\create_skinupgrades_sweat.json"
"createcybernetics:create_skinupgrades_ultraviolent","createcybernetics-0.5.1-neoforge-1.21.1-HOTFIX.jar","data/createcybernetics/recipe/create_skinupgrades_ultraviolent.json","suppressed","recipe targets disabled or unregistered compatibility content","Unknown registry key in ResourceKey[minecraft:root / minecraft:item]: createcybernetics:skinupgrades_ultraviolent","kubejs\data\createcybernetics\recipe\create_skinupgrades_ultraviolent.json"
"createcybernetics:crushed_consciousnesstransmitter","createcybernetics-0.5.1-neoforge-1.21.1-HOTFIX.jar","data/createcybernetics/recipe/crushed_consciousnesstransmitter.json","suppressed","recipe targets disabled or unregistered compatibility content","Failed to parse either. First: Failed to parse either. First: No key tag in MapLike[{""item"":""createcybernetics:brainupgrades_consciousnesstransmitter""}]; No key fluid in MapLike[{""item"":""createcybernetics:brainupgrades_consciousnesstransmitter""}]; Fluid ingredient cannot be empty, at least one item must be defined; No key children in MapLike[{""type"":""neoforge:compound"",""ingredients"":[{""item"":""createcybernetics:brainupgrades_consciousnesstransmitter""}]}]; Second: Failed to parse either. First: No key amount in MapLike[{""type"":""neoforge:compound"",""ingredients"":[{""item"":""createcybernetics:brainupgrades_consciousnesstransmitter""}]}]; No key fluid in MapLike[{""type"":""neoforge:compound"",""ingredients"":[{""item"":""createcybernetics:brainupgrades_consciousnesstransmitter""}]}]; Invalid Type: neoforge:compound; Second: No key amount in MapLike[{""type"":""neoforge:compound"",""ingredients"":[{""item"":""createcybernetics:brainupgrades_consciousnesstransmitter""}]}]; No key fluid_tag in MapLike[{""type"":""neoforge:compound"",""ingredients"":[{""item"":""createcybernetics:brainupgrades_consciousnesstransmitter""}]}]; Invalid Type: neoforge:compound; Second: Failed to parse either. First: Not a json array: {""type"":""neoforge:compound"",""ingredients"":[{""item"":""createcybernetics:brainupgrades_consciousnesstransmitter""}]}; Second: No key tag in MapLike[{""item"":""createcybernetics:brainupgrades_consciousnesstransmitter""}]; Unknown registry key in ResourceKey[minecraft:root / minecraft:item]: createcybernetics:brainupgrades_consciousnesstransmitter; Item array cannot be empty, at least one item must be defined; No key children in MapLike[{""type"":""neoforge:compound"",""ingredients"":[{""item"":""createcybernetics:brainupgrades_consciousnesstransmitter""}]}]","kubejs\data\createcybernetics\recipe\crushed_consciousnesstransmitter.json"
"createcybernetics:crushed_corticalstack","createcybernetics-0.5.1-neoforge-1.21.1-HOTFIX.jar","data/createcybernetics/recipe/crushed_corticalstack.json","suppressed","recipe targets disabled or unregistered compatibility content","Failed to parse either. First: Failed to parse either. First: No key tag in MapLike[{""item"":""createcybernetics:brainupgrades_corticalstack""}]; No key fluid in MapLike[{""item"":""createcybernetics:brainupgrades_corticalstack""}]; Fluid ingredient cannot be empty, at least one item must be defined; No key children in MapLike[{""type"":""neoforge:compound"",""ingredients"":[{""item"":""createcybernetics:brainupgrades_corticalstack""}]}]; Second: Failed to parse either. First: No key amount in MapLike[{""type"":""neoforge:compound"",""ingredients"":[{""item"":""createcybernetics:brainupgrades_corticalstack""}]}]; No key fluid in MapLike[{""type"":""neoforge:compound"",""ingredients"":[{""item"":""createcybernetics:brainupgrades_corticalstack""}]}]; Invalid Type: neoforge:compound; Second: No key amount in MapLike[{""type"":""neoforge:compound"",""ingredients"":[{""item"":""createcybernetics:brainupgrades_corticalstack""}]}]; No key fluid_tag in MapLike[{""type"":""neoforge:compound"",""ingredients"":[{""item"":""createcybernetics:brainupgrades_corticalstack""}]}]; Invalid Type: neoforge:compound; Second: Failed to parse either. First: Not a json array: {""type"":""neoforge:compound"",""ingredients"":[{""item"":""createcybernetics:brainupgrades_corticalstack""}]}; Second: No key tag in MapLike[{""item"":""createcybernetics:brainupgrades_corticalstack""}]; Unknown registry key in ResourceKey[minecraft:root / minecraft:item]: createcybernetics:brainupgrades_corticalstack; Item array cannot be empty, at least one item must be defined; No key children in MapLike[{""type"":""neoforge:compound"",""ingredients"":[{""item"":""createcybernetics:brainupgrades_corticalstack""}]}]","kubejs\data\createcybernetics\recipe\crushed_corticalstack.json"
"createcybernetics:crushed_elytra","createcybernetics-0.5.1-neoforge-1.21.1-HOTFIX.jar","data/createcybernetics/recipe/crushed_elytra.json","suppressed","recipe targets disabled or unregistered compatibility content","Failed to parse either. First: Failed to parse either. First: No key tag in MapLike[{""item"":""createcybernetics:boneupgrades_elytra""}]; No key fluid in MapLike[{""item"":""createcybernetics:boneupgrades_elytra""}]; Fluid ingredient cannot be empty, at least one item must be defined; No key children in MapLike[{""type"":""neoforge:compound"",""ingredients"":[{""item"":""createcybernetics:boneupgrades_elytra""}]}]; Second: Failed to parse either. First: No key amount in MapLike[{""type"":""neoforge:compound"",""ingredients"":[{""item"":""createcybernetics:boneupgrades_elytra""}]}]; No key fluid in MapLike[{""type"":""neoforge:compound"",""ingredients"":[{""item"":""createcybernetics:boneupgrades_elytra""}]}]; Invalid Type: neoforge:compound; Second: No key amount in MapLike[{""type"":""neoforge:compound"",""ingredients"":[{""item"":""createcybernetics:boneupgrades_elytra""}]}]; No key fluid_tag in MapLike[{""type"":""neoforge:compound"",""ingredients"":[{""item"":""createcybernetics:boneupgrades_elytra""}]}]; Invalid Type: neoforge:compound; Second: Failed to parse either. First: Not a json array: {""type"":""neoforge:compound"",""ingredients"":[{""item"":""createcybernetics:boneupgrades_elytra""}]}; Second: No key tag in MapLike[{""item"":""createcybernetics:boneupgrades_elytra""}]; Unknown registry key in ResourceKey[minecraft:root / minecraft:item]: createcybernetics:boneupgrades_elytra; Item array cannot be empty, at least one item must be defined; No key children in MapLike[{""type"":""neoforge:compound"",""ingredients"":[{""item"":""createcybernetics:boneupgrades_elytra""}]}]","kubejs\data\createcybernetics\recipe\crushed_elytra.json"
"createcybernetics:crushed_manabattery","createcybernetics-0.5.1-neoforge-1.21.1-HOTFIX.jar","data/createcybernetics/recipe/crushed_manabattery.json","suppressed","recipe targets disabled or unregistered compatibility content","Failed to parse either. First: Failed to parse either. First: No key tag in MapLike[{""item"":""createcybernetics:organsupgrades_manabattery""}]; No key fluid in MapLike[{""item"":""createcybernetics:organsupgrades_manabattery""}]; Fluid ingredient cannot be empty, at least one item must be defined; No key children in MapLike[{""type"":""neoforge:compound"",""ingredients"":[{""item"":""createcybernetics:organsupgrades_manabattery""}]}]; Second: Failed to parse either. First: No key amount in MapLike[{""type"":""neoforge:compound"",""ingredients"":[{""item"":""createcybernetics:organsupgrades_manabattery""}]}]; No key fluid in MapLike[{""type"":""neoforge:compound"",""ingredients"":[{""item"":""createcybernetics:organsupgrades_manabattery""}]}]; Invalid Type: neoforge:compound; Second: No key amount in MapLike[{""type"":""neoforge:compound"",""ingredients"":[{""item"":""createcybernetics:organsupgrades_manabattery""}]}]; No key fluid_tag in MapLike[{""type"":""neoforge:compound"",""ingredients"":[{""item"":""createcybernetics:organsupgrades_manabattery""}]}]; Invalid Type: neoforge:compound; Second: Failed to parse either. First: Not a json array: {""type"":""neoforge:compound"",""ingredients"":[{""item"":""createcybernetics:organsupgrades_manabattery""}]}; Second: No key tag in MapLike[{""item"":""createcybernetics:organsupgrades_manabattery""}]; Unknown registry key in ResourceKey[minecraft:root / minecraft:item]: createcybernetics:organsupgrades_manabattery; Item array cannot be empty, at least one item must be defined; No key children in MapLike[{""type"":""neoforge:compound"",""ingredients"":[{""item"":""createcybernetics:organsupgrades_manabattery""}]}]","kubejs\data\createcybernetics\recipe\crushed_manabattery.json"
"createcybernetics:crushed_manaskin","createcybernetics-0.5.1-neoforge-1.21.1-HOTFIX.jar","data/createcybernetics/recipe/crushed_manaskin.json","suppressed","recipe targets disabled or unregistered compatibility content","Failed to parse either. First: Failed to parse either. First: No key tag in MapLike[{""item"":""createcybernetics:skinupgrades_manaskin""}]; No key fluid in MapLike[{""item"":""createcybernetics:skinupgrades_manaskin""}]; Fluid ingredient cannot be empty, at least one item must be defined; No key children in MapLike[{""type"":""neoforge:compound"",""ingredients"":[{""item"":""createcybernetics:skinupgrades_manaskin""}]}]; Second: Failed to parse either. First: No key amount in MapLike[{""type"":""neoforge:compound"",""ingredients"":[{""item"":""createcybernetics:skinupgrades_manaskin""}]}]; No key fluid in MapLike[{""type"":""neoforge:compound"",""ingredients"":[{""item"":""createcybernetics:skinupgrades_manaskin""}]}]; Invalid Type: neoforge:compound; Second: No key amount in MapLike[{""type"":""neoforge:compound"",""ingredients"":[{""item"":""createcybernetics:skinupgrades_manaskin""}]}]; No key fluid_tag in MapLike[{""type"":""neoforge:compound"",""ingredients"":[{""item"":""createcybernetics:skinupgrades_manaskin""}]}]; Invalid Type: neoforge:compound; Second: Failed to parse either. First: Not a json array: {""type"":""neoforge:compound"",""ingredients"":[{""item"":""createcybernetics:skinupgrades_manaskin""}]}; Second: No key tag in MapLike[{""item"":""createcybernetics:skinupgrades_manaskin""}]; Unknown registry key in ResourceKey[minecraft:root / minecraft:item]: createcybernetics:skinupgrades_manaskin; Item array cannot be empty, at least one item must be defined; No key children in MapLike[{""type"":""neoforge:compound"",""ingredients"":[{""item"":""createcybernetics:skinupgrades_manaskin""}]}]","kubejs\data\createcybernetics\recipe\crushed_manaskin.json"
"createcybernetics:crushed_scavenged_consciousnesstransmitter","createcybernetics-0.5.1-neoforge-1.21.1-HOTFIX.jar","data/createcybernetics/recipe/crushed_scavenged_consciousnesstransmitter.json","suppressed","recipe targets disabled or unregistered compatibility content","Failed to parse either. First: Failed to parse either. First: No key tag in MapLike[{""item"":""createcybernetics:scavenged_consciousnesstransmitter""}]; No key fluid in MapLike[{""item"":""createcybernetics:scavenged_consciousnesstransmitter""}]; Fluid ingredient cannot be empty, at least one item must be defined; No key children in MapLike[{""type"":""neoforge:compound"",""ingredients"":[{""item"":""createcybernetics:scavenged_consciousnesstransmitter""}]}]; Second: Failed to parse either. First: No key amount in MapLike[{""type"":""neoforge:compound"",""ingredients"":[{""item"":""createcybernetics:scavenged_consciousnesstransmitter""}]}]; No key fluid in MapLike[{""type"":""neoforge:compound"",""ingredients"":[{""item"":""createcybernetics:scavenged_consciousnesstransmitter""}]}]; Invalid Type: neoforge:compound; Second: No key amount in MapLike[{""type"":""neoforge:compound"",""ingredients"":[{""item"":""createcybernetics:scavenged_consciousnesstransmitter""}]}]; No key fluid_tag in MapLike[{""type"":""neoforge:compound"",""ingredients"":[{""item"":""createcybernetics:scavenged_consciousnesstransmitter""}]}]; Invalid Type: neoforge:compound; Second: Failed to parse either. First: Not a json array: {""type"":""neoforge:compound"",""ingredients"":[{""item"":""createcybernetics:scavenged_consciousnesstransmitter""}]}; Second: No key tag in MapLike[{""item"":""createcybernetics:scavenged_consciousnesstransmitter""}]; Unknown registry key in ResourceKey[minecraft:root / minecraft:item]: createcybernetics:scavenged_consciousnesstransmitter; Item array cannot be empty, at least one item must be defined; No key children in MapLike[{""type"":""neoforge:compound"",""ingredients"":[{""item"":""createcybernetics:scavenged_consciousnesstransmitter""}]}]","kubejs\data\createcybernetics\recipe\crushed_scavenged_consciousnesstransmitter.json"
"createcybernetics:crushed_scavenged_corticalstack","createcybernetics-0.5.1-neoforge-1.21.1-HOTFIX.jar","data/createcybernetics/recipe/crushed_scavenged_corticalstack.json","suppressed","recipe targets disabled or unregistered compatibility content","Failed to parse either. First: Failed to parse either. First: No key tag in MapLike[{""item"":""createcybernetics:scavenged_corticalstack""}]; No key fluid in MapLike[{""item"":""createcybernetics:scavenged_corticalstack""}]; Fluid ingredient cannot be empty, at least one item must be defined; No key children in MapLike[{""type"":""neoforge:compound"",""ingredients"":[{""item"":""createcybernetics:scavenged_corticalstack""}]}]; Second: Failed to parse either. First: No key amount in MapLike[{""type"":""neoforge:compound"",""ingredients"":[{""item"":""createcybernetics:scavenged_corticalstack""}]}]; No key fluid in MapLike[{""type"":""neoforge:compound"",""ingredients"":[{""item"":""createcybernetics:scavenged_corticalstack""}]}]; Invalid Type: neoforge:compound; Second: No key amount in MapLike[{""type"":""neoforge:compound"",""ingredients"":[{""item"":""createcybernetics:scavenged_corticalstack""}]}]; No key fluid_tag in MapLike[{""type"":""neoforge:compound"",""ingredients"":[{""item"":""createcybernetics:scavenged_corticalstack""}]}]; Invalid Type: neoforge:compound; Second: Failed to parse either. First: Not a json array: {""type"":""neoforge:compound"",""ingredients"":[{""item"":""createcybernetics:scavenged_corticalstack""}]}; Second: No key tag in MapLike[{""item"":""createcybernetics:scavenged_corticalstack""}]; Unknown registry key in ResourceKey[minecraft:root / minecraft:item]: createcybernetics:scavenged_corticalstack; Item array cannot be empty, at least one item must be defined; No key children in MapLike[{""type"":""neoforge:compound"",""ingredients"":[{""item"":""createcybernetics:scavenged_corticalstack""}]}]","kubejs\data\createcybernetics\recipe\crushed_scavenged_corticalstack.json"
"createcybernetics:crushed_scavenged_elytra","createcybernetics-0.5.1-neoforge-1.21.1-HOTFIX.jar","data/createcybernetics/recipe/crushed_scavenged_elytra.json","suppressed","recipe targets disabled or unregistered compatibility content","Failed to parse either. First: Failed to parse either. First: No key tag in MapLike[{""item"":""createcybernetics:scavenged_elytra""}]; No key fluid in MapLike[{""item"":""createcybernetics:scavenged_elytra""}]; Fluid ingredient cannot be empty, at least one item must be defined; No key children in MapLike[{""type"":""neoforge:compound"",""ingredients"":[{""item"":""createcybernetics:scavenged_elytra""}]}]; Second: Failed to parse either. First: No key amount in MapLike[{""type"":""neoforge:compound"",""ingredients"":[{""item"":""createcybernetics:scavenged_elytra""}]}]; No key fluid in MapLike[{""type"":""neoforge:compound"",""ingredients"":[{""item"":""createcybernetics:scavenged_elytra""}]}]; Invalid Type: neoforge:compound; Second: No key amount in MapLike[{""type"":""neoforge:compound"",""ingredients"":[{""item"":""createcybernetics:scavenged_elytra""}]}]; No key fluid_tag in MapLike[{""type"":""neoforge:compound"",""ingredients"":[{""item"":""createcybernetics:scavenged_elytra""}]}]; Invalid Type: neoforge:compound; Second: Failed to parse either. First: Not a json array: {""type"":""neoforge:compound"",""ingredients"":[{""item"":""createcybernetics:scavenged_elytra""}]}; Second: No key tag in MapLike[{""item"":""createcybernetics:scavenged_elytra""}]; Unknown registry key in ResourceKey[minecraft:root / minecraft:item]: createcybernetics:scavenged_elytra; Item array cannot be empty, at least one item must be defined; No key children in MapLike[{""type"":""neoforge:compound"",""ingredients"":[{""item"":""createcybernetics:scavenged_elytra""}]}]","kubejs\data\createcybernetics\recipe\crushed_scavenged_elytra.json"
"createcybernetics:crushed_scavenged_manabattery","createcybernetics-0.5.1-neoforge-1.21.1-HOTFIX.jar","data/createcybernetics/recipe/crushed_scavenged_manabattery.json","suppressed","recipe targets disabled or unregistered compatibility content","Failed to parse either. First: Failed to parse either. First: No key tag in MapLike[{""item"":""createcybernetics:scavenged_manabattery""}]; No key fluid in MapLike[{""item"":""createcybernetics:scavenged_manabattery""}]; Fluid ingredient cannot be empty, at least one item must be defined; No key children in MapLike[{""type"":""neoforge:compound"",""ingredients"":[{""item"":""createcybernetics:scavenged_manabattery""}]}]; Second: Failed to parse either. First: No key amount in MapLike[{""type"":""neoforge:compound"",""ingredients"":[{""item"":""createcybernetics:scavenged_manabattery""}]}]; No key fluid in MapLike[{""type"":""neoforge:compound"",""ingredients"":[{""item"":""createcybernetics:scavenged_manabattery""}]}]; Invalid Type: neoforge:compound; Second: No key amount in MapLike[{""type"":""neoforge:compound"",""ingredients"":[{""item"":""createcybernetics:scavenged_manabattery""}]}]; No key fluid_tag in MapLike[{""type"":""neoforge:compound"",""ingredients"":[{""item"":""createcybernetics:scavenged_manabattery""}]}]; Invalid Type: neoforge:compound; Second: Failed to parse either. First: Not a json array: {""type"":""neoforge:compound"",""ingredients"":[{""item"":""createcybernetics:scavenged_manabattery""}]}; Second: No key tag in MapLike[{""item"":""createcybernetics:scavenged_manabattery""}]; Unknown registry key in ResourceKey[minecraft:root / minecraft:item]: createcybernetics:scavenged_manabattery; Item array cannot be empty, at least one item must be defined; No key children in MapLike[{""type"":""neoforge:compound"",""ingredients"":[{""item"":""createcybernetics:scavenged_manabattery""}]}]","kubejs\data\createcybernetics\recipe\crushed_scavenged_manabattery.json"
"createcybernetics:crushed_scavenged_manaskin","createcybernetics-0.5.1-neoforge-1.21.1-HOTFIX.jar","data/createcybernetics/recipe/crushed_scavenged_manaskin.json","suppressed","recipe targets disabled or unregistered compatibility content","Failed to parse either. First: Failed to parse either. First: No key tag in MapLike[{""item"":""createcybernetics:scavenged_manaskin""}]; No key fluid in MapLike[{""item"":""createcybernetics:scavenged_manaskin""}]; Fluid ingredient cannot be empty, at least one item must be defined; No key children in MapLike[{""type"":""neoforge:compound"",""ingredients"":[{""item"":""createcybernetics:scavenged_manaskin""}]}]; Second: Failed to parse either. First: No key amount in MapLike[{""type"":""neoforge:compound"",""ingredients"":[{""item"":""createcybernetics:scavenged_manaskin""}]}]; No key fluid in MapLike[{""type"":""neoforge:compound"",""ingredients"":[{""item"":""createcybernetics:scavenged_manaskin""}]}]; Invalid Type: neoforge:compound; Second: No key amount in MapLike[{""type"":""neoforge:compound"",""ingredients"":[{""item"":""createcybernetics:scavenged_manaskin""}]}]; No key fluid_tag in MapLike[{""type"":""neoforge:compound"",""ingredients"":[{""item"":""createcybernetics:scavenged_manaskin""}]}]; Invalid Type: neoforge:compound; Second: Failed to parse either. First: Not a json array: {""type"":""neoforge:compound"",""ingredients"":[{""item"":""createcybernetics:scavenged_manaskin""}]}; Second: No key tag in MapLike[{""item"":""createcybernetics:scavenged_manaskin""}]; Unknown registry key in ResourceKey[minecraft:root / minecraft:item]: createcybernetics:scavenged_manaskin; Item array cannot be empty, at least one item must be defined; No key children in MapLike[{""type"":""neoforge:compound"",""ingredients"":[{""item"":""createcybernetics:scavenged_manaskin""}]}]","kubejs\data\createcybernetics\recipe\crushed_scavenged_manaskin.json"
"createcybernetics:crushed_scavenged_spelljammer","createcybernetics-0.5.1-neoforge-1.21.1-HOTFIX.jar","data/createcybernetics/recipe/crushed_scavenged_spelljammer.json","suppressed","recipe targets disabled or unregistered compatibility content","Failed to parse either. First: Failed to parse either. First: No key tag in MapLike[{""item"":""createcybernetics:scavenged_spelljammer""}]; No key fluid in MapLike[{""item"":""createcybernetics:scavenged_spelljammer""}]; Fluid ingredient cannot be empty, at least one item must be defined; No key children in MapLike[{""type"":""neoforge:compound"",""ingredients"":[{""item"":""createcybernetics:scavenged_spelljammer""}]}]; Second: Failed to parse either. First: No key amount in MapLike[{""type"":""neoforge:compound"",""ingredients"":[{""item"":""createcybernetics:scavenged_spelljammer""}]}]; No key fluid in MapLike[{""type"":""neoforge:compound"",""ingredients"":[{""item"":""createcybernetics:scavenged_spelljammer""}]}]; Invalid Type: neoforge:compound; Second: No key amount in MapLike[{""type"":""neoforge:compound"",""ingredients"":[{""item"":""createcybernetics:scavenged_spelljammer""}]}]; No key fluid_tag in MapLike[{""type"":""neoforge:compound"",""ingredients"":[{""item"":""createcybernetics:scavenged_spelljammer""}]}]; Invalid Type: neoforge:compound; Second: Failed to parse either. First: Not a json array: {""type"":""neoforge:compound"",""ingredients"":[{""item"":""createcybernetics:scavenged_spelljammer""}]}; Second: No key tag in MapLike[{""item"":""createcybernetics:scavenged_spelljammer""}]; Unknown registry key in ResourceKey[minecraft:root / minecraft:item]: createcybernetics:scavenged_spelljammer; Item array cannot be empty, at least one item must be defined; No key children in MapLike[{""type"":""neoforge:compound"",""ingredients"":[{""item"":""createcybernetics:scavenged_spelljammer""}]}]","kubejs\data\createcybernetics\recipe\crushed_scavenged_spelljammer.json"
"createcybernetics:crushed_scavenged_sweat","createcybernetics-0.5.1-neoforge-1.21.1-HOTFIX.jar","data/createcybernetics/recipe/crushed_scavenged_sweat.json","suppressed","recipe targets disabled or unregistered compatibility content","Failed to parse either. First: Failed to parse either. First: No key tag in MapLike[{""item"":""createcybernetics:scavenged_sweat""}]; No key fluid in MapLike[{""item"":""createcybernetics:scavenged_sweat""}]; Fluid ingredient cannot be empty, at least one item must be defined; No key children in MapLike[{""type"":""neoforge:compound"",""ingredients"":[{""item"":""createcybernetics:scavenged_sweat""}]}]; Second: Failed to parse either. First: No key amount in MapLike[{""type"":""neoforge:compound"",""ingredients"":[{""item"":""createcybernetics:scavenged_sweat""}]}]; No key fluid in MapLike[{""type"":""neoforge:compound"",""ingredients"":[{""item"":""createcybernetics:scavenged_sweat""}]}]; Invalid Type: neoforge:compound; Second: No key amount in MapLike[{""type"":""neoforge:compound"",""ingredients"":[{""item"":""createcybernetics:scavenged_sweat""}]}]; No key fluid_tag in MapLike[{""type"":""neoforge:compound"",""ingredients"":[{""item"":""createcybernetics:scavenged_sweat""}]}]; Invalid Type: neoforge:compound; Second: Failed to parse either. First: Not a json array: {""type"":""neoforge:compound"",""ingredients"":[{""item"":""createcybernetics:scavenged_sweat""}]}; Second: No key tag in MapLike[{""item"":""createcybernetics:scavenged_sweat""}]; Unknown registry key in ResourceKey[minecraft:root / minecraft:item]: createcybernetics:scavenged_sweat; Item array cannot be empty, at least one item must be defined; No key children in MapLike[{""type"":""neoforge:compound"",""ingredients"":[{""item"":""createcybernetics:scavenged_sweat""}]}]","kubejs\data\createcybernetics\recipe\crushed_scavenged_sweat.json"
"createcybernetics:crushed_spelljammer","createcybernetics-0.5.1-neoforge-1.21.1-HOTFIX.jar","data/createcybernetics/recipe/crushed_spelljammer.json","suppressed","recipe targets disabled or unregistered compatibility content","Failed to parse either. First: Failed to parse either. First: No key tag in MapLike[{""item"":""createcybernetics:brainupgrades_spelljammer""}]; No key fluid in MapLike[{""item"":""createcybernetics:brainupgrades_spelljammer""}]; Fluid ingredient cannot be empty, at least one item must be defined; No key children in MapLike[{""type"":""neoforge:compound"",""ingredients"":[{""item"":""createcybernetics:brainupgrades_spelljammer""}]}]; Second: Failed to parse either. First: No key amount in MapLike[{""type"":""neoforge:compound"",""ingredients"":[{""item"":""createcybernetics:brainupgrades_spelljammer""}]}]; No key fluid in MapLike[{""type"":""neoforge:compound"",""ingredients"":[{""item"":""createcybernetics:brainupgrades_spelljammer""}]}]; Invalid Type: neoforge:compound; Second: No key amount in MapLike[{""type"":""neoforge:compound"",""ingredients"":[{""item"":""createcybernetics:brainupgrades_spelljammer""}]}]; No key fluid_tag in MapLike[{""type"":""neoforge:compound"",""ingredients"":[{""item"":""createcybernetics:brainupgrades_spelljammer""}]}]; Invalid Type: neoforge:compound; Second: Failed to parse either. First: Not a json array: {""type"":""neoforge:compound"",""ingredients"":[{""item"":""createcybernetics:brainupgrades_spelljammer""}]}; Second: No key tag in MapLike[{""item"":""createcybernetics:brainupgrades_spelljammer""}]; Unknown registry key in ResourceKey[minecraft:root / minecraft:item]: createcybernetics:brainupgrades_spelljammer; Item array cannot be empty, at least one item must be defined; No key children in MapLike[{""type"":""neoforge:compound"",""ingredients"":[{""item"":""createcybernetics:brainupgrades_spelljammer""}]}]","kubejs\data\createcybernetics\recipe\crushed_spelljammer.json"
"createcybernetics:crushed_sweat","createcybernetics-0.5.1-neoforge-1.21.1-HOTFIX.jar","data/createcybernetics/recipe/crushed_sweat.json","suppressed","recipe targets disabled or unregistered compatibility content","Failed to parse either. First: Failed to parse either. First: No key tag in MapLike[{""item"":""createcybernetics:skinupgrades_sweat""}]; No key fluid in MapLike[{""item"":""createcybernetics:skinupgrades_sweat""}]; Fluid ingredient cannot be empty, at least one item must be defined; No key children in MapLike[{""type"":""neoforge:compound"",""ingredients"":[{""item"":""createcybernetics:skinupgrades_sweat""}]}]; Second: Failed to parse either. First: No key amount in MapLike[{""type"":""neoforge:compound"",""ingredients"":[{""item"":""createcybernetics:skinupgrades_sweat""}]}]; No key fluid in MapLike[{""type"":""neoforge:compound"",""ingredients"":[{""item"":""createcybernetics:skinupgrades_sweat""}]}]; Invalid Type: neoforge:compound; Second: No key amount in MapLike[{""type"":""neoforge:compound"",""ingredients"":[{""item"":""createcybernetics:skinupgrades_sweat""}]}]; No key fluid_tag in MapLike[{""type"":""neoforge:compound"",""ingredients"":[{""item"":""createcybernetics:skinupgrades_sweat""}]}]; Invalid Type: neoforge:compound; Second: Failed to parse either. First: Not a json array: {""type"":""neoforge:compound"",""ingredients"":[{""item"":""createcybernetics:skinupgrades_sweat""}]}; Second: No key tag in MapLike[{""item"":""createcybernetics:skinupgrades_sweat""}]; Unknown registry key in ResourceKey[minecraft:root / minecraft:item]: createcybernetics:skinupgrades_sweat; Item array cannot be empty, at least one item must be defined; No key children in MapLike[{""type"":""neoforge:compound"",""ingredients"":[{""item"":""createcybernetics:skinupgrades_sweat""}]}]","kubejs\data\createcybernetics\recipe\crushed_sweat.json"
"createcybernetics:crushed_ultraviolent","createcybernetics-0.5.1-neoforge-1.21.1-HOTFIX.jar","data/createcybernetics/recipe/crushed_ultraviolent.json","suppressed","recipe targets disabled or unregistered compatibility content","Failed to parse either. First: Failed to parse either. First: No key tag in MapLike[{""item"":""createcybernetics:skinupgrades_ultraviolent""}]; No key fluid in MapLike[{""item"":""createcybernetics:skinupgrades_ultraviolent""}]; Fluid ingredient cannot be empty, at least one item must be defined; No key children in MapLike[{""type"":""neoforge:compound"",""ingredients"":[{""item"":""createcybernetics:skinupgrades_ultraviolent""}]}]; Second: Failed to parse either. First: No key amount in MapLike[{""type"":""neoforge:compound"",""ingredients"":[{""item"":""createcybernetics:skinupgrades_ultraviolent""}]}]; No key fluid in MapLike[{""type"":""neoforge:compound"",""ingredients"":[{""item"":""createcybernetics:skinupgrades_ultraviolent""}]}]; Invalid Type: neoforge:compound; Second: No key amount in MapLike[{""type"":""neoforge:compound"",""ingredients"":[{""item"":""createcybernetics:skinupgrades_ultraviolent""}]}]; No key fluid_tag in MapLike[{""type"":""neoforge:compound"",""ingredients"":[{""item"":""createcybernetics:skinupgrades_ultraviolent""}]}]; Invalid Type: neoforge:compound; Second: Failed to parse either. First: Not a json array: {""type"":""neoforge:compound"",""ingredients"":[{""item"":""createcybernetics:skinupgrades_ultraviolent""}]}; Second: No key tag in MapLike[{""item"":""createcybernetics:skinupgrades_ultraviolent""}]; Unknown registry key in ResourceKey[minecraft:root / minecraft:item]: createcybernetics:skinupgrades_ultraviolent; Item array cannot be empty, at least one item must be defined; No key children in MapLike[{""type"":""neoforge:compound"",""ingredients"":[{""item"":""createcybernetics:skinupgrades_ultraviolent""}]}]","kubejs\data\createcybernetics\recipe\crushed_ultraviolent.json"
"createcybernetics:eyeupgrades_multioptics4_createpresent","createcybernetics-0.5.1-neoforge-1.21.1-HOTFIX.jar","data/createcybernetics/recipe/eyeupgrades_multioptics4_createpresent.json","suppressed","recipe targets disabled or unregistered compatibility content","java.lang.IllegalArgumentException: Pattern uses symbol 'R' but it is not defined in key.","kubejs\data\createcybernetics\recipe\eyeupgrades_multioptics4_createpresent.json"
"createcybernetics:hexcore","createcybernetics-0.5.1-neoforge-1.21.1-HOTFIX.jar","data/createcybernetics/recipe/hexcore.json","suppressed","recipe targets disabled or unregistered compatibility content","Unknown registry key in ResourceKey[minecraft:root / minecraft:item]: createcybernetics:hexcore; Failed to parse either. First: Not a json array: {""item"":""irons_spellbooks:arcane_essence""}; Second: No key tag in MapLike[{""item"":""irons_spellbooks:arcane_essence""}]; Unknown registry key in ResourceKey[minecraft:root / minecraft:item]: irons_spellbooks:arcane_essence; Failed to parse either. First: Not a json array: {""item"":""irons_spellbooks:arcane_ingot""}; Second: No key tag in MapLike[{""item"":""irons_spellbooks:arcane_ingot""}]; Unknown registry key in ResourceKey[minecraft:root / minecraft:item]: irons_spellbooks:arcane_ingot; Failed to parse either. First: Not a json array: {""item"":""irons_spellbooks:energized_core""}; Second: No key tag in MapLike[{""item"":""irons_spellbooks:energized_core""}]; Unknown registry key in ResourceKey[minecraft:root / minecraft:item]: irons_spellbooks:energized_core missed input: {""X"":{""item"":""irons_spellbooks:energized_core""},""A"":{""item"":""irons_spellbooks:arcane_ingot""},""E"":{""item"":""irons_spellbooks:arcane_essence""}}","kubejs\data\createcybernetics\recipe\hexcore.json"
"createcybernetics:northstar_titanium_block_to_titanium_block_blasting","createcybernetics-0.5.1-neoforge-1.21.1-HOTFIX.jar","data/createcybernetics/recipe/northstar_titanium_block_to_titanium_block_blasting.json","suppressed","recipe targets disabled or unregistered compatibility content","Failed to parse either. First: Not a json array: {""item"":""northstar:titanium_block""}; Second: No key tag in MapLike[{""item"":""northstar:titanium_block""}]; Unknown registry key in ResourceKey[minecraft:root / minecraft:item]: northstar:titanium_block","kubejs\data\createcybernetics\recipe\northstar_titanium_block_to_titanium_block_blasting.json"
"createcybernetics:northstar_titanium_to_titanium_blasting","createcybernetics-0.5.1-neoforge-1.21.1-HOTFIX.jar","data/createcybernetics/recipe/northstar_titanium_to_titanium_blasting.json","suppressed","recipe targets disabled or unregistered compatibility content","Failed to parse either. First: Not a json array: {""item"":""northstar:titanium_ingot""}; Second: No key tag in MapLike[{""item"":""northstar:titanium_ingot""}]; Unknown registry key in ResourceKey[minecraft:root / minecraft:item]: northstar:titanium_ingot","kubejs\data\createcybernetics\recipe\northstar_titanium_to_titanium_blasting.json"
"createcybernetics:organsupgrades_manabattery","createcybernetics-0.5.1-neoforge-1.21.1-HOTFIX.jar","data/createcybernetics/recipe/organsupgrades_manabattery.json","suppressed","recipe targets disabled or unregistered compatibility content","Unknown registry key in ResourceKey[minecraft:root / minecraft:item]: createcybernetics:organsupgrades_manabattery; Failed to parse either. First: Not a json array: {""item"":""irons_spellbooks:arcane_ingot""}; Second: No key tag in MapLike[{""item"":""irons_spellbooks:arcane_ingot""}]; Unknown registry key in ResourceKey[minecraft:root / minecraft:item]: irons_spellbooks:arcane_ingot; Failed to parse either. First: Not a json array: {""item"":""irons_spellbooks:mana_upgrade_orb""}; Second: No key tag in MapLike[{""item"":""irons_spellbooks:mana_upgrade_orb""}]; Unknown registry key in ResourceKey[minecraft:root / minecraft:item]: irons_spellbooks:mana_upgrade_orb; Failed to parse either. First: Not a json array: {""item"":""irons_spellbooks:arcane_rune""}; Second: No key tag in MapLike[{""item"":""irons_spellbooks:arcane_rune""}]; Unknown registry key in ResourceKey[minecraft:root / minecraft:item]: irons_spellbooks:arcane_rune; Failed to parse either. First: Not a json array: {""item"":""irons_spellbooks:mithril_ingot""}; Second: No key tag in MapLike[{""item"":""irons_spellbooks:mithril_ingot""}]; Unknown registry key in ResourceKey[minecraft:root / minecraft:item]: irons_spellbooks:mithril_ingot missed input: {""G"":{""item"":""irons_spellbooks:mithril_ingot""},""R"":{""item"":""irons_spellbooks:arcane_rune""},""O"":{""item"":""irons_spellbooks:mana_upgrade_orb""},""P"":{""item"":""irons_spellbooks:arcane_ingot""}}","kubejs\data\createcybernetics\recipe\organsupgrades_manabattery.json"
"createcybernetics:skinupgrades_manaskin","createcybernetics-0.5.1-neoforge-1.21.1-HOTFIX.jar","data/createcybernetics/recipe/skinupgrades_manaskin.json","suppressed","recipe targets disabled or unregistered compatibility content","Unknown registry key in ResourceKey[minecraft:root / minecraft:item]: createcybernetics:skinupgrades_manaskin; Failed to parse either. First: Not a json array: {""item"":""irons_spellbooks:lightning_bottle""}; Second: No key tag in MapLike[{""item"":""irons_spellbooks:lightning_bottle""}]; Unknown registry key in ResourceKey[minecraft:root / minecraft:item]: irons_spellbooks:lightning_bottle; Failed to parse either. First: Not a json array: {""item"":""irons_spellbooks:mithril_ingot""}; Second: No key tag in MapLike[{""item"":""irons_spellbooks:mithril_ingot""}]; Unknown registry key in ResourceKey[minecraft:root / minecraft:item]: irons_spellbooks:mithril_ingot; Failed to parse either. First: Not a json array: {""item"":""irons_spellbooks:arcane_ingot""}; Second: No key tag in MapLike[{""item"":""irons_spellbooks:arcane_ingot""}]; Unknown registry key in ResourceKey[minecraft:root / minecraft:item]: irons_spellbooks:arcane_ingot missed input: {""P"":{""item"":""irons_spellbooks:arcane_ingot""},""A"":{""item"":""irons_spellbooks:mithril_ingot""},""B"":{""item"":""irons_spellbooks:lightning_bottle""}}","kubejs\data\createcybernetics\recipe\skinupgrades_manaskin.json"
"createcybernetics:skinupgrades_sweat_createpresent","createcybernetics-0.5.1-neoforge-1.21.1-HOTFIX.jar","data/createcybernetics/recipe/skinupgrades_sweat_createpresent.json","suppressed","recipe targets disabled or unregistered compatibility content","Unknown registry key in ResourceKey[minecraft:root / minecraft:item]: createcybernetics:skinupgrades_sweat; Failed to parse either. First: Not a json array: {""item"":""cold_sweat:thermometer""}; Second: No key tag in MapLike[{""item"":""cold_sweat:thermometer""}]; Unknown registry key in ResourceKey[minecraft:root / minecraft:item]: cold_sweat:thermometer missed input: {""T"":{""item"":""cold_sweat:thermometer""}}","kubejs\data\createcybernetics\recipe\skinupgrades_sweat_createpresent.json"
"createcybernetics:skinupgrades_syntheticsetules","createcybernetics-0.5.1-neoforge-1.21.1-HOTFIX.jar","data/createcybernetics/recipe/skinupgrades_syntheticsetules.json","suppressed","recipe targets disabled or unregistered compatibility content","No key result in MapLike[{""type"":""createcybernetics:engineering_table"",""accept_mirrored"":true,""category"":""misc"",""key"":{""item"":""createcybernetics:titaniumnugget""},""N"":{""item"":""createcybernetics:component_synthnerves""},""S"":{""item"":""createcybernetics:skinupgrades_synthskin""}}]; Failed to parse either. First: Not a json array: ""createcybernetics:titaniumnugget""; Second: Not a JSON object: ""createcybernetics:titaniumnugget"" missed input: {""item"":""createcybernetics:titaniumnugget""}; No key pattern in MapLike[{""type"":""createcybernetics:engineering_table"",""accept_mirrored"":true,""category"":""misc"",""key"":{""item"":""createcybernetics:titaniumnugget""},""N"":{""item"":""createcybernetics:component_synthnerves""},""S"":{""item"":""createcybernetics:skinupgrades_synthskin""}}]","kubejs\data\createcybernetics\recipe\skinupgrades_syntheticsetules.json"
"createcybernetics:skinupgrades_ultraviolent_createpresent","createcybernetics-0.5.1-neoforge-1.21.1-HOTFIX.jar","data/createcybernetics/recipe/skinupgrades_ultraviolent_createpresent.json","suppressed","recipe targets disabled or unregistered compatibility content","Unknown registry key in ResourceKey[minecraft:root / minecraft:item]: createcybernetics:skinupgrades_ultraviolent","kubejs\data\createcybernetics\recipe\skinupgrades_ultraviolent_createpresent.json"
"createcybernetics:surgical_titanium_to_northstar_titanium","createcybernetics-0.5.1-neoforge-1.21.1-HOTFIX.jar","data/createcybernetics/recipe/surgical_titanium_to_northstar_titanium.json","suppressed","recipe targets disabled or unregistered compatibility content","Unknown registry key in ResourceKey[minecraft:root / minecraft:item]: northstar:titanium_ingot","kubejs\data\createcybernetics\recipe\surgical_titanium_to_northstar_titanium.json"
"createoritechcompat:crushing/biomass","createoritechcompat-1.20.1-1.0.jar","data/createoritechcompat/recipe/crushing/biomass.json","repaired","1.20 output schema in 1.21.1","Failed to parse either. First: No key amount in MapLike[{""count"":1,""item"":""oritech:biomass""}]; No key id in MapLike[{""count"":1,""item"":""oritech:biomass""}]; Second: Failed to parse either. First: No key id in MapLike[{""count"":1,""item"":""oritech:biomass""}]; Second: Failed to parse either. First: Not a JSON object: ""oritech:biomass""; Second: Compat cannot be deserialized","kubejs\data\createoritechcompat\recipe\crushing\biomass.json"
"createoritechcompat:crushing/biomass_from_hay_block","createoritechcompat-1.20.1-1.0.jar","data/createoritechcompat/recipe/crushing/biomass_from_hay_block.json","repaired","1.20 output schema in 1.21.1","Failed to parse either. First: No key amount in MapLike[{""count"":16,""item"":""oritech:biomass""}]; No key id in MapLike[{""count"":16,""item"":""oritech:biomass""}]; Second: Failed to parse either. First: No key id in MapLike[{""count"":16,""item"":""oritech:biomass""}]; Second: Failed to parse either. First: Not a JSON object: ""oritech:biomass""; Second: Compat cannot be deserialized","kubejs\data\createoritechcompat\recipe\crushing\biomass_from_hay_block.json"
"createoritechcompat:crushing/biomass_from_packed_wheat","createoritechcompat-1.20.1-1.0.jar","data/createoritechcompat/recipe/crushing/biomass_from_packed_wheat.json","repaired","1.20 output schema in 1.21.1","Failed to parse either. First: No key amount in MapLike[{""count"":16,""item"":""oritech:biomass""}]; No key id in MapLike[{""count"":16,""item"":""oritech:biomass""}]; Second: Failed to parse either. First: No key id in MapLike[{""count"":16,""item"":""oritech:biomass""}]; Second: Failed to parse either. First: Not a JSON object: ""oritech:biomass""; Second: Compat cannot be deserialized","kubejs\data\createoritechcompat\recipe\crushing\biomass_from_packed_wheat.json"
"createoritechcompat:crushing/uranium_crystal","createoritechcompat-1.20.1-1.0.jar","data/createoritechcompat/recipe/crushing/uranium_crystal.json","repaired","1.20 output schema in 1.21.1","Failed to parse either. First: No key amount in MapLike[{""chance"":0.1,""item"":""oritech:small_plutonium_dust""}]; No key id in MapLike[{""chance"":0.1,""item"":""oritech:small_plutonium_dust""}]; Second: Failed to parse either. First: No key id in MapLike[{""chance"":0.1,""item"":""oritech:small_plutonium_dust""}]; Second: Failed to parse either. First: Not a JSON object: ""oritech:small_plutonium_dust""; Second: Compat cannot be deserialized; Failed to parse either. First: No key amount in MapLike[{""count"":5,""item"":""create:crushed_raw_uranium""}]; No key id in MapLike[{""count"":5,""item"":""create:crushed_raw_uranium""}]; Second: Failed to parse either. First: No key id in MapLike[{""count"":5,""item"":""create:crushed_raw_uranium""}]; Second: Failed to parse either. First: Not a JSON object: ""create:crushed_raw_uranium""; Second: Compat cannot be deserialized","kubejs\data\createoritechcompat\recipe\crushing\uranium_crystal.json"
"createoritechcompat:mixing/adamant_ingot","createoritechcompat-1.20.1-1.0.jar","data/createoritechcompat/recipe/mixing/adamant_ingot.json","repaired","1.20 output schema in 1.21.1","Failed to parse either. First: No key amount in MapLike[{""item"":""oritech:adamant_ingot""}]; No key id in MapLike[{""item"":""oritech:adamant_ingot""}]; Second: Failed to parse either. First: No key id in MapLike[{""item"":""oritech:adamant_ingot""}]; Second: Failed to parse either. First: Not a JSON object: ""oritech:adamant_ingot""; Second: Compat cannot be deserialized","kubejs\data\createoritechcompat\recipe\mixing\adamant_ingot.json"
"createoritechcompat:mixing/biosteel_ingot","createoritechcompat-1.20.1-1.0.jar","data/createoritechcompat/recipe/mixing/biosteel_ingot.json","repaired","1.20 output schema in 1.21.1","Failed to parse either. First: No key amount in MapLike[{""item"":""oritech:biosteel_ingot""}]; No key id in MapLike[{""item"":""oritech:biosteel_ingot""}]; Second: Failed to parse either. First: No key id in MapLike[{""item"":""oritech:biosteel_ingot""}]; Second: Failed to parse either. First: Not a JSON object: ""oritech:biosteel_ingot""; Second: Compat cannot be deserialized","kubejs\data\createoritechcompat\recipe\mixing\biosteel_ingot.json"
"createoritechcompat:mixing/dirt","createoritechcompat-1.20.1-1.0.jar","data/createoritechcompat/recipe/mixing/dirt.json","repaired","1.20 output schema in 1.21.1","Failed to parse either. First: No key amount in MapLike[{""item"":""minecraft:dirt""}]; No key id in MapLike[{""item"":""minecraft:dirt""}]; Second: Failed to parse either. First: No key id in MapLike[{""item"":""minecraft:dirt""}]; Second: Failed to parse either. First: Not a JSON object: ""minecraft:dirt""; Second: Compat cannot be deserialized","kubejs\data\createoritechcompat\recipe\mixing\dirt.json"
"createoritechcompat:mixing/duratium_ingot","createoritechcompat-1.20.1-1.0.jar","data/createoritechcompat/recipe/mixing/duratium_ingot.json","repaired","1.20 output schema in 1.21.1","Failed to parse either. First: No key amount in MapLike[{""item"":""oritech:duratium_ingot""}]; No key id in MapLike[{""item"":""oritech:duratium_ingot""}]; Second: Failed to parse either. First: No key id in MapLike[{""item"":""oritech:duratium_ingot""}]; Second: Failed to parse either. First: Not a JSON object: ""oritech:duratium_ingot""; Second: Compat cannot be deserialized","kubejs\data\createoritechcompat\recipe\mixing\duratium_ingot.json"
"createoritechcompat:mixing/electrum_ingot","createoritechcompat-1.20.1-1.0.jar","data/createoritechcompat/recipe/mixing/electrum_ingot.json","repaired","1.20 output schema in 1.21.1","Failed to parse either. First: No key amount in MapLike[{""item"":""oritech:electrum_ingot""}]; No key id in MapLike[{""item"":""oritech:electrum_ingot""}]; Second: Failed to parse either. First: No key id in MapLike[{""item"":""oritech:electrum_ingot""}]; Second: Failed to parse either. First: Not a JSON object: ""oritech:electrum_ingot""; Second: Compat cannot be deserialized","kubejs\data\createoritechcompat\recipe\mixing\electrum_ingot.json"
"createoritechcompat:mixing/energite_ingot","createoritechcompat-1.20.1-1.0.jar","data/createoritechcompat/recipe/mixing/energite_ingot.json","repaired","1.20 output schema in 1.21.1","Failed to parse either. First: No key amount in MapLike[{""item"":""oritech:energite_ingot""}]; No key id in MapLike[{""item"":""oritech:energite_ingot""}]; Second: Failed to parse either. First: No key id in MapLike[{""item"":""oritech:energite_ingot""}]; Second: Failed to parse either. First: Not a JSON object: ""oritech:energite_ingot""; Second: Compat cannot be deserialized","kubejs\data\createoritechcompat\recipe\mixing\energite_ingot.json"
"createoritechcompat:mixing/steel_ingot","createoritechcompat-1.20.1-1.0.jar","data/createoritechcompat/recipe/mixing/steel_ingot.json","repaired","1.20 output schema in 1.21.1","Failed to parse either. First: No key amount in MapLike[{""item"":""oritech:steel_ingot""}]; No key id in MapLike[{""item"":""oritech:steel_ingot""}]; Second: Failed to parse either. First: No key id in MapLike[{""item"":""oritech:steel_ingot""}]; Second: Failed to parse either. First: Not a JSON object: ""oritech:steel_ingot""; Second: Compat cannot be deserialized","kubejs\data\createoritechcompat\recipe\mixing\steel_ingot.json"
"createoritechcompat:splashing/crushed_raw_nickel","createoritechcompat-1.20.1-1.0.jar","data/createoritechcompat/recipe/splashing/crushed_raw_nickel.json","repaired","1.20 output schema in 1.21.1","Failed to parse either. First: No key amount in MapLike[{""chance"":0.1,""item"":""oritech:small_platinum_dust""}]; No key id in MapLike[{""chance"":0.1,""item"":""oritech:small_platinum_dust""}]; Second: Failed to parse either. First: No key id in MapLike[{""chance"":0.1,""item"":""oritech:small_platinum_dust""}]; Second: Failed to parse either. First: Not a JSON object: ""oritech:small_platinum_dust""; Second: Compat cannot be deserialized; Failed to parse either. First: No key amount in MapLike[{""count"":9,""item"":""oritech:nickel_nugget""}]; No key id in MapLike[{""count"":9,""item"":""oritech:nickel_nugget""}]; Second: Failed to parse either. First: No key id in MapLike[{""count"":9,""item"":""oritech:nickel_nugget""}]; Second: Failed to parse either. First: Not a JSON object: ""oritech:nickel_nugget""; Second: Compat cannot be deserialized","kubejs\data\createoritechcompat\recipe\splashing\crushed_raw_nickel.json"
"createoritechcompat:splashing/crushed_raw_planitnum","createoritechcompat-1.20.1-1.0.jar","data/createoritechcompat/recipe/splashing/crushed_raw_planitnum.json","repaired","1.20 output schema in 1.21.1","Failed to parse either. First: No key amount in MapLike[{""chance"":0.1,""item"":""oritech:fluxite""}]; No key id in MapLike[{""chance"":0.1,""item"":""oritech:fluxite""}]; Second: Failed to parse either. First: No key id in MapLike[{""chance"":0.1,""item"":""oritech:fluxite""}]; Second: Failed to parse either. First: Not a JSON object: ""oritech:fluxite""; Second: Compat cannot be deserialized; Failed to parse either. First: No key amount in MapLike[{""count"":9,""item"":""oritech:platinum_nugget""}]; No key id in MapLike[{""count"":9,""item"":""oritech:platinum_nugget""}]; Second: Failed to parse either. First: No key id in MapLike[{""count"":9,""item"":""oritech:platinum_nugget""}]; Second: Failed to parse either. First: Not a JSON object: ""oritech:platinum_nugget""; Second: Compat cannot be deserialized","kubejs\data\createoritechcompat\recipe\splashing\crushed_raw_planitnum.json"
"createoritechcompat:splashing/crushed_raw_uranium","createoritechcompat-1.20.1-1.0.jar","data/createoritechcompat/recipe/splashing/crushed_raw_uranium.json","repaired","1.20 output schema in 1.21.1","Failed to parse either. First: No key amount in MapLike[{""chance"":0.1,""item"":""oritech:small_plutonium_dust""}]; No key id in MapLike[{""chance"":0.1,""item"":""oritech:small_plutonium_dust""}]; Second: Failed to parse either. First: No key id in MapLike[{""chance"":0.1,""item"":""oritech:small_plutonium_dust""}]; Second: Failed to parse either. First: Not a JSON object: ""oritech:small_plutonium_dust""; Second: Compat cannot be deserialized; Failed to parse either. First: No key amount in MapLike[{""count"":1,""item"":""oritech:raw_uranium""}]; No key id in MapLike[{""count"":1,""item"":""oritech:raw_uranium""}]; Second: Failed to parse either. First: No key id in MapLike[{""count"":1,""item"":""oritech:raw_uranium""}]; Second: Failed to parse either. First: Not a JSON object: ""oritech:raw_uranium""; Second: Compat cannot be deserialized","kubejs\data\createoritechcompat\recipe\splashing\crushed_raw_uranium.json"
"gearbox:centrifuging/test","petrochem-neoforge-1.21.1-1.3.2.jar","data/gearbox/recipe/centrifuging/test.json","suppressed","bundled developer test recipe uses an unregistered serializer","Unknown registry key in ResourceKey[minecraft:root / minecraft:recipe_serializer]: gearbox:centrifuging","kubejs\data\gearbox\recipe\centrifuging\test.json"
"gearbox:centrifuging/test2","petrochem-neoforge-1.21.1-1.3.2.jar","data/gearbox/recipe/centrifuging/test2.json","suppressed","bundled developer test recipe uses an unregistered serializer","Unknown registry key in ResourceKey[minecraft:root / minecraft:recipe_serializer]: gearbox:centrifuging","kubejs\data\gearbox\recipe\centrifuging\test2.json"
"gearbox:compressing/obsidian","petrochem-neoforge-1.21.1-1.3.2.jar","data/gearbox/recipe/compressing/obsidian.json","suppressed","bundled developer test recipe uses an unregistered serializer","Unknown registry key in ResourceKey[minecraft:root / minecraft:recipe_serializer]: gearbox:compressing","kubejs\data\gearbox\recipe\compressing\obsidian.json"
"gearbox:compressing/test","petrochem-neoforge-1.21.1-1.3.2.jar","data/gearbox/recipe/compressing/test.json","suppressed","bundled developer test recipe uses an unregistered serializer","Unknown registry key in ResourceKey[minecraft:root / minecraft:recipe_serializer]: gearbox:compressing","kubejs\data\gearbox\recipe\compressing\test.json"
"gearbox:compressing/test2","petrochem-neoforge-1.21.1-1.3.2.jar","data/gearbox/recipe/compressing/test2.json","suppressed","bundled developer test recipe uses an unregistered serializer","Unknown registry key in ResourceKey[minecraft:root / minecraft:recipe_serializer]: gearbox:compressing","kubejs\data\gearbox\recipe\compressing\test2.json"
"gearbox:distilling/test","petrochem-neoforge-1.21.1-1.3.2.jar","data/gearbox/recipe/distilling/test.json","suppressed","bundled developer test recipe uses an unregistered serializer","Unknown registry key in ResourceKey[minecraft:root / minecraft:recipe_serializer]: gearbox:distilling","kubejs\data\gearbox\recipe\distilling\test.json"
"gearbox:electrolyzing/test","petrochem-neoforge-1.21.1-1.3.2.jar","data/gearbox/recipe/electrolyzing/test.json","suppressed","bundled developer test recipe uses an unregistered serializer","Unknown registry key in ResourceKey[minecraft:root / minecraft:recipe_serializer]: gearbox:electrolyzing","kubejs\data\gearbox\recipe\electrolyzing\test.json"
"gearbox:irradiating/test01","petrochem-neoforge-1.21.1-1.3.2.jar","data/gearbox/recipe/irradiating/test01.json","suppressed","bundled developer test recipe uses an unregistered serializer","Unknown registry key in ResourceKey[minecraft:root / minecraft:recipe_serializer]: gearbox:irradiating","kubejs\data\gearbox\recipe\irradiating\test01.json"
"gearbox:laser_drilling/test","petrochem-neoforge-1.21.1-1.3.2.jar","data/gearbox/recipe/laser_drilling/test.json","suppressed","bundled developer test recipe uses an unregistered serializer","Unknown registry key in ResourceKey[minecraft:root / minecraft:recipe_serializer]: gearbox:laser_drilling","kubejs\data\gearbox\recipe\laser_drilling\test.json"
"gearbox:mechanizing/test","petrochem-neoforge-1.21.1-1.3.2.jar","data/gearbox/recipe/mechanizing/test.json","suppressed","bundled developer test recipe uses an unregistered serializer","Unknown registry key in ResourceKey[minecraft:root / minecraft:recipe_serializer]: gearbox:mechanizing","kubejs\data\gearbox\recipe\mechanizing\test.json"
"gearbox:pumpjack/test","petrochem-neoforge-1.21.1-1.3.2.jar","data/gearbox/recipe/pumpjack/test.json","suppressed","bundled developer test recipe uses an unregistered serializer","Unknown registry key in ResourceKey[minecraft:root / minecraft:recipe_serializer]: gearbox:pumpjack","kubejs\data\gearbox\recipe\pumpjack\test.json"
"gearbox:pyroprocessing/test","petrochem-neoforge-1.21.1-1.3.2.jar","data/gearbox/recipe/pyroprocessing/test.json","suppressed","bundled developer test recipe uses an unregistered serializer","Unknown registry key in ResourceKey[minecraft:root / minecraft:recipe_serializer]: gearbox:pyroprocessing","kubejs\data\gearbox\recipe\pyroprocessing\test.json"
"gearbox:reacting/test","petrochem-neoforge-1.21.1-1.3.2.jar","data/gearbox/recipe/reacting/test.json","suppressed","bundled developer test recipe uses an unregistered serializer","Unknown registry key in ResourceKey[minecraft:root / minecraft:recipe_serializer]: gearbox:reacting","kubejs\data\gearbox\recipe\reacting\test.json"
"gearbox:sapping/test","petrochem-neoforge-1.21.1-1.3.2.jar","data/gearbox/recipe/sapping/test.json","suppressed","bundled developer test recipe uses an unregistered serializer","Unknown registry key in ResourceKey[minecraft:root / minecraft:recipe_serializer]: gearbox:sapping","kubejs\data\gearbox\recipe\sapping\test.json"
"gearbox:sequenced_assembly/test_assembly","petrochem-neoforge-1.21.1-1.3.2.jar","data/gearbox/recipe/sequenced_assembly/test_assembly.json","suppressed","bundled developer test recipe uses an unregistered serializer","Failed to parse either. First: No key id in MapLike[{""item"":""create:track""}]; Second: Failed to parse either. First: Not a JSON object: ""create:track""; Second: Compat cannot be deserialized; Unknown registry key in ResourceKey[minecraft:root / minecraft:recipe_serializer]: gearbox:mechanizing; Failed to parse either. First: No key amount in MapLike[{""item"":""create:incomplete_track""}]; No key id in MapLike[{""item"":""create:incomplete_track""}]; Second: Failed to parse either. First: No key id in MapLike[{""item"":""create:incomplete_track""}]; Second: Failed to parse either. First: Not a JSON object: ""create:incomplete_track""; Second: Compat cannot be deserialized; Failed to parse either. First: No key amount in MapLike[{""item"":""create:incomplete_track""}]; No key id in MapLike[{""item"":""create:incomplete_track""}]; Second: Failed to parse either. First: No key id in MapLike[{""item"":""create:incomplete_track""}]; Second: Failed to parse either. First: Not a JSON object: ""create:incomplete_track""; Second: Compat cannot be deserialized; No key transitional_item in MapLike[{""type"":""create:sequenced_assembly"",""ingredient"":{""tag"":""create:sleepers""},""transitionalItem"":{""item"":""create:incomplete_track""},""sequence"":[{""type"":""create:deploying"",""ingredients"":[{""item"":""create:incomplete_track""},[{""tag"":""forge:nuggets/iron""},{""tag"":""forge:nuggets/zinc""}]],""results"":[{""item"":""create:incomplete_track""}]},{""type"":""create:deploying"",""ingredients"":[{""item"":""create:incomplete_track""},[{""tag"":""forge:nuggets/iron""},{""tag"":""forge:nuggets/zinc""}]],""results"":[{""item"":""create:incomplete_track""}]},{""type"":""gearbox:mechanizing"",""ingredients"":[{""item"":""create:incomplete_track""}],""results"":[{""item"":""create:incomplete_track""}]}],""results"":[{""item"":""create:track""}],""loops"":1}]","kubejs\data\gearbox\recipe\sequenced_assembly\test_assembly.json"
"gearbox:transmuting/test01","petrochem-neoforge-1.21.1-1.3.2.jar","data/gearbox/recipe/transmuting/test01.json","suppressed","bundled developer test recipe uses an unregistered serializer","Unknown registry key in ResourceKey[minecraft:root / minecraft:recipe_serializer]: gearbox:transmuting","kubejs\data\gearbox\recipe\transmuting\test01.json"
"mekanite_mobs:craft_base_fusion","mekanite_mobs-1.0.6VNEON-neoforge-1.21.1.jar","data/mekanite_mobs/recipe/craft_base_fusion.json","suppressed","optional Mekanism dependency is absent","Map entry 'a' : Failed to parse either. First: Not a json array: {""item"":""mekanism:ingot_tin""}; Second: No key tag in MapLike[{""item"":""mekanism:ingot_tin""}]; Unknown registry key in ResourceKey[minecraft:root / minecraft:item]: mekanism:ingot_tin","kubejs\data\mekanite_mobs\recipe\craft_base_fusion.json"
"mekanite_mobs:craft_base_pistol","mekanite_mobs-1.0.6VNEON-neoforge-1.21.1.jar","data/mekanite_mobs/recipe/craft_base_pistol.json","suppressed","optional Mekanism dependency is absent","Map entry 'a' : Failed to parse either. First: Not a json array: {""item"":""mekanism:ingot_tin""}; Second: No key tag in MapLike[{""item"":""mekanism:ingot_tin""}]; Unknown registry key in ResourceKey[minecraft:root / minecraft:item]: mekanism:ingot_tin","kubejs\data\mekanite_mobs\recipe\craft_base_pistol.json"
"mekanite_mobs:craft_eletric_web","mekanite_mobs-1.0.6VNEON-neoforge-1.21.1.jar","data/mekanite_mobs/recipe/craft_eletric_web.json","suppressed","optional Mekanism dependency is absent","Map entry 'a' : Failed to parse either. First: Not a json array: {""item"":""mekanism:energy_tablet""}; Second: No key tag in MapLike[{""item"":""mekanism:energy_tablet""}]; Unknown registry key in ResourceKey[minecraft:root / minecraft:item]: mekanism:energy_tablet","kubejs\data\mekanite_mobs\recipe\craft_eletric_web.json"
"mekanite_mobs:craft_mekanite_axe","mekanite_mobs-1.0.6VNEON-neoforge-1.21.1.jar","data/mekanite_mobs/recipe/craft_mekanite_axe.json","suppressed","optional Mekanism dependency is absent","Map entry 'a' : Failed to parse either. First: Not a json array: {""item"":""mekanism:alloy_infused""}; Second: No key tag in MapLike[{""item"":""mekanism:alloy_infused""}]; Unknown registry key in ResourceKey[minecraft:root / minecraft:item]: mekanism:alloy_infused","kubejs\data\mekanite_mobs\recipe\craft_mekanite_axe.json"
"mekanite_mobs:craft_mekanite_pistol","mekanite_mobs-1.0.6VNEON-neoforge-1.21.1.jar","data/mekanite_mobs/recipe/craft_mekanite_pistol.json","suppressed","optional Mekanism dependency is absent","Map entry 'a' : Failed to parse either. First: Not a json array: {""item"":""mekanism:energy_tablet""}; Second: No key tag in MapLike[{""item"":""mekanism:energy_tablet""}]; Unknown registry key in ResourceKey[minecraft:root / minecraft:item]: mekanism:energy_tablet","kubejs\data\mekanite_mobs\recipe\craft_mekanite_pistol.json"
"mekanite_mobs:craft_mekanite_pistol_fusion","mekanite_mobs-1.0.6VNEON-neoforge-1.21.1.jar","data/mekanite_mobs/recipe/craft_mekanite_pistol_fusion.json","suppressed","optional Mekanism dependency is absent","Map entry 'a' : Failed to parse either. First: Not a json array: {""item"":""mekanism:ingot_tin""}; Second: No key tag in MapLike[{""item"":""mekanism:ingot_tin""}]; Unknown registry key in ResourceKey[minecraft:root / minecraft:item]: mekanism:ingot_tin","kubejs\data\mekanite_mobs\recipe\craft_mekanite_pistol_fusion.json"
"mekanite_mobs:craft_mekanite_shield","mekanite_mobs-1.0.6VNEON-neoforge-1.21.1.jar","data/mekanite_mobs/recipe/craft_mekanite_shield.json","suppressed","optional Mekanism dependency is absent","Map entry 'a' : Failed to parse either. First: Not a json array: {""item"":""mekanism:structural_glass""}; Second: No key tag in MapLike[{""item"":""mekanism:structural_glass""}]; Unknown registry key in ResourceKey[minecraft:root / minecraft:item]: mekanism:structural_glass","kubejs\data\mekanite_mobs\recipe\craft_mekanite_shield.json"
"mekanite_mobs:craft_trident_eletric","mekanite_mobs-1.0.6VNEON-neoforge-1.21.1.jar","data/mekanite_mobs/recipe/craft_trident_eletric.json","suppressed","optional Mekanism dependency is absent","Map entry 'a' : Failed to parse either. First: Not a json array: {""item"":""mekanism:energy_tablet""}; Second: No key tag in MapLike[{""item"":""mekanism:energy_tablet""}]; Unknown registry key in ResourceKey[minecraft:root / minecraft:item]: mekanism:energy_tablet","kubejs\data\mekanite_mobs\recipe\craft_trident_eletric.json"
"powergrid_batteries:copper_battery","powergrid_batteries-1.0.1.jar","data/powergrid_batteries/recipe/copper_battery.json","suppressed","recipe outputs are not registered by the installed addon","Unknown registry key in ResourceKey[minecraft:root / minecraft:item]: powergrid_batteries:copper_battery","kubejs\data\powergrid_batteries\recipe\copper_battery.json"
"powergrid_batteries:diamond_battery","powergrid_batteries-1.0.1.jar","data/powergrid_batteries/recipe/diamond_battery.json","suppressed","recipe outputs are not registered by the installed addon","Unknown registry key in ResourceKey[minecraft:root / minecraft:item]: powergrid_batteries:diamond_battery; Map entry 'B' : Failed to parse either. First: Not a json array: {""item"":""powergrid_batteries:gold_battery""}; Second: No key tag in MapLike[{""item"":""powergrid_batteries:gold_battery""}]; Unknown registry key in ResourceKey[minecraft:root / minecraft:item]: powergrid_batteries:gold_battery","kubejs\data\powergrid_batteries\recipe\diamond_battery.json"
"powergrid_batteries:gold_battery","powergrid_batteries-1.0.1.jar","data/powergrid_batteries/recipe/gold_battery.json","suppressed","recipe outputs are not registered by the installed addon","Unknown registry key in ResourceKey[minecraft:root / minecraft:item]: powergrid_batteries:gold_battery; Map entry 'B' : Failed to parse either. First: Not a json array: {""item"":""powergrid_batteries:iron_battery""}; Second: No key tag in MapLike[{""item"":""powergrid_batteries:iron_battery""}]; Unknown registry key in ResourceKey[minecraft:root / minecraft:item]: powergrid_batteries:iron_battery","kubejs\data\powergrid_batteries\recipe\gold_battery.json"
"powergrid_batteries:iron_battery","powergrid_batteries-1.0.1.jar","data/powergrid_batteries/recipe/iron_battery.json","suppressed","recipe outputs are not registered by the installed addon","Unknown registry key in ResourceKey[minecraft:root / minecraft:item]: powergrid_batteries:iron_battery; Map entry 'B' : Failed to parse either. First: Not a json array: {""item"":""powergrid_batteries:copper_battery""}; Second: No key tag in MapLike[{""item"":""powergrid_batteries:copper_battery""}]; Unknown registry key in ResourceKey[minecraft:root / minecraft:item]: powergrid_batteries:copper_battery","kubejs\data\powergrid_batteries\recipe\iron_battery.json"
"powergrid_batteries:netherite_battery","powergrid_batteries-1.0.1.jar","data/powergrid_batteries/recipe/netherite_battery.json","suppressed","recipe outputs are not registered by the installed addon","Unknown registry key in ResourceKey[minecraft:root / minecraft:item]: powergrid_batteries:netherite_battery; Map entry 'B' : Failed to parse either. First: Not a json array: {""item"":""powergrid_batteries:diamond_battery""}; Second: No key tag in MapLike[{""item"":""powergrid_batteries:diamond_battery""}]; Unknown registry key in ResourceKey[minecraft:root / minecraft:item]: powergrid_batteries:diamond_battery","kubejs\data\powergrid_batteries\recipe\netherite_battery.json"
"wandofvariance:wand_of_variance","primitivestart-neoforge-1.21.1-21.1.0.jar","data/wandofvariance/recipe/wand_of_variance.json","suppressed","recipe output is not registered","Unknown registry key in ResourceKey[minecraft:root / minecraft:item]: primitivestart:primitivestart; Map entry 'N' : Failed to parse either. First: Not a json array: ""minecraft:nether_star""; Second: Not a JSON object: ""minecraft:nether_star""","kubejs\data\wandofvariance\recipe\wand_of_variance.json"
