item_id,tool_type,material_family,durability,mining_speed,harvest_requirement,tier_attack_bonus,attack_damage,attack_speed_modifier,enchantability,custom_behavior_methods,current_required_handle,recipe_id,class_name,bytecode_durability,effective_durability,runtime_adjustment,attack_rate,nominal_dps,durability_era,mining_speed_era,harvest_era,combat_era,stats_era,material_floor_era,material_floor_source,current_recipe_era,recommended_era,era_delta,disposition,behavior_review_required
more_ores_more_gems:adamantite_axe,axe,adamantite,1633,12.0,diamond,0.0,15.0,-3.0,20,,stellaris:desh_ingot,more_ores_more_gems:adamantite_axe_recipe,net.mcreator.moreoresmoregems.item.AdamantiteAxeItem,1633,1633,,1.0,15.0,4,3,3,4,4,7,adamantite,7,7,0,approximately_aligned,no
more_ores_more_gems:adamantite_hoe,hoe,adamantite,1633,12.0,diamond,0.0,4.0,0.0,20,,stellaris:desh_ingot,more_ores_more_gems:adamantite_hoe_recipe,net.mcreator.moreoresmoregems.item.AdamantiteHoeItem,1633,1633,,4.0,16.0,4,3,3,0,4,7,adamantite,7,7,0,approximately_aligned,no
more_ores_more_gems:adamantite_pickaxe,pickaxe,adamantite,1633,12.0,diamond,0.0,9.0,-2.2,20,,stellaris:desh_ingot,more_ores_more_gems:adamantite_pickaxe_recipe,net.mcreator.moreoresmoregems.item.AdamantitePickaxeItem,1633,1633,,1.8,16.2,4,3,3,0,4,7,adamantite,7,7,0,approximately_aligned,no
more_ores_more_gems:adamantite_shovel,shovel,adamantite,1633,12.0,diamond,0.0,5.0,-1.5,20,,stellaris:desh_ingot,more_ores_more_gems:adamantite_shovel_recipe,net.mcreator.moreoresmoregems.item.AdamantiteShovelItem,1633,1633,,2.5,12.5,4,3,3,0,4,7,adamantite,7,7,0,approximately_aligned,no
more_ores_more_gems:adamantite_sword,sword,adamantite,1633,12.0,diamond,0.0,11.0,-1.0,20,,stellaris:desh_ingot,more_ores_more_gems:adamantite_sword_recipe,net.mcreator.moreoresmoregems.item.AdamantiteSwordItem,1633,1633,,3.0,33.0,4,3,3,6,6,7,adamantite,7,7,0,approximately_aligned,no
more_ores_more_gems:aetherium_axe,axe,aetherium,1780,8.5,diamond,0.0,8.2,-3.0,14,,stellaris:desh_ingot,more_ores_more_gems:aetherium_axe_recipe,net.mcreator.moreoresmoregems.item.AetheriumAxeItem,1780,1780,,1.0,8.2,4,2,3,1,4,7,aetherium,7,7,0,approximately_aligned,no
more_ores_more_gems:aetherium_hoe,hoe,aetherium,1780,8.5,diamond,0.0,0.2,0.0,14,,stellaris:desh_ingot,more_ores_more_gems:aetherium_hoe_recipe,net.mcreator.moreoresmoregems.item.AetheriumHoeItem,1780,1780,,4.0,0.8,4,2,3,0,4,7,aetherium,7,7,0,approximately_aligned,no
more_ores_more_gems:aetherium_pickaxe,pickaxe,aetherium,1780,8.5,diamond,0.0,4.0,-2.6,14,,stellaris:desh_ingot,more_ores_more_gems:aetherium_pickaxe_recipe,net.mcreator.moreoresmoregems.item.AetheriumPickaxeItem,1780,1780,,1.4,5.6,4,2,3,0,4,7,aetherium,7,7,0,approximately_aligned,no
more_ores_more_gems:aetherium_shovel,shovel,aetherium,1780,8.5,diamond,0.0,5.5,-2.8,14,,stellaris:desh_ingot,more_ores_more_gems:aetherium_shovel_recipe,net.mcreator.moreoresmoregems.item.AetheriumShovelItem,1780,1780,,1.2,6.6,4,2,3,0,4,7,aetherium,7,7,0,approximately_aligned,no
more_ores_more_gems:aetherium_sword,sword,aetherium,1780,8.5,diamond,0.0,11.0,-1.0,14,,stellaris:desh_ingot,more_ores_more_gems:aetherium_sword_recipe,net.mcreator.moreoresmoregems.item.AetheriumSwordItem,1780,1780,,3.0,33.0,4,2,3,6,6,7,aetherium,7,7,0,approximately_aligned,no
more_ores_more_gems:amethyst_5_axe,axe,amethyst_5,582,6.0,iron,0.0,7.0,-2.9,19,,minecraft:iron_ingot,more_ores_more_gems:amethyst_5_axe_recipe,net.mcreator.moreoresmoregems.item.Amethyst5AxeItem,582,582,,1.1,7.7,2,0,1,1,2,0,unclassified,2,2,0,approximately_aligned,no
more_ores_more_gems:amethyst_5_hoe,hoe,amethyst_5,582,7.0,iron,0.0,0.0,1.0,19,,minecraft:iron_ingot,more_ores_more_gems:amethyst_5_hoe_recipe,net.mcreator.moreoresmoregems.item.Amethyst5HoeItem,582,582,,5.0,0.0,2,1,1,0,2,0,unclassified,2,2,0,approximately_aligned,no
more_ores_more_gems:amethyst_5_pickaxe,pickaxe,amethyst_5,582,6.0,iron,0.0,3.0,-2.6,19,,minecraft:iron_ingot,more_ores_more_gems:amethyst_5_pickaxe_recipe,net.mcreator.moreoresmoregems.item.Amethyst5PickaxeItem,582,582,,1.4,4.2,2,0,1,0,2,0,unclassified,2,2,0,approximately_aligned,no
more_ores_more_gems:amethyst_5_shovel,shovel,amethyst_5,582,6.5,iron,0.0,4.0,-2.8,19,,minecraft:iron_ingot,more_ores_more_gems:amethyst_5_shovel_recipe,net.mcreator.moreoresmoregems.item.Amethyst5ShovelItem,582,582,,1.2,4.8,2,1,1,0,2,0,unclassified,2,2,0,approximately_aligned,no
more_ores_more_gems:amethyst_5_sword,sword,amethyst_5,582,7.0,iron,0.0,5.0,-2.2,19,,minecraft:iron_ingot,more_ores_more_gems:amethyst_5_sword_recipe,net.mcreator.moreoresmoregems.item.Amethyst5SwordItem,582,582,,1.8,9.0,2,1,1,1,2,0,unclassified,2,2,0,approximately_aligned,no
more_ores_more_gems:ametrine_l_axe,axe,ametrine_l,912,7.5,iron,0.0,8.8,-2.8,21,,minecraft:diamond,more_ores_more_gems:ametrine_l_axe_recipe,net.mcreator.moreoresmoregems.item.AmetrineLAxeItem,912,912,,1.2,10.56,3,1,1,2,3,0,unclassified,3,3,0,approximately_aligned,no
more_ores_more_gems:ametrine_l_hoe,hoe,ametrine_l,912,7.5,iron,0.0,0.1,1.0,21,,minecraft:diamond,more_ores_more_gems:ametrine_l_hoe_recipe,net.mcreator.moreoresmoregems.item.AmetrineLHoeItem,912,912,,5.0,0.5,3,1,1,0,3,0,unclassified,3,3,0,approximately_aligned,no
more_ores_more_gems:ametrine_l_pickaxe,pickaxe,ametrine_l,912,7.5,iron,0.0,3.2,-2.6,21,,minecraft:diamond,more_ores_more_gems:ametrine_l_pickaxe_recipe,net.mcreator.moreoresmoregems.item.AmetrineLPickaxeItem,912,912,,1.4,4.48,3,1,1,0,3,0,unclassified,3,3,0,approximately_aligned,no
more_ores_more_gems:ametrine_l_shovel,shovel,ametrine_l,912,7.5,iron,0.0,4.35,-2.75,21,,minecraft:diamond,more_ores_more_gems:ametrine_l_shovel_recipe,net.mcreator.moreoresmoregems.item.AmetrineLShovelItem,912,912,,1.25,5.438,3,1,1,0,3,0,unclassified,3,3,0,approximately_aligned,no
more_ores_more_gems:ametrine_l_sword,sword,ametrine_l,903,7.5,iron,0.0,5.5,-2.2,21,,minecraft:diamond,more_ores_more_gems:ametrine_l_sword_recipe,net.mcreator.moreoresmoregems.item.AmetrineLSwordItem,903,903,,1.8,9.9,3,1,1,2,3,0,unclassified,3,3,0,approximately_aligned,no
more_ores_more_gems:antimony_axe,axe,antimony,508,12.0,gold,0.0,8.0,-2.6,18,,minecraft:diamond,more_ores_more_gems:antimony_axe_recipe,net.mcreator.moreoresmoregems.item.AntimonyAxeItem,508,508,,1.4,11.2,2,3,0,3,3,0,unclassified,3,3,0,approximately_aligned,no
more_ores_more_gems:antimony_hoe,hoe,antimony,508,12.0,gold,0.0,0.6,-0.4,18,,minecraft:diamond,more_ores_more_gems:antimony_hoe_recipe,net.mcreator.moreoresmoregems.item.AntimonyHoeItem,508,508,,3.6,2.16,2,3,0,0,3,0,unclassified,3,3,0,approximately_aligned,no
more_ores_more_gems:antimony_pickaxe,pickaxe,antimony,508,12.0,gold,0.0,3.4,-2.6,18,,minecraft:diamond,more_ores_more_gems:antimony_pickaxe_recipe,net.mcreator.moreoresmoregems.item.AntimonyPickaxeItem,508,508,,1.4,4.76,2,3,0,0,3,0,unclassified,3,3,0,approximately_aligned,no
more_ores_more_gems:antimony_shovel,shovel,antimony,508,12.0,gold,0.0,4.0,-2.6,18,,minecraft:diamond,more_ores_more_gems:antimony_shovel_recipe,net.mcreator.moreoresmoregems.item.AntimonyShovelItem,508,508,,1.4,5.6,2,3,0,0,3,0,unclassified,3,3,0,approximately_aligned,no
more_ores_more_gems:antimony_sword,sword,antimony,508,12.0,gold,0.0,6.0,-1.6,18,,more_ores_more_gems:electrum_ingot,more_ores_more_gems:antimony_sword_recipe,net.mcreator.moreoresmoregems.item.AntimonySwordItem,508,508,,2.4,14.4,2,3,0,4,4,0,unclassified,4,4,0,approximately_aligned,no
more_ores_more_gems:aquamarine_gemstone_axe,axe,aquamarine_gemstone,1500,10.0,diamond,0.0,9.0,-3.0,20,,minecraft:diamond,more_ores_more_gems:aquamarine_gemstone_axe_recipe,net.mcreator.moreoresmoregems.item.AquamarineGemstoneAxeItem,1500,1500,,1.0,9.0,3,2,3,1,3,0,unclassified,3,3,0,approximately_aligned,no
more_ores_more_gems:aquamarine_gemstone_hoe,hoe,aquamarine_gemstone,1500,10.0,diamond,0.0,0.0,0.0,20,,minecraft:diamond,more_ores_more_gems:aquamarine_gemstone_hoe_recipe,net.mcreator.moreoresmoregems.item.AquamarineGemstoneHoeItem,1500,1500,,4.0,0.0,3,2,3,0,3,0,unclassified,3,3,0,approximately_aligned,no
more_ores_more_gems:aquamarine_gemstone_pickaxe,pickaxe,aquamarine_gemstone,1500,10.0,diamond,0.0,5.0,-2.8,20,,minecraft:diamond,more_ores_more_gems:aquamarine_gemstone_pickaxe_recipe,net.mcreator.moreoresmoregems.item.AquamarineGemstonePickaxeItem,1500,1500,,1.2,6.0,3,2,3,0,3,0,unclassified,3,3,0,approximately_aligned,no
more_ores_more_gems:aquamarine_gemstone_shovel,shovel,aquamarine_gemstone,1500,10.0,diamond,0.0,4.0,-2.2,20,,minecraft:diamond,more_ores_more_gems:aquamarine_gemstone_shovel_recipe,net.mcreator.moreoresmoregems.item.AquamarineGemstoneShovelItem,1500,1500,,1.8,7.2,3,2,3,0,3,0,unclassified,3,3,0,approximately_aligned,no
more_ores_more_gems:aquamarine_gemstone_sword,sword,aquamarine_gemstone,1500,10.0,diamond,0.0,7.0,-2.4,20,,minecraft:diamond,more_ores_more_gems:aquamarine_gemstone_sword_recipe,net.mcreator.moreoresmoregems.item.AquamarineGemstoneSwordItem,1500,1500,,1.6,11.2,3,2,3,3,3,0,unclassified,3,3,0,approximately_aligned,no
more_ores_more_gems:black_fluorite_axe,axe,black_fluorite,789,8.0,iron,0.0,9.8,-3.0,16,,minecraft:iron_ingot,more_ores_more_gems:black_fluorite_axe_recipe,net.mcreator.moreoresmoregems.item.BlackFluoriteAxeItem,789,789,,1.0,9.8,2,1,1,2,2,0,unclassified,2,2,0,approximately_aligned,no
more_ores_more_gems:black_fluorite_hoe,hoe,black_fluorite,789,8.0,iron,0.0,0.2,0.0,16,,minecraft:iron_ingot,more_ores_more_gems:black_fluorite_hoe_recipe,net.mcreator.moreoresmoregems.item.BlackFluoriteHoeItem,789,789,,4.0,0.8,2,1,1,0,2,0,unclassified,2,2,0,approximately_aligned,no
more_ores_more_gems:black_fluorite_pickaxe,pickaxe,black_fluorite,789,8.0,iron,0.0,4.2,-2.6,16,,minecraft:iron_ingot,more_ores_more_gems:black_fluorite_pickaxe_recipe,net.mcreator.moreoresmoregems.item.BlackFluoritePickaxeItem,789,789,,1.4,5.88,2,1,1,0,2,0,unclassified,2,2,0,approximately_aligned,no
more_ores_more_gems:black_fluorite_shovel,shovel,black_fluorite,789,8.0,iron,0.0,4.4,-2.6,16,,minecraft:iron_ingot,more_ores_more_gems:black_fluorite_shovel_recipe,net.mcreator.moreoresmoregems.item.BlackFluoriteShovelItem,789,789,,1.4,6.16,2,1,1,0,2,0,unclassified,2,2,0,approximately_aligned,no
more_ores_more_gems:black_fluorite_sword,sword,black_fluorite,789,8.0,iron,0.0,6.0,-2.2,16,,minecraft:iron_ingot,more_ores_more_gems:black_fluorite_sword_recipe,net.mcreator.moreoresmoregems.item.BlackFluoriteSwordItem,789,789,,1.8,10.8,2,1,1,2,2,0,unclassified,2,2,0,approximately_aligned,no
more_ores_more_gems:black_opal_gem_axe,axe,black_opal_gem,900,10.0,iron,0.0,8.2,-3.0,24,,minecraft:diamond,more_ores_more_gems:black_opal_gem_axe_recipe,net.mcreator.moreoresmoregems.item.BlackOpalGemAxeItem,900,900,,1.0,8.2,3,2,1,1,3,0,unclassified,3,3,0,approximately_aligned,no
more_ores_more_gems:black_opal_gem_hoe,hoe,black_opal_gem,900,10.0,iron,0.0,0.8,0.0,24,,minecraft:diamond,more_ores_more_gems:black_opal_gem_hoe_recipe,net.mcreator.moreoresmoregems.item.BlackOpalGemHoeItem,900,900,,4.0,3.2,3,2,1,0,3,0,unclassified,3,3,0,approximately_aligned,no
more_ores_more_gems:black_opal_gem_pickaxe,pickaxe,black_opal_gem,900,10.0,iron,0.0,4.0,-2.4,24,,minecraft:diamond,more_ores_more_gems:black_opal_gem_pickaxe_recipe,net.mcreator.moreoresmoregems.item.BlackOpalGemPickaxeItem,900,900,,1.6,6.4,3,2,1,0,3,0,unclassified,3,3,0,approximately_aligned,no
more_ores_more_gems:black_opal_gem_shovel,shovel,black_opal_gem,900,10.0,iron,0.0,4.0,-3.0,24,,minecraft:diamond,more_ores_more_gems:black_opal_gem_shovel_recipe,net.mcreator.moreoresmoregems.item.BlackOpalGemShovelItem,900,900,,1.0,4.0,3,2,1,0,3,0,unclassified,3,3,0,approximately_aligned,no
more_ores_more_gems:black_opal_gem_sword,sword,black_opal_gem,900,10.0,iron,0.0,6.2,-2.0,24,,minecraft:diamond,more_ores_more_gems:black_opal_gem_sword_recipe,net.mcreator.moreoresmoregems.item.BlackOpalGemSwordItem,900,900,,2.0,12.4,3,2,1,3,3,0,unclassified,3,3,0,approximately_aligned,no
more_ores_more_gems:blue_opal_axe,axe,blue_opal,900,10.0,iron,0.0,8.2,-3.0,24,,minecraft:diamond,more_ores_more_gems:blue_opal_axe_recipe,net.mcreator.moreoresmoregems.item.BlueOpalAxeItem,900,900,,1.0,8.2,3,2,1,1,3,0,unclassified,3,3,0,approximately_aligned,no
more_ores_more_gems:blue_opal_hoe,hoe,blue_opal,900,10.0,iron,0.0,0.8,0.0,24,,minecraft:diamond,more_ores_more_gems:blue_opal_hoe_recipe,net.mcreator.moreoresmoregems.item.BlueOpalHoeItem,900,900,,4.0,3.2,3,2,1,0,3,0,unclassified,3,3,0,approximately_aligned,no
more_ores_more_gems:blue_opal_pickaxe,pickaxe,blue_opal,900,10.0,iron,0.0,4.0,-3.0,24,,minecraft:diamond,more_ores_more_gems:blue_opal_pickaxe_recipe,net.mcreator.moreoresmoregems.item.BlueOpalPickaxeItem,900,900,,1.0,4.0,3,2,1,0,3,0,unclassified,3,3,0,approximately_aligned,no
more_ores_more_gems:blue_opal_shovel,shovel,blue_opal,900,10.0,iron,0.0,4.0,-3.0,24,,minecraft:diamond,more_ores_more_gems:blue_opal_shovel_recipe,net.mcreator.moreoresmoregems.item.BlueOpalShovelItem,900,900,,1.0,4.0,3,2,1,0,3,0,unclassified,3,3,0,approximately_aligned,no
more_ores_more_gems:blue_opal_sword,sword,blue_opal,900,10.0,iron,0.0,6.2,-2.0,24,,minecraft:diamond,more_ores_more_gems:blue_opal_sword_recipe,net.mcreator.moreoresmoregems.item.BlueOpalSwordItem,900,900,,2.0,12.4,3,2,1,3,3,0,unclassified,3,3,0,approximately_aligned,no
more_ores_more_gems:chromium_axe,axe,chromium,1550,9.0,diamond,0.0,8.6,-2.6,20,,minecraft:diamond,more_ores_more_gems:chromium_axe_recipe,net.mcreator.moreoresmoregems.item.ChromiumAxeItem,1550,1550,,1.4,12.04,3,2,3,3,3,2,chromium,3,3,0,approximately_aligned,no
more_ores_more_gems:chromium_hoe,hoe,chromium,1550,9.0,diamond,0.0,3.0,-2.0,20,,minecraft:diamond,more_ores_more_gems:chromium_hoe_recipe,net.mcreator.moreoresmoregems.item.ChromiumHoeItem,1550,1550,,2.0,6.0,3,2,3,0,3,2,chromium,3,3,0,approximately_aligned,no
more_ores_more_gems:chromium_pickaxe,pickaxe,chromium,1550,9.0,diamond,0.0,7.0,-3.0,20,,minecraft:diamond,more_ores_more_gems:chromium_pickaxe_recipe,net.mcreator.moreoresmoregems.item.ChromiumPickaxeItem,1550,1550,,1.0,7.0,3,2,3,0,3,2,chromium,3,3,0,approximately_aligned,no
more_ores_more_gems:chromium_shovel,shovel,chromium,1550,9.0,diamond,0.0,6.0,-2.2,20,,minecraft:diamond,more_ores_more_gems:chromium_shovel_recipe,net.mcreator.moreoresmoregems.item.ChromiumShovelItem,1550,1550,,1.8,10.8,3,2,3,0,3,2,chromium,3,3,0,approximately_aligned,no
more_ores_more_gems:chromium_sword,sword,chromium,1550,9.0,diamond,0.0,7.0,-2.0,20,,minecraft:diamond,more_ores_more_gems:chromium_sword_recipe,net.mcreator.moreoresmoregems.item.ChromiumSwordItem,1550,1550,,2.0,14.0,3,2,3,3,3,2,chromium,3,3,0,approximately_aligned,no
more_ores_more_gems:citrine_s_axe,axe,citrine_s,590,6.0,iron,0.0,7.2,-2.9,16,,minecraft:iron_ingot,more_ores_more_gems:citrine_s_axe_recipe,net.mcreator.moreoresmoregems.item.CitrineSAxeItem,590,590,,1.1,7.92,2,0,1,1,2,0,unclassified,2,2,0,approximately_aligned,no
more_ores_more_gems:citrine_s_hoe,hoe,citrine_s,590,6.0,iron,0.0,0.0,1.0,16,,minecraft:iron_ingot,more_ores_more_gems:citrine_s_hoe_recipe,net.mcreator.moreoresmoregems.item.CitrineSHoeItem,590,590,,5.0,0.0,2,0,1,0,2,0,unclassified,2,2,0,approximately_aligned,no
more_ores_more_gems:citrine_s_pickaxe,pickaxe,citrine_s,590,6.0,iron,0.0,3.0,-2.6,16,,minecraft:iron_ingot,more_ores_more_gems:citrine_s_pickaxe_recipe,net.mcreator.moreoresmoregems.item.CitrineSPickaxeItem,590,590,,1.4,4.2,2,0,1,0,2,0,unclassified,2,2,0,approximately_aligned,no
more_ores_more_gems:citrine_s_shovel,shovel,citrine_s,590,6.5,iron,0.0,4.0,-2.8,16,,minecraft:iron_ingot,more_ores_more_gems:citrine_s_shovel_recipe,net.mcreator.moreoresmoregems.item.CitrineSShovelItem,590,590,,1.2,4.8,2,1,1,0,2,0,unclassified,2,2,0,approximately_aligned,no
more_ores_more_gems:citrine_s_sword,sword,citrine_s,590,7.0,iron,0.0,5.0,-2.2,16,,minecraft:iron_ingot,more_ores_more_gems:citrine_s_sword_recipe,net.mcreator.moreoresmoregems.item.CitrineSSwordItem,590,590,,1.8,9.0,2,1,1,1,2,0,unclassified,2,2,0,approximately_aligned,no
more_ores_more_gems:cobalt_axe,axe,cobalt,950,8.0,iron,0.0,8.5,-3.0,20,,more_ores_more_gems:titanium_stick,more_ores_more_gems:cobalt_axe_recipe,net.mcreator.moreoresmoregems.item.CobaltAxeItem,950,950,,1.0,8.5,3,1,1,1,3,5,cobalt,5,5,0,approximately_aligned,no
more_ores_more_gems:cobalt_hoe,hoe,cobalt,950,8.0,iron,0.0,0.0,-1.0,20,,more_ores_more_gems:titanium_stick,more_ores_more_gems:cobalt_hoe_recipe,net.mcreator.moreoresmoregems.item.CobaltHoeItem,950,950,,3.0,0.0,3,1,1,0,3,5,cobalt,5,5,0,approximately_aligned,no
more_ores_more_gems:cobalt_pickaxe,pickaxe,cobalt,950,8.0,iron,0.0,4.0,-2.6,20,,more_ores_more_gems:titanium_stick,more_ores_more_gems:cobalt_pickaxe_recipe,net.mcreator.moreoresmoregems.item.CobaltPickaxeItem,950,950,,1.4,5.6,3,1,1,0,3,5,cobalt,5,5,0,approximately_aligned,no
more_ores_more_gems:cobalt_shovel,shovel,cobalt,950,8.0,iron,0.0,3.0,-2.8,20,,more_ores_more_gems:titanium_stick,more_ores_more_gems:cobalt_shovel_recipe,net.mcreator.moreoresmoregems.item.CobaltShovelItem,950,950,,1.2,3.6,3,1,1,0,3,5,cobalt,5,5,0,approximately_aligned,no
more_ores_more_gems:cobalt_sword,sword,cobalt,950,8.0,iron,0.0,5.4,-2.4,20,,more_ores_more_gems:titanium_stick,more_ores_more_gems:cobalt_sword_recipe,net.mcreator.moreoresmoregems.item.CobaltSwordItem,950,950,,1.6,8.64,3,1,1,1,3,5,cobalt,5,5,0,approximately_aligned,no
more_ores_more_gems:crimsonite_d_axe,axe,crimsonite_d,896,6.5,iron,0.0,8.5,-3.0,12,,minecraft:diamond,more_ores_more_gems:crimsonite_d_axe_recipe,net.mcreator.moreoresmoregems.item.CrimsoniteDAxeItem,896,896,,1.0,8.5,3,1,1,1,3,0,unclassified,3,3,0,approximately_aligned,no
more_ores_more_gems:crimsonite_d_hoe,hoe,crimsonite_d,896,6.5,iron,0.0,0.5,-1.5,12,,minecraft:diamond,more_ores_more_gems:crimsonite_d_hoe_recipe,net.mcreator.moreoresmoregems.item.CrimsoniteDHoeItem,896,896,,2.5,1.25,3,1,1,0,3,0,unclassified,3,3,0,approximately_aligned,no
more_ores_more_gems:crimsonite_d_pickaxe,pickaxe,crimsonite_d,896,6.5,iron,0.0,3.0,-2.6,12,,minecraft:diamond,more_ores_more_gems:crimsonite_d_pickaxe_recipe,net.mcreator.moreoresmoregems.item.CrimsoniteDPickaxeItem,896,896,,1.4,4.2,3,1,1,0,3,0,unclassified,3,3,0,approximately_aligned,no
more_ores_more_gems:crimsonite_d_shovel,shovel,crimsonite_d,896,6.5,iron,0.0,4.2,-3.0,12,,minecraft:diamond,more_ores_more_gems:crimsonite_d_shovel_recipe,net.mcreator.moreoresmoregems.item.CrimsoniteDShovelItem,896,896,,1.0,4.2,3,1,1,0,3,0,unclassified,3,3,0,approximately_aligned,no
more_ores_more_gems:crimsonite_d_sword,sword,crimsonite_d,896,6.5,iron,0.0,5.2,-2.4,12,,minecraft:diamond,more_ores_more_gems:crimsonite_d_sword_recipe,net.mcreator.moreoresmoregems.item.CrimsoniteDSwordItem,896,896,,1.6,8.32,3,1,1,1,3,0,unclassified,3,3,0,approximately_aligned,no
more_ores_more_gems:ekanite_gemstone_axe,axe,ekanite_gemstone,718,8.0,iron,0.0,8.0,-3.2,8,,minecraft:iron_ingot,more_ores_more_gems:ekanite_gemstone_axe_recipe,net.mcreator.moreoresmoregems.item.EkaniteGemstoneAxeItem,718,718,,0.8,6.4,2,1,1,0,2,0,unclassified,2,2,0,approximately_aligned,no
more_ores_more_gems:ekanite_gemstone_hoe,hoe,ekanite_gemstone,718,8.0,iron,0.0,2.0,-3.0,8,,minecraft:iron_ingot,more_ores_more_gems:ekanite_gemstone_hoe_recipe,net.mcreator.moreoresmoregems.item.EkaniteGemstoneHoeItem,718,718,,1.0,2.0,2,1,1,0,2,0,unclassified,2,2,0,approximately_aligned,no
more_ores_more_gems:ekanite_gemstone_pickaxe,pickaxe,ekanite_gemstone,718,8.0,iron,0.0,4.0,-3.0,8,,minecraft:iron_ingot,more_ores_more_gems:ekanite_gemstone_pickaxe_recipe,net.mcreator.moreoresmoregems.item.EkaniteGemstonePickaxeItem,718,718,,1.0,4.0,2,1,1,0,2,0,unclassified,2,2,0,approximately_aligned,no
more_ores_more_gems:ekanite_gemstone_shovel,shovel,ekanite_gemstone,718,8.0,iron,0.0,4.0,-3.0,8,,minecraft:iron_ingot,more_ores_more_gems:ekanite_gemstone_shovel_recipe,net.mcreator.moreoresmoregems.item.EkaniteGemstoneShovelItem,718,718,,1.0,4.0,2,1,1,0,2,0,unclassified,2,2,0,approximately_aligned,no
more_ores_more_gems:ekanite_gemstone_sword,sword,ekanite_gemstone,718,8.0,iron,0.0,7.0,-2.0,8,,minecraft:diamond,more_ores_more_gems:ekanite_gemstone_sword_recipe,net.mcreator.moreoresmoregems.item.EkaniteGemstoneSwordItem,718,718,,2.0,14.0,2,1,1,3,3,0,unclassified,3,3,0,approximately_aligned,no
more_ores_more_gems:electrum_axe,axe,electrum,480,14.0,iron,0.0,8.0,-3.0,26,,more_ores_more_gems:electrum_ingot,more_ores_more_gems:electrum_axe_recipe,net.mcreator.moreoresmoregems.item.ElectrumAxeItem,480,480,,1.0,8.0,2,4,1,1,4,4,electrum,4,4,0,approximately_aligned,no
more_ores_more_gems:electrum_hoe,hoe,electrum,480,14.0,iron,0.0,0.0,-1.2,26,,more_ores_more_gems:electrum_ingot,more_ores_more_gems:electrum_hoe_recipe,net.mcreator.moreoresmoregems.item.ElectrumHoeItem,480,480,,2.8,0.0,2,4,1,0,4,4,electrum,4,4,0,approximately_aligned,no
more_ores_more_gems:electrum_pickaxe,pickaxe,electrum,480,14.0,iron,0.0,3.0,-2.6,26,,more_ores_more_gems:electrum_ingot,more_ores_more_gems:electrum_pickaxe_recipe,net.mcreator.moreoresmoregems.item.ElectrumPickaxeItem,480,480,,1.4,4.2,2,4,1,0,4,4,electrum,4,4,0,approximately_aligned,no
more_ores_more_gems:electrum_shovel,shovel,electrum,480,6.0,iron,0.0,4.0,-2.8,14,,more_ores_more_gems:electrum_ingot,more_ores_more_gems:electrum_shovel_recipe,net.mcreator.moreoresmoregems.item.ElectrumShovelItem,480,480,,1.2,4.8,2,0,1,0,2,4,electrum,4,4,0,approximately_aligned,no
more_ores_more_gems:electrum_sword,sword,electrum,480,14.0,iron,0.0,5.3,-2.4,26,,more_ores_more_gems:electrum_ingot,more_ores_more_gems:electrum_sword_recipe,net.mcreator.moreoresmoregems.item.ElectrumSwordItem,480,480,,1.6,8.48,2,4,1,1,4,4,electrum,4,4,0,approximately_aligned,no
more_ores_more_gems:fire_opal_axe,axe,fire_opal,900,10.0,iron,0.0,8.2,-3.0,24,,minecraft:diamond,more_ores_more_gems:fire_opal_axe_recipe,net.mcreator.moreoresmoregems.item.FireOpalAxeItem,900,900,,1.0,8.2,3,2,1,1,3,0,unclassified,3,3,0,approximately_aligned,no
more_ores_more_gems:fire_opal_hoe,hoe,fire_opal,900,10.0,iron,0.0,0.8,0.0,24,,minecraft:diamond,more_ores_more_gems:fire_opal_hoe_recipe,net.mcreator.moreoresmoregems.item.FireOpalHoeItem,900,900,,4.0,3.2,3,2,1,0,3,0,unclassified,3,3,0,approximately_aligned,no
more_ores_more_gems:fire_opal_pickaxe,pickaxe,fire_opal,900,10.0,iron,0.0,4.0,-2.4,24,,minecraft:diamond,more_ores_more_gems:fire_opal_pickaxe_recipe,net.mcreator.moreoresmoregems.item.FireOpalPickaxeItem,900,900,,1.6,6.4,3,2,1,0,3,0,unclassified,3,3,0,approximately_aligned,no
more_ores_more_gems:fire_opal_shovel,shovel,fire_opal,900,10.0,iron,0.0,4.0,-3.0,24,,minecraft:diamond,more_ores_more_gems:fire_opal_shovel_recipe,net.mcreator.moreoresmoregems.item.FireOpalShovelItem,900,900,,1.0,4.0,3,2,1,0,3,0,unclassified,3,3,0,approximately_aligned,no
more_ores_more_gems:fire_opal_sword,sword,fire_opal,900,10.0,iron,0.0,6.2,-2.0,24,,minecraft:diamond,more_ores_more_gems:fire_opal_sword_recipe,net.mcreator.moreoresmoregems.item.FireOpalSwordItem,900,900,,2.0,12.4,3,2,1,3,3,0,unclassified,3,3,0,approximately_aligned,no
more_ores_more_gems:fluorescent_fluorite_gem_axe,axe,fluorescent_fluorite_gem,1204,10.0,diamond,0.0,11.0,-3.0,20,isFoil,minecraft:diamond,more_ores_more_gems:fluorescent_fluorite_gem_axe_recipe,net.mcreator.moreoresmoregems.item.FluorescentFluoriteGemAxeItem,1204,1204,,1.0,11.0,3,2,3,2,3,0,unclassified,3,3,0,approximately_aligned,yes
more_ores_more_gems:fluorescent_fluorite_gem_hoe,hoe,fluorescent_fluorite_gem,1204,10.0,diamond,0.0,1.0,0.0,20,isFoil,minecraft:diamond,more_ores_more_gems:fluorescent_fluorite_gem_hoe_recipe,net.mcreator.moreoresmoregems.item.FluorescentFluoriteGemHoeItem,1204,1204,,4.0,4.0,3,2,3,0,3,0,unclassified,3,3,0,approximately_aligned,yes
more_ores_more_gems:fluorescent_fluorite_gem_pickaxe,pickaxe,fluorescent_fluorite_gem,1204,10.0,diamond,0.0,5.0,-2.4,20,isFoil,minecraft:diamond,more_ores_more_gems:fluorescent_fluorite_gem_pickaxe_recipe,net.mcreator.moreoresmoregems.item.FluorescentFluoriteGemPickaxeItem,1204,1204,,1.6,8.0,3,2,3,0,3,0,unclassified,3,3,0,approximately_aligned,yes
more_ores_more_gems:fluorescent_fluorite_gem_shovel,shovel,fluorescent_fluorite_gem,1204,10.0,diamond,0.0,5.0,-2.6,20,isFoil,minecraft:diamond,more_ores_more_gems:fluorescent_fluorite_gem_shovel_recipe,net.mcreator.moreoresmoregems.item.FluorescentFluoriteGemShovelItem,1204,1204,,1.4,7.0,3,2,3,0,3,0,unclassified,3,3,0,approximately_aligned,yes
more_ores_more_gems:fluorescent_fluorite_gem_sword,sword,fluorescent_fluorite_gem,1204,10.0,diamond,0.0,7.2,-2.2,20,isFoil,minecraft:diamond,more_ores_more_gems:fluorescent_fluorite_gem_sword_recipe,net.mcreator.moreoresmoregems.item.FluorescentFluoriteGemSwordItem,1204,1204,,1.8,12.96,3,2,3,3,3,0,unclassified,3,3,0,approximately_aligned,yes
more_ores_more_gems:fluorite_blood_axe,axe,fluorite_blood,1666,12.0,diamond,0.0,13.0,-3.0,24,,more_ores_more_gems:electrum_ingot,more_ores_more_gems:fluorite_blood_axe_recipe,net.mcreator.moreoresmoregems.item.FluoriteBloodAxeItem,1666,1666,,1.0,13.0,4,3,3,3,4,0,unclassified,4,4,0,approximately_aligned,no
more_ores_more_gems:fluorite_blood_hoe,hoe,fluorite_blood,1666,12.0,diamond,0.0,2.0,0.0,24,,more_ores_more_gems:electrum_ingot,more_ores_more_gems:fluorite_blood_hoe_recipe,net.mcreator.moreoresmoregems.item.FluoriteBloodHoeItem,1666,1666,,4.0,8.0,4,3,3,0,4,0,unclassified,4,4,0,approximately_aligned,no
more_ores_more_gems:fluorite_blood_pickaxe,pickaxe,fluorite_blood,1666,12.0,diamond,0.0,7.0,-2.4,24,,more_ores_more_gems:electrum_ingot,more_ores_more_gems:fluorite_blood_pickaxe_recipe,net.mcreator.moreoresmoregems.item.FluoriteBloodPickaxeItem,1666,1666,,1.6,11.2,4,3,3,0,4,0,unclassified,4,4,0,approximately_aligned,no
more_ores_more_gems:fluorite_blood_shovel,shovel,fluorite_blood,1666,12.0,diamond,0.0,5.7,-2.5,24,,more_ores_more_gems:electrum_ingot,more_ores_more_gems:fluorite_blood_shovel_recipe,net.mcreator.moreoresmoregems.item.FluoriteBloodShovelItem,1666,1666,,1.5,8.55,4,3,3,0,4,0,unclassified,4,4,0,approximately_aligned,no
more_ores_more_gems:fluorite_blood_sword,sword,fluorite_blood,1666,12.0,diamond,0.0,9.0,-2.0,24,,more_ores_more_gems:electrum_ingot,more_ores_more_gems:fluorite_blood_sword_recipe,net.mcreator.moreoresmoregems.item.FluoriteBloodSwordItem,1666,1666,,2.0,18.0,4,3,3,4,4,0,unclassified,4,4,0,approximately_aligned,no
more_ores_more_gems:fluorite_ytt_axe,axe,fluorite_ytt,789,8.0,iron,0.0,9.8,-3.0,16,,minecraft:iron_ingot,more_ores_more_gems:fluorite_ytt_axe_recipe,net.mcreator.moreoresmoregems.item.FluoriteYttAxeItem,789,789,,1.0,9.8,2,1,1,2,2,0,unclassified,2,2,0,approximately_aligned,no
more_ores_more_gems:fluorite_ytt_hoe,hoe,fluorite_ytt,789,8.0,iron,0.0,0.2,0.0,16,,minecraft:iron_ingot,more_ores_more_gems:fluorite_ytt_hoe_recipe,net.mcreator.moreoresmoregems.item.FluoriteYttHoeItem,789,789,,4.0,0.8,2,1,1,0,2,0,unclassified,2,2,0,approximately_aligned,no
more_ores_more_gems:fluorite_ytt_pickaxe,pickaxe,fluorite_ytt,789,8.0,iron,0.0,4.2,-2.6,16,,minecraft:iron_ingot,more_ores_more_gems:fluorite_ytt_pickaxe_recipe,net.mcreator.moreoresmoregems.item.FluoriteYttPickaxeItem,789,789,,1.4,5.88,2,1,1,0,2,0,unclassified,2,2,0,approximately_aligned,no
more_ores_more_gems:fluorite_ytt_shovel,shovel,fluorite_ytt,789,8.0,iron,0.0,4.4,-2.6,16,,minecraft:iron_ingot,more_ores_more_gems:fluorite_ytt_shovel_recipe,net.mcreator.moreoresmoregems.item.FluoriteYttShovelItem,789,789,,1.4,6.16,2,1,1,0,2,0,unclassified,2,2,0,approximately_aligned,no
more_ores_more_gems:fluorite_ytt_sword,sword,fluorite_ytt,789,8.0,iron,0.0,6.0,-2.2,16,,minecraft:iron_ingot,more_ores_more_gems:fluorite_ytt_sword_recipe,net.mcreator.moreoresmoregems.item.FluoriteYttSwordItem,789,789,,1.8,10.8,2,1,1,2,2,0,unclassified,2,2,0,approximately_aligned,no
more_ores_more_gems:gray_opal_gem_axe,axe,gray_opal_gem,900,10.0,iron,0.0,8.2,-3.0,24,,minecraft:diamond,more_ores_more_gems:gray_opal_gem_axe_recipe,net.mcreator.moreoresmoregems.item.GrayOpalGemAxeItem,900,900,,1.0,8.2,3,2,1,1,3,0,unclassified,3,3,0,approximately_aligned,no
more_ores_more_gems:gray_opal_gem_hoe,hoe,gray_opal_gem,900,10.0,iron,0.0,0.8,0.0,24,,minecraft:diamond,more_ores_more_gems:gray_opal_gem_hoe_recipe,net.mcreator.moreoresmoregems.item.GrayOpalGemHoeItem,900,900,,4.0,3.2,3,2,1,0,3,0,unclassified,3,3,0,approximately_aligned,no
more_ores_more_gems:gray_opal_gem_pickaxe,pickaxe,gray_opal_gem,900,10.0,iron,0.0,4.0,-2.4,24,,minecraft:diamond,more_ores_more_gems:gray_opal_gem_pickaxe_recipe,net.mcreator.moreoresmoregems.item.GrayOpalGemPickaxeItem,900,900,,1.6,6.4,3,2,1,0,3,0,unclassified,3,3,0,approximately_aligned,no
more_ores_more_gems:gray_opal_gem_shovel,shovel,gray_opal_gem,900,10.0,iron,0.0,4.0,-3.0,24,,minecraft:diamond,more_ores_more_gems:gray_opal_gem_shovel_recipe,net.mcreator.moreoresmoregems.item.GrayOpalGemShovelItem,900,900,,1.0,4.0,3,2,1,0,3,0,unclassified,3,3,0,approximately_aligned,no
more_ores_more_gems:gray_opal_gem_sword,sword,gray_opal_gem,900,10.0,iron,0.0,6.2,-2.0,24,,minecraft:diamond,more_ores_more_gems:gray_opal_gem_sword_recipe,net.mcreator.moreoresmoregems.item.GrayOpalGemSwordItem,900,900,,2.0,12.4,3,2,1,3,3,0,unclassified,3,3,0,approximately_aligned,no
more_ores_more_gems:green_fluorite_axe,axe,green_fluorite,275,6.0,iron,0.0,8.0,-3.1,10,,minecraft:stick,more_ores_more_gems:green_fluorite_axe_recipe,net.mcreator.moreoresmoregems.item.GreenFluoriteAxeItem,275,275,,0.9,7.2,1,0,1,1,1,0,unclassified,1,1,0,approximately_aligned,no
more_ores_more_gems:green_fluorite_hoe,hoe,green_fluorite,275,6.0,iron,0.0,0.0,-2.0,10,,minecraft:stick,more_ores_more_gems:green_fluorite_hoe_recipe,net.mcreator.moreoresmoregems.item.GreenFluoriteHoeItem,275,275,,2.0,0.0,1,0,1,0,1,0,unclassified,1,1,0,approximately_aligned,no
more_ores_more_gems:green_fluorite_pickaxe,pickaxe,green_fluorite,275,6.0,iron,0.0,2.0,-2.6,10,,minecraft:stick,more_ores_more_gems:green_fluorite_pickaxe_recipe,net.mcreator.moreoresmoregems.item.GreenFluoritePickaxeItem,275,275,,1.4,2.8,1,0,1,0,1,0,unclassified,1,1,0,approximately_aligned,no
more_ores_more_gems:green_fluorite_shovel,shovel,green_fluorite,275,6.0,iron,0.0,2.6,-2.8,10,,minecraft:stick,more_ores_more_gems:green_fluorite_shovel_recipe,net.mcreator.moreoresmoregems.item.GreenFluoriteShovelItem,275,275,,1.2,3.12,1,0,1,0,1,0,unclassified,1,1,0,approximately_aligned,no
more_ores_more_gems:green_fluorite_sword,sword,green_fluorite,275,6.0,iron,0.0,4.0,-2.2,10,,minecraft:stick,more_ores_more_gems:green_fluorite_sword_recipe,net.mcreator.moreoresmoregems.item.GreenFluoriteSwordItem,275,275,,1.8,7.2,1,0,1,1,1,0,unclassified,1,1,0,approximately_aligned,no
more_ores_more_gems:heliodor_5_axe,axe,heliodor_5,675,7.0,iron,0.0,11.0,-3.4,18,,minecraft:iron_ingot,more_ores_more_gems:heliodor_5_axe_recipe,net.mcreator.moreoresmoregems.item.Heliodor5AxeItem,675,675,,0.6,6.6,2,1,1,0,2,0,unclassified,2,2,0,approximately_aligned,no
more_ores_more_gems:heliodor_5_hoe,hoe,heliodor_5,675,7.0,iron,0.0,0.1,1.0,18,,minecraft:iron_ingot,more_ores_more_gems:heliodor_5_hoe_recipe,net.mcreator.moreoresmoregems.item.Heliodor5HoeItem,675,675,,5.0,0.5,2,1,1,0,2,0,unclassified,2,2,0,approximately_aligned,no
more_ores_more_gems:heliodor_5_pickaxe,pickaxe,heliodor_5,675,7.0,iron,0.0,3.5,-2.6,18,,minecraft:iron_ingot,more_ores_more_gems:heliodor_5_pickaxe_recipe,net.mcreator.moreoresmoregems.item.Heliodor5PickaxeItem,675,675,,1.4,4.9,2,1,1,0,2,0,unclassified,2,2,0,approximately_aligned,no
more_ores_more_gems:heliodor_5_shovel,shovel,heliodor_5,675,7.0,iron,0.0,4.2,-2.8,18,,minecraft:iron_ingot,more_ores_more_gems:heliodor_5_shovel_recipe,net.mcreator.moreoresmoregems.item.Heliodor5ShovelItem,675,675,,1.2,5.04,2,1,1,0,2,0,unclassified,2,2,0,approximately_aligned,no
more_ores_more_gems:heliodor_5_sword,sword,heliodor_5,675,7.0,iron,0.0,5.2,-2.2,18,,minecraft:iron_ingot,more_ores_more_gems:heliodor_5_sword_recipe,net.mcreator.moreoresmoregems.item.Heliodor5SwordItem,675,675,,1.8,9.36,2,1,1,2,2,0,unclassified,2,2,0,approximately_aligned,no
more_ores_more_gems:indium_axe,axe,indium,72,12.0,iron,0.0,7.0,-3.0,14,,minecraft:diamond,more_ores_more_gems:indium_axe_recipe,net.mcreator.moreoresmoregems.item.IndiumAxeItem,72,72,,1.0,7.0,0,3,1,0,3,0,unclassified,3,3,0,approximately_aligned,no
more_ores_more_gems:indium_hoe,hoe,indium,72,12.0,iron,0.0,0.2,0.0,14,,minecraft:diamond,more_ores_more_gems:indium_hoe_recipe,net.mcreator.moreoresmoregems.item.IndiumHoeItem,72,72,,4.0,0.8,0,3,1,0,3,0,unclassified,3,3,0,approximately_aligned,no
more_ores_more_gems:indium_pickaxe,pickaxe,indium,72,12.0,iron,0.0,3.2,-2.8,14,,minecraft:diamond,more_ores_more_gems:indium_pickaxe_recipe,net.mcreator.moreoresmoregems.item.IndiumPickaxeItem,72,72,,1.2,3.84,0,3,1,0,3,0,unclassified,3,3,0,approximately_aligned,no
more_ores_more_gems:indium_shovel,shovel,indium,72,12.0,iron,0.0,3.0,-2.6,14,,minecraft:diamond,more_ores_more_gems:indium_shovel_recipe,net.mcreator.moreoresmoregems.item.IndiumShovelItem,72,72,,1.4,4.2,0,3,1,0,3,0,unclassified,3,3,0,approximately_aligned,no
more_ores_more_gems:indium_sword,sword,indium,72,12.0,iron,0.0,5.0,-2.0,14,,minecraft:diamond,more_ores_more_gems:indium_sword_recipe,net.mcreator.moreoresmoregems.item.IndiumSwordItem,72,72,,2.0,10.0,0,3,1,2,3,0,unclassified,3,3,0,approximately_aligned,no
more_ores_more_gems:jade_5_axe,axe,jade_5,400,7.0,iron,0.0,8.6,-2.6,12,,minecraft:diamond,more_ores_more_gems:jade_5_axe_recipe,net.mcreator.moreoresmoregems.item.Jade5AxeItem,400,400,,1.4,12.04,1,1,1,3,3,0,unclassified,3,3,0,approximately_aligned,no
more_ores_more_gems:jade_5_hoe,hoe,jade_5,400,7.0,iron,0.0,0.2,0.0,12,,minecraft:stick,more_ores_more_gems:jade_5_hoe_recipe,net.mcreator.moreoresmoregems.item.Jade5HoeItem,400,400,,4.0,0.8,1,1,1,0,1,0,unclassified,1,1,0,approximately_aligned,no
more_ores_more_gems:jade_5_pickaxe,pickaxe,jade_5,400,7.0,iron,0.0,4.0,-2.6,12,,minecraft:stick,more_ores_more_gems:jade_5_pickaxe_recipe,net.mcreator.moreoresmoregems.item.Jade5PickaxeItem,400,400,,1.4,5.6,1,1,1,0,1,0,unclassified,1,1,0,approximately_aligned,no
more_ores_more_gems:jade_5_shovel,shovel,jade_5,400,7.0,iron,0.0,4.0,-2.5,12,,minecraft:stick,more_ores_more_gems:jade_5_shovel_recipe,net.mcreator.moreoresmoregems.item.Jade5ShovelItem,400,400,,1.5,6.0,1,1,1,0,1,0,unclassified,1,1,0,approximately_aligned,no
more_ores_more_gems:jade_5_sword,sword,jade_5,400,8.0,iron,0.0,6.5,-2.2,12,,minecraft:diamond,more_ores_more_gems:jade_5_sword_recipe,net.mcreator.moreoresmoregems.item.Jade5SwordItem,400,400,,1.8,11.7,1,1,1,3,3,0,unclassified,3,3,0,approximately_aligned,no
more_ores_more_gems:lead_axe,axe,lead,72,7.0,gold,0.0,7.0,-3.0,8,,minecraft:iron_ingot,more_ores_more_gems:lead_axe_recipe,net.mcreator.moreoresmoregems.item.LeadAxeItem,72,72,,1.0,7.0,0,1,0,0,1,2,lead,2,2,0,approximately_aligned,no
more_ores_more_gems:lead_hoe,hoe,lead,72,7.0,gold,0.0,0.0,-1.0,8,,minecraft:iron_ingot,more_ores_more_gems:lead_hoe_recipe,net.mcreator.moreoresmoregems.item.LeadHoeItem,72,72,,3.0,0.0,0,1,0,0,1,2,lead,2,2,0,approximately_aligned,no
more_ores_more_gems:lead_pickaxe,pickaxe,lead,72,7.0,gold,0.0,3.0,-3.0,8,,minecraft:iron_ingot,more_ores_more_gems:lead_pickaxe_recipe,net.mcreator.moreoresmoregems.item.LeadPickaxeItem,72,72,,1.0,3.0,0,1,0,0,1,2,lead,2,2,0,approximately_aligned,no
more_ores_more_gems:lead_shovel,shovel,lead,72,7.0,gold,0.0,2.6,-3.0,8,,minecraft:iron_ingot,more_ores_more_gems:lead_shovel_recipe,net.mcreator.moreoresmoregems.item.LeadShovelItem,72,72,,1.0,2.6,0,1,0,0,1,2,lead,2,2,0,approximately_aligned,no
more_ores_more_gems:lead_sword,sword,lead,72,7.0,gold,0.0,4.2,-2.4,8,,minecraft:iron_ingot,more_ores_more_gems:lead_sword_recipe,net.mcreator.moreoresmoregems.item.LeadSwordItem,72,72,,1.6,6.72,0,1,0,0,1,2,lead,2,2,0,approximately_aligned,no
more_ores_more_gems:leucosapphire_axe,axe,leucosapphire,1000,8.0,iron,0.0,10.0,-2.8,16,,more_ores_more_gems:electrum_ingot,more_ores_more_gems:leucosapphire_axe_recipe,net.mcreator.moreoresmoregems.item.LeucosapphireAxeItem,1000,1000,,1.2,12.0,3,1,1,3,3,4,sapphire,4,4,0,approximately_aligned,no
more_ores_more_gems:leucosapphire_hoe,hoe,leucosapphire,1000,8.0,iron,0.0,0.2,-0.5,16,,more_ores_more_gems:electrum_ingot,more_ores_more_gems:leucosapphire_hoe_recipe,net.mcreator.moreoresmoregems.item.LeucosapphireHoeItem,1000,1000,,3.5,0.7,3,1,1,0,3,4,sapphire,4,4,0,approximately_aligned,no
more_ores_more_gems:leucosapphire_pickaxe,pickaxe,leucosapphire,1000,8.0,iron,0.0,4.0,-2.6,16,,more_ores_more_gems:electrum_ingot,more_ores_more_gems:leucosapphire_pickaxe_recipe,net.mcreator.moreoresmoregems.item.LeucosapphirePickaxeItem,1000,1000,,1.4,5.6,3,1,1,0,3,4,sapphire,4,4,0,approximately_aligned,no
more_ores_more_gems:leucosapphire_shovel,shovel,leucosapphire,1000,8.0,iron,0.0,4.0,-2.5,16,,more_ores_more_gems:electrum_ingot,more_ores_more_gems:leucosapphire_shovel_recipe,net.mcreator.moreoresmoregems.item.LeucosapphireShovelItem,1000,1000,,1.5,6.0,3,1,1,0,3,4,sapphire,4,4,0,approximately_aligned,no
more_ores_more_gems:leucosapphire_sword,sword,leucosapphire,1000,8.0,iron,0.0,6.0,-2.2,16,,more_ores_more_gems:electrum_ingot,more_ores_more_gems:leucosapphire_sword_recipe,net.mcreator.moreoresmoregems.item.LeucosapphireSwordItem,1000,1000,,1.8,10.8,3,1,1,2,3,4,sapphire,4,4,0,approximately_aligned,no
more_ores_more_gems:magnesium_axe,axe,magnesium,350,6.0,iron,0.0,8.0,-3.1,14,,minecraft:stick,more_ores_more_gems:magnesium_axe_recipe,net.mcreator.moreoresmoregems.item.MagnesiumAxeItem,350,350,,0.9,7.2,1,0,1,1,1,0,unclassified,1,1,0,approximately_aligned,no
more_ores_more_gems:magnesium_hoe,hoe,magnesium,350,6.0,iron,0.0,0.0,-1.0,14,,minecraft:stick,more_ores_more_gems:magnesium_hoe_recipe,net.mcreator.moreoresmoregems.item.MagnesiumHoeItem,350,350,,3.0,0.0,1,0,1,0,1,0,unclassified,1,1,0,approximately_aligned,no
more_ores_more_gems:magnesium_pickaxe,pickaxe,magnesium,350,6.0,iron,0.0,3.0,-2.6,14,,minecraft:stick,more_ores_more_gems:magnesium_pickaxe_recipe,net.mcreator.moreoresmoregems.item.MagnesiumPickaxeItem,350,350,,1.4,4.2,1,0,1,0,1,0,unclassified,1,1,0,approximately_aligned,no
more_ores_more_gems:magnesium_shovel,shovel,magnesium,350,6.0,iron,0.0,3.0,-3.0,14,,minecraft:stick,more_ores_more_gems:magnesium_shovel_recipe,net.mcreator.moreoresmoregems.item.MagnesiumShovelItem,350,350,,1.0,3.0,1,0,1,0,1,0,unclassified,1,1,0,approximately_aligned,no
more_ores_more_gems:magnesium_sword,sword,magnesium,350,6.0,iron,0.0,5.0,-2.4,14,,minecraft:stick,more_ores_more_gems:magnesium_sword_recipe,net.mcreator.moreoresmoregems.item.MagnesiumSwordItem,350,350,,1.6,8.0,1,0,1,1,1,0,unclassified,1,1,0,approximately_aligned,no
more_ores_more_gems:monel_axe,axe,monel,950,8.0,iron,0.0,8.5,-3.1,12,,minecraft:diamond,more_ores_more_gems:monel_axe_recipe,net.mcreator.moreoresmoregems.item.MonelAxeItem,950,950,,0.9,7.65,3,1,1,1,3,0,unclassified,3,3,0,approximately_aligned,no
more_ores_more_gems:monel_hoe,hoe,monel,950,8.0,iron,0.0,0.2,-1.0,12,,minecraft:diamond,more_ores_more_gems:monel_hoe_recipe,net.mcreator.moreoresmoregems.item.MonelHoeItem,950,950,,3.0,0.6,3,1,1,0,3,0,unclassified,3,3,0,approximately_aligned,no
more_ores_more_gems:monel_pickaxe,pickaxe,monel,950,8.0,iron,0.0,4.0,-2.8,12,,minecraft:diamond,more_ores_more_gems:monel_pickaxe_recipe,net.mcreator.moreoresmoregems.item.MonelPickaxeItem,950,950,,1.2,4.8,3,1,1,0,3,0,unclassified,3,3,0,approximately_aligned,no
more_ores_more_gems:monel_shovel,shovel,monel,950,8.0,iron,0.0,3.2,-3.0,12,,minecraft:diamond,more_ores_more_gems:monel_shovel_recipe,net.mcreator.moreoresmoregems.item.MonelShovelItem,950,950,,1.0,3.2,3,1,1,0,3,0,unclassified,3,3,0,approximately_aligned,no
more_ores_more_gems:monel_sword,sword,monel,950,8.0,iron,0.0,5.4,-2.4,12,,minecraft:diamond,more_ores_more_gems:monel_sword_recipe,net.mcreator.moreoresmoregems.item.MonelSwordItem,950,950,,1.6,8.64,3,1,1,1,3,0,unclassified,3,3,0,approximately_aligned,no
more_ores_more_gems:mysticrain_axe,axe,mysticrain,1892,8.0,diamond,0.0,9.0,-2.5,20,,more_ores_more_gems:electrum_ingot,more_ores_more_gems:mysticrain_axe_recipe,net.mcreator.moreoresmoregems.item.MysticrainAxeItem,1892,1892,,1.5,13.5,4,1,3,3,4,0,unclassified,4,4,0,approximately_aligned,no
more_ores_more_gems:mysticrain_hoe,hoe,mysticrain,1892,9.0,diamond,0.0,0.0,0.0,20,,more_ores_more_gems:electrum_ingot,more_ores_more_gems:mysticrain_hoe_recipe,net.mcreator.moreoresmoregems.item.MysticrainHoeItem,1892,1892,,4.0,0.0,4,2,3,0,4,0,unclassified,4,4,0,approximately_aligned,no
more_ores_more_gems:mysticrain_pickaxe,pickaxe,mysticrain,1892,8.5,diamond,0.0,4.5,-2.4,20,,more_ores_more_gems:electrum_ingot,more_ores_more_gems:mysticrain_pickaxe_recipe,net.mcreator.moreoresmoregems.item.MysticrainPickaxeItem,1892,1892,,1.6,7.2,4,2,3,0,4,0,unclassified,4,4,0,approximately_aligned,no
more_ores_more_gems:mysticrain_shovel,shovel,mysticrain,1892,8.5,diamond,0.0,5.0,-2.5,20,,more_ores_more_gems:electrum_ingot,more_ores_more_gems:mysticrain_shovel_recipe,net.mcreator.moreoresmoregems.item.MysticrainShovelItem,1892,1892,,1.5,7.5,4,2,3,0,4,0,unclassified,4,4,0,approximately_aligned,no
more_ores_more_gems:mysticrain_sword,sword,mysticrain,1892,8.5,diamond,0.0,6.5,-2.4,20,,more_ores_more_gems:electrum_ingot,more_ores_more_gems:mysticrain_sword_recipe,net.mcreator.moreoresmoregems.item.MysticrainSwordItem,1892,1892,,1.6,10.4,4,2,3,2,4,0,unclassified,4,4,0,approximately_aligned,no
more_ores_more_gems:neptunium_axe,axe,neptunium,1450,9.0,diamond,0.0,12.0,-3.0,16,hurtEnemy,more_ores_more_gems:tungsten,more_ores_more_gems:neptunium_axe_recipe,net.mcreator.moreoresmoregems.item.NeptuniumAxeItem,1450,1450,,1.0,12.0,3,2,3,3,3,6,neptunium,6,6,0,approximately_aligned,yes
more_ores_more_gems:neptunium_hoe,hoe,neptunium,1450,9.0,diamond,0.0,3.0,-2.0,16,hurtEnemy,more_ores_more_gems:tungsten,more_ores_more_gems:neptunium_hoe_recipe,net.mcreator.moreoresmoregems.item.NeptuniumHoeItem,1450,1450,,2.0,6.0,3,2,3,0,3,6,neptunium,6,6,0,approximately_aligned,yes
more_ores_more_gems:neptunium_pickaxe,pickaxe,neptunium,1450,9.0,diamond,0.0,6.0,-3.0,16,hurtEnemy,more_ores_more_gems:tungsten,more_ores_more_gems:neptunium_pickaxe_recipe,net.mcreator.moreoresmoregems.item.NeptuniumPickaxeItem,1450,1450,,1.0,6.0,3,2,3,0,3,6,neptunium,6,6,0,approximately_aligned,yes
more_ores_more_gems:neptunium_shovel,shovel,neptunium,1450,9.0,diamond,0.0,5.0,-2.6,16,hurtEnemy,more_ores_more_gems:tungsten,more_ores_more_gems:neptunium_shovel_recipe,net.mcreator.moreoresmoregems.item.NeptuniumShovelItem,1450,1450,,1.4,7.0,3,2,3,0,3,6,neptunium,6,6,0,approximately_aligned,yes
more_ores_more_gems:neptunium_sword,sword,neptunium,1450,9.0,diamond,0.0,10.0,-1.6,16,hurtEnemy,more_ores_more_gems:tungsten,more_ores_more_gems:neptunium_sword_recipe,net.mcreator.moreoresmoregems.item.NeptuniumSwordItem,1450,1450,,2.4,24.0,3,2,3,5,5,6,neptunium,6,6,0,approximately_aligned,yes
more_ores_more_gems:nickel_axe,axe,nickel,844,6.5,iron,0.0,8.2,-3.1,10,,minecraft:diamond,more_ores_more_gems:nickel_axe_recipe,net.mcreator.moreoresmoregems.item.NickelAxeItem,844,844,,0.9,7.38,3,1,1,1,3,2,nickel,3,3,0,approximately_aligned,no
more_ores_more_gems:nickel_hoe,hoe,nickel,844,6.5,iron,0.0,0.1,-1.5,10,,minecraft:diamond,more_ores_more_gems:nickel_hoe_recipe,net.mcreator.moreoresmoregems.item.NickelHoeItem,844,844,,2.5,0.25,3,1,1,0,3,2,nickel,3,3,0,approximately_aligned,no
more_ores_more_gems:nickel_pickaxe,pickaxe,nickel,844,6.5,iron,0.0,3.2,-2.8,10,,minecraft:diamond,more_ores_more_gems:nickel_pickaxe_recipe,net.mcreator.moreoresmoregems.item.NickelPickaxeItem,844,844,,1.2,3.84,3,1,1,0,3,2,nickel,3,3,0,approximately_aligned,no
more_ores_more_gems:nickel_shovel,shovel,nickel,844,6.5,iron,0.0,3.5,-3.0,10,,minecraft:diamond,more_ores_more_gems:nickel_shovel_recipe,net.mcreator.moreoresmoregems.item.NickelShovelItem,844,844,,1.0,3.5,3,1,1,0,3,2,nickel,3,3,0,approximately_aligned,no
more_ores_more_gems:nickel_sword,sword,nickel,844,6.5,iron,0.0,5.2,-2.4,10,,minecraft:diamond,more_ores_more_gems:nickel_sword_recipe,net.mcreator.moreoresmoregems.item.NickelSwordItem,844,844,,1.6,8.32,3,1,1,1,3,2,nickel,3,3,0,approximately_aligned,no
more_ores_more_gems:nitinol_axe,axe,nitinol,1350,7.0,iron,0.0,9.0,-3.0,16,,minecraft:diamond,more_ores_more_gems:nitinol_axe_recipe,net.mcreator.moreoresmoregems.item.NitinolAxeItem,1350,1350,,1.0,9.0,3,1,1,1,3,2,tin,3,3,0,approximately_aligned,no
more_ores_more_gems:nitinol_hoe,hoe,nitinol,1350,7.0,iron,0.0,0.2,-1.0,16,,minecraft:diamond,more_ores_more_gems:nitinol_hoe_recipe,net.mcreator.moreoresmoregems.item.NitinolHoeItem,1350,1350,,3.0,0.6,3,1,1,0,3,2,tin,3,3,0,approximately_aligned,no
more_ores_more_gems:nitinol_pickaxe,pickaxe,nitinol,1350,7.0,iron,0.0,4.0,-2.8,16,,minecraft:diamond,more_ores_more_gems:nitinol_pickaxe_recipe,net.mcreator.moreoresmoregems.item.NitinolPickaxeItem,1350,1350,,1.2,4.8,3,1,1,0,3,2,tin,3,3,0,approximately_aligned,no
more_ores_more_gems:nitinol_shovel,shovel,nitinol,1350,7.0,iron,0.0,4.0,-3.0,16,,minecraft:diamond,more_ores_more_gems:nitinol_shovel_recipe,net.mcreator.moreoresmoregems.item.NitinolShovelItem,1350,1350,,1.0,4.0,3,1,1,0,3,2,tin,3,3,0,approximately_aligned,no
more_ores_more_gems:nitinol_sword,sword,nitinol,1350,7.0,iron,0.0,5.4,-2.4,16,,minecraft:diamond,more_ores_more_gems:nitinol_sword_recipe,net.mcreator.moreoresmoregems.item.NitinolSwordItem,1350,1350,,1.6,8.64,3,1,1,1,3,2,tin,3,3,0,approximately_aligned,no
more_ores_more_gems:opal_quartz_axe,axe,opal_quartz,922,12.0,iron,0.0,8.2,-2.9,20,,more_ores_more_gems:electrum_ingot,more_ores_more_gems:opal_quartz_axe_recipe,net.mcreator.moreoresmoregems.item.OpalQuartzAxeItem,922,922,,1.1,9.02,3,3,1,2,3,4,quartz,4,4,0,approximately_aligned,no
more_ores_more_gems:opal_quartz_hoe,hoe,opal_quartz,922,12.0,iron,0.0,0.8,0.0,20,,more_ores_more_gems:electrum_ingot,more_ores_more_gems:opal_quartz_hoe_recipe,net.mcreator.moreoresmoregems.item.OpalQuartzHoeItem,922,922,,4.0,3.2,3,3,1,0,3,4,quartz,4,4,0,approximately_aligned,no
more_ores_more_gems:opal_quartz_pickaxe,pickaxe,opal_quartz,922,12.0,iron,0.0,5.0,-2.6,20,,more_ores_more_gems:electrum_ingot,more_ores_more_gems:opal_quartz_pickaxe_recipe,net.mcreator.moreoresmoregems.item.OpalQuartzPickaxeItem,922,922,,1.4,7.0,3,3,1,0,3,4,quartz,4,4,0,approximately_aligned,no
more_ores_more_gems:opal_quartz_shovel,shovel,opal_quartz,922,12.0,iron,0.0,4.0,-2.8,20,,more_ores_more_gems:electrum_ingot,more_ores_more_gems:opal_quartz_shovel_recipe,net.mcreator.moreoresmoregems.item.OpalQuartzShovelItem,922,922,,1.2,4.8,3,3,1,0,3,4,quartz,4,4,0,approximately_aligned,no
more_ores_more_gems:opal_quartz_sword,sword,opal_quartz,922,12.0,iron,0.0,7.0,-2.4,20,,more_ores_more_gems:electrum_ingot,more_ores_more_gems:opal_quartz_sword_recipe,net.mcreator.moreoresmoregems.item.OpalQuartzSwordItem,922,922,,1.6,11.2,3,3,1,3,3,4,quartz,4,4,0,approximately_aligned,no
more_ores_more_gems:orange_fluorite_axe,axe,orange_fluorite,275,6.0,iron,0.0,8.0,-3.1,10,,minecraft:stick,more_ores_more_gems:orange_fluorite_axe_recipe,net.mcreator.moreoresmoregems.item.OrangeFluoriteAxeItem,275,275,,0.9,7.2,1,0,1,1,1,0,unclassified,1,1,0,approximately_aligned,no
more_ores_more_gems:orange_fluorite_hoe,hoe,orange_fluorite,275,6.0,iron,0.0,0.0,-2.0,14,,minecraft:stick,more_ores_more_gems:orange_fluorite_hoe_recipe,net.mcreator.moreoresmoregems.item.OrangeFluoriteHoeItem,275,275,,2.0,0.0,1,0,1,0,1,0,unclassified,1,1,0,approximately_aligned,no
more_ores_more_gems:orange_fluorite_pickaxe,pickaxe,orange_fluorite,275,6.0,iron,0.0,2.0,-2.6,10,,minecraft:stick,more_ores_more_gems:orange_fluorite_pickaxe_recipe,net.mcreator.moreoresmoregems.item.OrangeFluoritePickaxeItem,275,275,,1.4,2.8,1,0,1,0,1,0,unclassified,1,1,0,approximately_aligned,no
more_ores_more_gems:orange_fluorite_shovel,shovel,orange_fluorite,275,6.0,iron,0.0,2.6,-2.8,10,,minecraft:stick,more_ores_more_gems:orange_fluorite_shovel_recipe,net.mcreator.moreoresmoregems.item.OrangeFluoriteShovelItem,275,275,,1.2,3.12,1,0,1,0,1,0,unclassified,1,1,0,approximately_aligned,no
more_ores_more_gems:orange_fluorite_sword,sword,orange_fluorite,275,6.0,iron,0.0,4.0,-2.2,10,,minecraft:stick,more_ores_more_gems:orange_fluorite_sword_recipe,net.mcreator.moreoresmoregems.item.OrangeFluoriteSwordItem,275,275,,1.8,7.2,1,0,1,1,1,0,unclassified,1,1,0,approximately_aligned,no
more_ores_more_gems:orange_pink_fluorite_axe,axe,orange_pink_fluorite,500,7.0,iron,0.0,9.0,-3.0,14,,minecraft:iron_ingot,more_ores_more_gems:orange_pink_fluorite_axe_recipe,net.mcreator.moreoresmoregems.item.OrangePinkFluoriteAxeItem,500,500,,1.0,9.0,2,1,1,1,2,0,unclassified,2,2,0,approximately_aligned,no
more_ores_more_gems:orange_pink_fluorite_hoe,hoe,orange_pink_fluorite,500,7.0,iron,0.0,0.0,-0.4,14,,minecraft:iron_ingot,more_ores_more_gems:orange_pink_fluorite_hoe_recipe,net.mcreator.moreoresmoregems.item.OrangePinkFluoriteHoeItem,500,500,,3.6,0.0,2,1,1,0,2,0,unclassified,2,2,0,approximately_aligned,no
more_ores_more_gems:orange_pink_fluorite_pickaxe,pickaxe,orange_pink_fluorite,500,7.0,iron,0.0,3.4,-2.6,14,,minecraft:iron_ingot,more_ores_more_gems:orange_pink_fluorite_pickaxe_recipe,net.mcreator.moreoresmoregems.item.OrangePinkFluoritePickaxeItem,500,500,,1.4,4.76,2,1,1,0,2,0,unclassified,2,2,0,approximately_aligned,no
more_ores_more_gems:orange_pink_fluorite_shovel,shovel,orange_pink_fluorite,500,7.0,iron,0.0,4.0,-2.8,14,,minecraft:iron_ingot,more_ores_more_gems:orange_pink_fluorite_shovel_recipe,net.mcreator.moreoresmoregems.item.OrangePinkFluoriteShovelItem,500,500,,1.2,4.8,2,1,1,0,2,0,unclassified,2,2,0,approximately_aligned,no
more_ores_more_gems:orange_pink_fluorite_sword,sword,orange_pink_fluorite,500,7.0,iron,0.0,5.2,-2.2,14,,minecraft:iron_ingot,more_ores_more_gems:orange_pink_fluorite_sword_recipe,net.mcreator.moreoresmoregems.item.OrangePinkFluoriteSwordItem,500,500,,1.8,9.36,2,1,1,2,2,0,unclassified,2,2,0,approximately_aligned,no
more_ores_more_gems:padparadscha_5_axe,axe,padparadscha_5,762,8.0,iron,0.0,10.0,-3.0,18,,minecraft:iron_ingot,more_ores_more_gems:padparadscha_5_axe_recipe,net.mcreator.moreoresmoregems.item.Padparadscha5AxeItem,762,762,,1.0,10.0,2,1,1,2,2,0,unclassified,2,2,0,approximately_aligned,no
more_ores_more_gems:padparadscha_5_hoe,hoe,padparadscha_5,762,8.0,iron,0.0,0.2,-0.8,18,,minecraft:iron_ingot,more_ores_more_gems:padparadscha_5_hoe_recipe,net.mcreator.moreoresmoregems.item.Padparadscha5HoeItem,762,762,,3.2,0.64,2,1,1,0,2,0,unclassified,2,2,0,approximately_aligned,no
more_ores_more_gems:padparadscha_5_pickaxe,pickaxe,padparadscha_5,762,8.0,iron,0.0,3.5,-2.6,18,,minecraft:iron_ingot,more_ores_more_gems:padparadscha_5_pickaxe_recipe,net.mcreator.moreoresmoregems.item.Padparadscha5PickaxeItem,762,762,,1.4,4.9,2,1,1,0,2,0,unclassified,2,2,0,approximately_aligned,no
more_ores_more_gems:padparadscha_5_shovel,shovel,padparadscha_5,762,8.0,iron,0.0,4.0,-2.6,18,,minecraft:iron_ingot,more_ores_more_gems:padparadscha_5_shovel_recipe,net.mcreator.moreoresmoregems.item.Padparadscha5ShovelItem,762,762,,1.4,5.6,2,1,1,0,2,0,unclassified,2,2,0,approximately_aligned,no
more_ores_more_gems:padparadscha_5_sword,sword,padparadscha_5,762,8.0,iron,0.0,5.4,-2.2,18,,minecraft:iron_ingot,more_ores_more_gems:padparadscha_5_sword_recipe,net.mcreator.moreoresmoregems.item.Padparadscha5SwordItem,762,762,,1.8,9.72,2,1,1,2,2,0,unclassified,2,2,0,approximately_aligned,no
more_ores_more_gems:peridot_5_axe,axe,peridot_5,571,8.0,iron,0.0,0.0,-3.0,18,,minecraft:iron_ingot,more_ores_more_gems:peridot_5_axe_recipe,net.mcreator.moreoresmoregems.item.Peridot5AxeItem,571,571,,1.0,0.0,2,1,1,0,2,0,unclassified,2,2,0,approximately_aligned,no
more_ores_more_gems:peridot_5_hoe,hoe,peridot_5,571,8.0,iron,0.0,0.0,0.0,18,,minecraft:iron_ingot,more_ores_more_gems:peridot_5_hoe_recipe,net.mcreator.moreoresmoregems.item.Peridot5HoeItem,571,571,,4.0,0.0,2,1,1,0,2,0,unclassified,2,2,0,approximately_aligned,no
more_ores_more_gems:peridot_5_pickaxe,pickaxe,peridot_5,571,8.0,iron,0.0,3.2,-2.6,18,,minecraft:iron_ingot,more_ores_more_gems:peridot_5_pickaxe_recipe,net.mcreator.moreoresmoregems.item.Peridot5PickaxeItem,571,571,,1.4,4.48,2,1,1,0,2,0,unclassified,2,2,0,approximately_aligned,no
more_ores_more_gems:peridot_5_shovel,shovel,peridot_5,571,8.0,iron,0.0,3.0,-3.0,18,,minecraft:iron_ingot,more_ores_more_gems:peridot_5_shovel_recipe,net.mcreator.moreoresmoregems.item.Peridot5ShovelItem,571,571,,1.0,3.0,2,1,1,0,2,0,unclassified,2,2,0,approximately_aligned,no
more_ores_more_gems:peridot_5_sword,sword,peridot_5,571,8.0,iron,0.0,6.0,-2.4,18,,minecraft:iron_ingot,more_ores_more_gems:peridot_5_sword_recipe,net.mcreator.moreoresmoregems.item.Peridot5SwordItem,571,571,,1.6,9.6,2,1,1,2,2,0,unclassified,2,2,0,approximately_aligned,no
more_ores_more_gems:pink_axe,axe,pink,900,10.0,iron,0.0,8.2,-3.0,24,,minecraft:diamond,more_ores_more_gems:pink_axe_recipe,net.mcreator.moreoresmoregems.item.PinkAxeItem,900,900,,1.0,8.2,3,2,1,1,3,0,unclassified,3,3,0,approximately_aligned,no
more_ores_more_gems:pink_flourite_axe,axe,pink_flourite,275,6.0,iron,0.0,8.0,-3.1,10,,minecraft:stick,more_ores_more_gems:pink_flourite_axe_recipe,net.mcreator.moreoresmoregems.item.PinkFlouriteAxeItem,275,275,,0.9,7.2,1,0,1,1,1,0,unclassified,1,1,0,approximately_aligned,no
more_ores_more_gems:pink_flourite_hoe,hoe,pink_flourite,275,6.0,iron,0.0,0.0,-2.0,10,,minecraft:stick,more_ores_more_gems:pink_flourite_hoe_recipe,net.mcreator.moreoresmoregems.item.PinkFlouriteHoeItem,275,275,,2.0,0.0,1,0,1,0,1,0,unclassified,1,1,0,approximately_aligned,no
more_ores_more_gems:pink_flourite_pickaxe,pickaxe,pink_flourite,275,6.0,iron,0.0,2.0,-2.6,10,,minecraft:stick,more_ores_more_gems:pink_flourite_pickaxe_recipe,net.mcreator.moreoresmoregems.item.PinkFlouritePickaxeItem,275,275,,1.4,2.8,1,0,1,0,1,0,unclassified,1,1,0,approximately_aligned,no
more_ores_more_gems:pink_flourite_shovel,shovel,pink_flourite,275,6.0,iron,0.0,2.6,-2.8,10,,minecraft:stick,more_ores_more_gems:pink_flourite_shovel_recipe,net.mcreator.moreoresmoregems.item.PinkFlouriteShovelItem,275,275,,1.2,3.12,1,0,1,0,1,0,unclassified,1,1,0,approximately_aligned,no
more_ores_more_gems:pink_flourite_sword,sword,pink_flourite,275,6.0,iron,0.0,4.0,-2.2,10,,minecraft:stick,more_ores_more_gems:pink_flourite_sword_recipe,net.mcreator.moreoresmoregems.item.PinkFlouriteSwordItem,275,275,,1.8,7.2,1,0,1,1,1,0,unclassified,1,1,0,approximately_aligned,no
more_ores_more_gems:pink_hoe,hoe,pink,900,10.0,iron,0.0,0.8,0.0,24,,minecraft:diamond,more_ores_more_gems:pink_hoe_recipe,net.mcreator.moreoresmoregems.item.PinkHoeItem,900,900,,4.0,3.2,3,2,1,0,3,0,unclassified,3,3,0,approximately_aligned,no
more_ores_more_gems:pink_pickaxe,pickaxe,pink,900,10.0,iron,0.0,4.0,-2.4,24,,minecraft:diamond,more_ores_more_gems:pink_pickaxe_recipe,net.mcreator.moreoresmoregems.item.PinkPickaxeItem,900,900,,1.6,6.4,3,2,1,0,3,0,unclassified,3,3,0,approximately_aligned,no
more_ores_more_gems:pink_shovel,shovel,pink,900,10.0,iron,0.0,4.0,-3.0,24,,minecraft:diamond,more_ores_more_gems:pink_shovel_recipe,net.mcreator.moreoresmoregems.item.PinkShovelItem,900,900,,1.0,4.0,3,2,1,0,3,0,unclassified,3,3,0,approximately_aligned,no
more_ores_more_gems:pink_sword,sword,pink,900,10.0,iron,0.0,6.2,-2.0,24,,minecraft:diamond,more_ores_more_gems:pink_sword_recipe,net.mcreator.moreoresmoregems.item.PinkSwordItem,900,900,,2.0,12.4,3,2,1,3,3,0,unclassified,3,3,0,approximately_aligned,no
more_ores_more_gems:platinum_axe,axe,platinum,976,8.0,iron,0.0,7.8,-3.0,20,,more_ores_more_gems:titanium_stick,more_ores_more_gems:platinum_axe_recipe,net.mcreator.moreoresmoregems.item.PlatinumAxeItem,976,976,,1.0,7.8,3,1,1,1,3,5,platinum,5,5,0,approximately_aligned,no
more_ores_more_gems:platinum_hoe,hoe,platinum,976,8.0,iron,0.0,0.0,-1.0,20,,more_ores_more_gems:titanium_stick,more_ores_more_gems:platinum_hoe_recipe,net.mcreator.moreoresmoregems.item.PlatinumHoeItem,976,976,,3.0,0.0,3,1,1,0,3,5,platinum,5,5,0,approximately_aligned,no
more_ores_more_gems:platinum_pickaxe,pickaxe,platinum,976,8.0,iron,0.0,3.6,-2.6,20,,more_ores_more_gems:titanium_stick,more_ores_more_gems:platinum_pickaxe_recipe,net.mcreator.moreoresmoregems.item.PlatinumPickaxeItem,976,976,,1.4,5.04,3,1,1,0,3,5,platinum,5,5,0,approximately_aligned,no
more_ores_more_gems:platinum_shovel,shovel,platinum,976,8.0,iron,0.0,4.0,-2.8,20,,more_ores_more_gems:titanium_stick,more_ores_more_gems:platinum_shovel_recipe,net.mcreator.moreoresmoregems.item.PlatinumShovelItem,976,976,,1.2,4.8,3,1,1,0,3,5,platinum,5,5,0,approximately_aligned,no
more_ores_more_gems:platinum_sword,sword,platinum,976,8.0,iron,0.0,5.4,-2.4,20,,more_ores_more_gems:titanium_stick,more_ores_more_gems:platinum_sword_recipe,net.mcreator.moreoresmoregems.item.PlatinumSwordItem,976,976,,1.6,8.64,3,1,1,1,3,5,platinum,5,5,0,approximately_aligned,no
more_ores_more_gems:purple_fluorite_axe,axe,purple_fluorite,275,6.0,iron,0.0,8.0,-3.1,10,,minecraft:stick,more_ores_more_gems:purple_fluorite_axe_recipe,net.mcreator.moreoresmoregems.item.PurpleFluoriteAxeItem,275,275,,0.9,7.2,1,0,1,1,1,0,unclassified,1,1,0,approximately_aligned,no
more_ores_more_gems:purple_fluorite_hoe,hoe,purple_fluorite,275,6.0,iron,0.0,0.0,-2.0,10,,minecraft:stick,more_ores_more_gems:purple_fluorite_hoe_recipe,net.mcreator.moreoresmoregems.item.PurpleFluoriteHoeItem,275,275,,2.0,0.0,1,0,1,0,1,0,unclassified,1,1,0,approximately_aligned,no
more_ores_more_gems:purple_fluorite_pickaxe,pickaxe,purple_fluorite,275,6.0,iron,0.0,2.0,-2.6,10,,minecraft:stick,more_ores_more_gems:purple_fluorite_pickaxe_recipe,net.mcreator.moreoresmoregems.item.PurpleFluoritePickaxeItem,275,275,,1.4,2.8,1,0,1,0,1,0,unclassified,1,1,0,approximately_aligned,no
more_ores_more_gems:purple_fluorite_shovel,shovel,purple_fluorite,275,6.0,iron,0.0,2.6,-2.8,10,,minecraft:stick,more_ores_more_gems:purple_fluorite_shovel_recipe,net.mcreator.moreoresmoregems.item.PurpleFluoriteShovelItem,275,275,,1.2,3.12,1,0,1,0,1,0,unclassified,1,1,0,approximately_aligned,no
more_ores_more_gems:purple_fluorite_sword,sword,purple_fluorite,275,6.0,iron,0.0,4.0,-2.2,10,,minecraft:stick,more_ores_more_gems:purple_fluorite_sword_recipe,net.mcreator.moreoresmoregems.item.PurpleFluoriteSwordItem,275,275,,1.8,7.2,1,0,1,1,1,0,unclassified,1,1,0,approximately_aligned,no
more_ores_more_gems:purple_green_fluorite_axe,axe,purple_green_fluorite,500,7.0,iron,0.0,9.0,-3.0,14,,minecraft:iron_ingot,more_ores_more_gems:purple_green_fluorite_axe_recipe,net.mcreator.moreoresmoregems.item.PurpleGreenFluoriteAxeItem,500,500,,1.0,9.0,2,1,1,1,2,0,unclassified,2,2,0,approximately_aligned,no
more_ores_more_gems:purple_green_fluorite_hoe,hoe,purple_green_fluorite,500,7.0,iron,0.0,0.0,-0.4,14,,minecraft:iron_ingot,more_ores_more_gems:purple_green_fluorite_hoe_recipe,net.mcreator.moreoresmoregems.item.PurpleGreenFluoriteHoeItem,500,500,,3.6,0.0,2,1,1,0,2,0,unclassified,2,2,0,approximately_aligned,no
more_ores_more_gems:purple_green_fluorite_pickaxe,pickaxe,purple_green_fluorite,500,7.0,iron,0.0,3.4,-2.6,14,,minecraft:iron_ingot,more_ores_more_gems:purple_green_fluorite_pickaxe_recipe,net.mcreator.moreoresmoregems.item.PurpleGreenFluoritePickaxeItem,500,500,,1.4,4.76,2,1,1,0,2,0,unclassified,2,2,0,approximately_aligned,no
more_ores_more_gems:purple_green_fluorite_shovel,shovel,purple_green_fluorite,500,7.0,iron,0.0,4.0,-2.8,14,,minecraft:iron_ingot,more_ores_more_gems:purple_green_fluorite_shovel_recipe,net.mcreator.moreoresmoregems.item.PurpleGreenFluoriteShovelItem,500,500,,1.2,4.8,2,1,1,0,2,0,unclassified,2,2,0,approximately_aligned,no
more_ores_more_gems:purple_green_fluorite_sword,sword,purple_green_fluorite,500,7.0,iron,0.0,5.2,-2.2,14,,minecraft:iron_ingot,more_ores_more_gems:purple_green_fluorite_sword_recipe,net.mcreator.moreoresmoregems.item.PurpleGreenFluoriteSwordItem,500,500,,1.8,9.36,2,1,1,2,2,0,unclassified,2,2,0,approximately_aligned,no
more_ores_more_gems:radium_axe,axe,radium,1800,13.0,diamond,0.0,13.0,-3.2,13,,more_ores_more_gems:tungsten,more_ores_more_gems:radium_axe_recipe,net.mcreator.moreoresmoregems.item.RadiumAxeItem,1800,1800,,0.8,10.4,4,4,3,2,4,6,radium,6,6,0,approximately_aligned,no
more_ores_more_gems:radium_hoe,hoe,radium,1800,13.0,diamond,0.0,3.0,0.0,13,,more_ores_more_gems:tungsten,more_ores_more_gems:radium_hoe_recipe,net.mcreator.moreoresmoregems.item.RadiumHoeItem,1800,1800,,4.0,12.0,4,4,3,0,4,6,radium,6,6,0,approximately_aligned,no
more_ores_more_gems:radium_pickaxe,pickaxe,radium,1800,13.0,diamond,0.0,7.0,-2.8,13,,more_ores_more_gems:tungsten,more_ores_more_gems:radium_pickaxe_recipe,net.mcreator.moreoresmoregems.item.RadiumPickaxeItem,1800,1800,,1.2,8.4,4,4,3,0,4,6,radium,6,6,0,approximately_aligned,no
more_ores_more_gems:radium_shovel,shovel,radium,1800,13.0,diamond,0.0,5.0,-2.4,13,,more_ores_more_gems:tungsten,more_ores_more_gems:radium_shovel_recipe,net.mcreator.moreoresmoregems.item.RadiumShovelItem,1800,1800,,1.6,8.0,4,4,3,0,4,6,radium,6,6,0,approximately_aligned,no
more_ores_more_gems:radium_sword,sword,radium,1800,13.0,diamond,0.0,9.0,-2.0,13,,more_ores_more_gems:tungsten,more_ores_more_gems:radium_sword_recipe,net.mcreator.moreoresmoregems.item.RadiumSwordItem,1800,1800,,2.0,18.0,4,4,3,4,4,6,radium,6,6,0,approximately_aligned,no
more_ores_more_gems:rainbow_fluorite_axe,axe,rainbow_fluorite,1204,10.0,diamond,0.0,11.0,-3.0,20,,minecraft:diamond,more_ores_more_gems:rainbow_fluorite_axe_recipe,net.mcreator.moreoresmoregems.item.RainbowFluoriteAxeItem,1204,1204,,1.0,11.0,3,2,3,2,3,0,unclassified,3,3,0,approximately_aligned,no
more_ores_more_gems:rainbow_fluorite_hoe,hoe,rainbow_fluorite,1204,10.0,diamond,0.0,1.0,0.0,20,,minecraft:diamond,more_ores_more_gems:rainbow_fluorite_hoe_recipe,net.mcreator.moreoresmoregems.item.RainbowFluoriteHoeItem,1204,1204,,4.0,4.0,3,2,3,0,3,0,unclassified,3,3,0,approximately_aligned,no
more_ores_more_gems:rainbow_fluorite_pickaxe,pickaxe,rainbow_fluorite,1204,10.0,diamond,0.0,5.0,-2.4,20,,minecraft:diamond,more_ores_more_gems:rainbow_fluorite_pickaxe_recipe,net.mcreator.moreoresmoregems.item.RainbowFluoritePickaxeItem,1204,1204,,1.6,8.0,3,2,3,0,3,0,unclassified,3,3,0,approximately_aligned,no
more_ores_more_gems:rainbow_fluorite_shovel,shovel,rainbow_fluorite,1204,10.0,diamond,0.0,5.0,-2.6,20,,minecraft:diamond,more_ores_more_gems:rainbow_fluorite_shovel_recipe,net.mcreator.moreoresmoregems.item.RainbowFluoriteShovelItem,1204,1204,,1.4,7.0,3,2,3,0,3,0,unclassified,3,3,0,approximately_aligned,no
more_ores_more_gems:rainbow_fluorite_sword,sword,rainbow_fluorite,1204,10.0,diamond,0.0,7.2,-2.2,20,,minecraft:diamond,more_ores_more_gems:rainbow_fluorite_sword_recipe,net.mcreator.moreoresmoregems.item.RainbowFluoriteSwordItem,1204,1204,,1.8,12.96,3,2,3,3,3,0,unclassified,3,3,0,approximately_aligned,no
more_ores_more_gems:rare_axe,axe,rare,1574,10.0,diamond,0.0,13.0,-3.0,20,,minecraft:diamond,more_ores_more_gems:rare_axe_recipe,net.mcreator.moreoresmoregems.item.RareAxeItem,1574,1574,,1.0,13.0,3,2,3,3,3,0,unclassified,3,3,0,approximately_aligned,no
more_ores_more_gems:rare_hoe,hoe,rare,1574,10.0,diamond,0.0,0.5,0.5,20,,minecraft:diamond,more_ores_more_gems:rare_hoe_recipe,net.mcreator.moreoresmoregems.item.RareHoeItem,1574,1574,,4.5,2.25,3,2,3,0,3,0,unclassified,3,3,0,approximately_aligned,no
more_ores_more_gems:rare_pickaxe,pickaxe,rare,1574,10.0,diamond,0.0,4.5,-2.6,20,,minecraft:diamond,more_ores_more_gems:rare_pickaxe_recipe,net.mcreator.moreoresmoregems.item.RarePickaxeItem,1574,1574,,1.4,6.3,3,2,3,0,3,0,unclassified,3,3,0,approximately_aligned,no
more_ores_more_gems:rare_shovel,shovel,rare,1574,10.0,diamond,0.0,5.0,-2.5,20,,minecraft:diamond,more_ores_more_gems:rare_shovel_recipe,net.mcreator.moreoresmoregems.item.RareShovelItem,1574,1574,,1.5,7.5,3,2,3,0,3,0,unclassified,3,3,0,approximately_aligned,no
more_ores_more_gems:rare_sword,sword,rare,1574,10.0,diamond,0.0,7.0,-2.2,20,,minecraft:diamond,more_ores_more_gems:rare_sword_recipe,net.mcreator.moreoresmoregems.item.RareSwordItem,1574,1574,,1.8,12.6,3,2,3,3,3,0,unclassified,3,3,0,approximately_aligned,no
more_ores_more_gems:rhodium_axe,axe,rhodium,1350,12.0,iron,0.0,9.0,-3.0,20,,minecraft:diamond,more_ores_more_gems:rhodium_axe_recipe,net.mcreator.moreoresmoregems.item.RhodiumAxeItem,1350,1350,,1.0,9.0,3,3,1,1,3,0,unclassified,3,3,0,approximately_aligned,no
more_ores_more_gems:rhodium_hoe,hoe,rhodium,1350,12.0,iron,0.0,1.0,-1.0,20,,minecraft:diamond,more_ores_more_gems:rhodium_hoe_recipe,net.mcreator.moreoresmoregems.item.RhodiumHoeItem,1350,1350,,3.0,3.0,3,3,1,0,3,0,unclassified,3,3,0,approximately_aligned,no
more_ores_more_gems:rhodium_pickaxe,pickaxe,rhodium,1350,12.0,iron,0.0,5.0,-2.8,20,,minecraft:diamond,more_ores_more_gems:rhodium_pickaxe_recipe,net.mcreator.moreoresmoregems.item.RhodiumPickaxeItem,1350,1350,,1.2,6.0,3,3,1,0,3,0,unclassified,3,3,0,approximately_aligned,no
more_ores_more_gems:rhodium_shovel,shovel,rhodium,1350,12.0,iron,0.0,4.0,-2.6,20,,minecraft:diamond,more_ores_more_gems:rhodium_shovel_recipe,net.mcreator.moreoresmoregems.item.RhodiumShovelItem,1350,1350,,1.4,5.6,3,3,1,0,3,0,unclassified,3,3,0,approximately_aligned,no
more_ores_more_gems:rhodium_sword,sword,rhodium,1350,12.0,iron,0.0,7.0,-2.4,20,,minecraft:diamond,more_ores_more_gems:rhodium_sword_recipe,net.mcreator.moreoresmoregems.item.RhodiumSwordItem,1350,1350,,1.6,11.2,3,3,1,3,3,0,unclassified,3,3,0,approximately_aligned,no
more_ores_more_gems:rose_gold_axe,axe,rose_gold,512,14.0,iron,0.0,8.0,-2.8,20,,more_ores_more_gems:electrum_ingot,more_ores_more_gems:rose_gold_axe_recipe,net.mcreator.moreoresmoregems.item.RoseGoldAxeItem,512,512,,1.2,9.6,2,4,1,2,4,0,unclassified,4,4,0,approximately_aligned,no
more_ores_more_gems:rose_gold_hoe,hoe,rose_gold,512,14.0,iron,0.0,0.2,0.0,20,,more_ores_more_gems:electrum_ingot,more_ores_more_gems:rose_gold_hoe_recipe,net.mcreator.moreoresmoregems.item.RoseGoldHoeItem,512,512,,4.0,0.8,2,4,1,0,4,0,unclassified,4,4,0,approximately_aligned,no
more_ores_more_gems:rose_gold_pickaxe,pickaxe,rose_gold,512,14.0,iron,0.0,4.2,-2.6,20,,more_ores_more_gems:electrum_ingot,more_ores_more_gems:rose_gold_pickaxe_recipe,net.mcreator.moreoresmoregems.item.RoseGoldPickaxeItem,512,512,,1.4,5.88,2,4,1,0,4,0,unclassified,4,4,0,approximately_aligned,no
more_ores_more_gems:rose_gold_shovel,shovel,rose_gold,512,14.0,iron,0.0,4.0,-2.6,20,,more_ores_more_gems:electrum_ingot,more_ores_more_gems:rose_gold_shovel_recipe,net.mcreator.moreoresmoregems.item.RoseGoldShovelItem,512,512,,1.4,5.6,2,4,1,0,4,0,unclassified,4,4,0,approximately_aligned,no
more_ores_more_gems:rose_gold_sword,sword,rose_gold,512,14.0,iron,0.0,6.0,-2.2,20,,more_ores_more_gems:electrum_ingot,more_ores_more_gems:rose_gold_sword_recipe,net.mcreator.moreoresmoregems.item.RoseGoldSwordItem,512,512,,1.8,10.8,2,4,1,2,4,0,unclassified,4,4,0,approximately_aligned,no
more_ores_more_gems:ruby_axe,axe,ruby,1000,6.0,iron,0.0,8.0,-3.0,14,,minecraft:diamond,more_ores_more_gems:ruby_axe_recipe,net.mcreator.moreoresmoregems.item.RubyAxeItem,1000,1000,,1.0,8.0,3,0,1,1,3,0,unclassified,3,3,0,approximately_aligned,no
more_ores_more_gems:ruby_hoe,hoe,ruby,1000,6.0,iron,0.0,0.0,-0.75,14,,minecraft:diamond,more_ores_more_gems:ruby_hoe_recipe,net.mcreator.moreoresmoregems.item.RubyHoeItem,1000,1000,,3.25,0.0,3,0,1,0,3,0,unclassified,3,3,0,approximately_aligned,no
more_ores_more_gems:ruby_pickaxe,pickaxe,ruby,1000,6.0,iron,0.0,3.0,-2.8,14,,minecraft:diamond,more_ores_more_gems:ruby_pickaxe_recipe,net.mcreator.moreoresmoregems.item.RubyPickaxeItem,1000,1000,,1.2,3.6,3,0,1,0,3,0,unclassified,3,3,0,approximately_aligned,no
more_ores_more_gems:ruby_shovel,shovel,ruby,1000,7.0,iron,0.0,3.0,-3.0,14,,minecraft:diamond,more_ores_more_gems:ruby_shovel_recipe,net.mcreator.moreoresmoregems.item.RubyShovelItem,1000,1000,,1.0,3.0,3,1,1,0,3,0,unclassified,3,3,0,approximately_aligned,no
more_ores_more_gems:ruby_sword,sword,ruby,1000,6.0,iron,0.0,4.5,-2.2,14,,minecraft:diamond,more_ores_more_gems:ruby_sword_recipe,net.mcreator.moreoresmoregems.item.RubySwordItem,1000,1000,,1.8,8.1,3,0,1,1,3,0,unclassified,3,3,0,approximately_aligned,no
more_ores_more_gems:sapphirel_axe,axe,sapphirel,1000,8.0,iron,0.0,10.0,-2.8,16,,more_ores_more_gems:electrum_ingot,more_ores_more_gems:sapphirel_axe_recipe,net.mcreator.moreoresmoregems.item.SapphirelAxeItem,1000,1000,,1.2,12.0,3,1,1,3,3,4,sapphire,4,4,0,approximately_aligned,no
more_ores_more_gems:sapphirel_hoe,hoe,sapphirel,1000,8.0,iron,0.0,0.2,-0.5,16,,more_ores_more_gems:electrum_ingot,more_ores_more_gems:sapphirel_hoe_recipe,net.mcreator.moreoresmoregems.item.SapphirelHoeItem,1000,1000,,3.5,0.7,3,1,1,0,3,4,sapphire,4,4,0,approximately_aligned,no
more_ores_more_gems:sapphirel_pickaxe,pickaxe,sapphirel,1000,8.0,iron,0.0,4.0,-2.6,16,,more_ores_more_gems:electrum_ingot,more_ores_more_gems:sapphirel_pickaxe_recipe,net.mcreator.moreoresmoregems.item.SapphirelPickaxeItem,1000,1000,,1.4,5.6,3,1,1,0,3,4,sapphire,4,4,0,approximately_aligned,no
more_ores_more_gems:sapphirel_shovel,shovel,sapphirel,1000,8.0,iron,0.0,4.0,-2.5,16,,more_ores_more_gems:electrum_ingot,more_ores_more_gems:sapphirel_shovel_recipe,net.mcreator.moreoresmoregems.item.SapphirelShovelItem,1000,1000,,1.5,6.0,3,1,1,0,3,4,sapphire,4,4,0,approximately_aligned,no
more_ores_more_gems:sapphirel_sword,sword,sapphirel,1000,8.0,iron,0.0,6.0,-2.2,16,,more_ores_more_gems:electrum_ingot,more_ores_more_gems:sapphirel_sword_recipe,net.mcreator.moreoresmoregems.item.SapphirelSwordItem,1000,1000,,1.8,10.8,3,1,1,2,3,4,sapphire,4,4,0,approximately_aligned,no
more_ores_more_gems:shadowite_1_axe,axe,shadowite_1,775,6.0,iron,0.0,8.0,-3.0,12,,stellaris:desh_ingot,more_ores_more_gems:shadowite_1_axe_recipe,net.mcreator.moreoresmoregems.item.Shadowite1AxeItem,775,775,,1.0,8.0,2,0,1,1,2,7,shadowite,7,7,0,approximately_aligned,no
more_ores_more_gems:shadowite_1_hoe,hoe,shadowite_1,775,6.0,iron,0.0,0.1,-1.0,12,,stellaris:desh_ingot,more_ores_more_gems:shadowite_1_hoe_recipe,net.mcreator.moreoresmoregems.item.Shadowite1HoeItem,775,775,,3.0,0.3,2,0,1,0,2,7,shadowite,7,7,0,approximately_aligned,no
more_ores_more_gems:shadowite_1_pickaxe,pickaxe,shadowite_1,775,6.0,iron,0.0,3.5,-2.9,12,,stellaris:desh_ingot,more_ores_more_gems:shadowite_1_pickaxe_recipe,net.mcreator.moreoresmoregems.item.Shadowite1PickaxeItem,775,775,,1.1,3.85,2,0,1,0,2,7,shadowite,7,7,0,approximately_aligned,no
more_ores_more_gems:shadowite_1_shovel,shovel,shadowite_1,775,6.0,iron,0.0,4.5,-3.0,12,,stellaris:desh_ingot,more_ores_more_gems:shadowite_1_shovel_recipe,net.mcreator.moreoresmoregems.item.Shadowite1ShovelItem,775,775,,1.0,4.5,2,0,1,0,2,7,shadowite,7,7,0,approximately_aligned,no
more_ores_more_gems:shadowite_1_sword,sword,shadowite_1,775,6.0,iron,0.0,5.5,-2.4,12,,stellaris:desh_ingot,more_ores_more_gems:shadowite_1_sword_recipe,net.mcreator.moreoresmoregems.item.Shadowite1SwordItem,775,775,,1.6,8.8,2,0,1,1,2,7,shadowite,7,7,0,approximately_aligned,no
more_ores_more_gems:shadowsteel_axe,axe,shadowsteel,1685,9.0,diamond,0.0,13.0,-3.3,18,,stellaris:desh_ingot,more_ores_more_gems:shadowsteel_axe_recipe,net.mcreator.moreoresmoregems.item.ShadowsteelAxeItem,1685,1685,,0.7,9.1,4,2,3,2,4,7,shadowsteel,7,7,0,approximately_aligned,no
more_ores_more_gems:shadowsteel_hoe,hoe,shadowsteel,1682,8.0,diamond,0.0,0.3,0.0,16,,stellaris:desh_ingot,more_ores_more_gems:shadowsteel_hoe_recipe,net.mcreator.moreoresmoregems.item.ShadowsteelHoeItem,1682,1682,,4.0,1.2,4,1,3,0,4,7,shadowsteel,7,7,0,approximately_aligned,no
more_ores_more_gems:shadowsteel_pickaxe,pickaxe,shadowsteel,1682,9.0,diamond,0.0,5.0,-2.6,16,,stellaris:desh_ingot,more_ores_more_gems:shadowsteel_pickaxe_recipe,net.mcreator.moreoresmoregems.item.ShadowsteelPickaxeItem,1682,1682,,1.4,7.0,4,2,3,0,4,7,shadowsteel,7,7,0,approximately_aligned,no
more_ores_more_gems:shadowsteel_shovel,shovel,shadowsteel,1682,9.0,diamond,0.0,5.5,-2.5,16,,stellaris:desh_ingot,more_ores_more_gems:shadowsteel_shovel_recipe,net.mcreator.moreoresmoregems.item.ShadowsteelShovelItem,1682,1682,,1.5,8.25,4,2,3,0,4,7,shadowsteel,7,7,0,approximately_aligned,no
more_ores_more_gems:shadowsteel_sword,sword,shadowsteel,1682,9.0,diamond,0.0,7.2,-2.4,18,,stellaris:desh_ingot,more_ores_more_gems:shadowsteel_sword_recipe,net.mcreator.moreoresmoregems.item.ShadowsteelSwordItem,1682,1682,,1.6,11.52,4,2,3,3,4,7,shadowsteel,7,7,0,approximately_aligned,no
more_ores_more_gems:skysteel_p_axe,axe,skysteel_p,3400,9.0,netherite,0.0,14.0,-3.3,20,,stellaris:desh_ingot,more_ores_more_gems:skysteel_p_axe_recipe,net.mcreator.moreoresmoregems.item.SkysteelPAxeItem,3400,3400,,0.7,9.8,6,2,6,2,6,7,skysteel,7,7,0,approximately_aligned,no
more_ores_more_gems:skysteel_p_hoe,hoe,skysteel_p,3400,9.0,netherite,0.0,0.5,0.0,20,,stellaris:desh_ingot,more_ores_more_gems:skysteel_p_hoe_recipe,net.mcreator.moreoresmoregems.item.SkysteelPHoeItem,3400,3400,,4.0,2.0,6,2,6,0,6,7,skysteel,7,7,0,approximately_aligned,no
more_ores_more_gems:skysteel_p_pickaxe,pickaxe,skysteel_p,3400,9.0,netherite,0.0,5.0,-2.5,18,,stellaris:desh_ingot,more_ores_more_gems:skysteel_p_pickaxe_recipe,net.mcreator.moreoresmoregems.item.SkysteelPPickaxeItem,3400,3400,,1.5,7.5,6,2,6,0,6,7,skysteel,7,7,0,approximately_aligned,no
more_ores_more_gems:skysteel_p_shovel,shovel,skysteel_p,3400,9.0,netherite,0.0,5.8,-2.4,18,,stellaris:desh_ingot,more_ores_more_gems:skysteel_p_shovel_recipe,net.mcreator.moreoresmoregems.item.SkysteelPShovelItem,3400,3400,,1.6,9.28,6,2,6,0,6,7,skysteel,7,7,0,approximately_aligned,no
more_ores_more_gems:skysteel_p_sword,sword,skysteel_p,3400,10.0,netherite,0.0,17.0,-0.8,20,,stellaris:desh_ingot,more_ores_more_gems:skysteel_p_sword_recipe,net.mcreator.moreoresmoregems.item.SkysteelPSwordItem,3400,3400,,3.2,54.4,6,2,6,7,7,7,skysteel,7,7,0,approximately_aligned,no
more_ores_more_gems:sliver_axe,axe,sliver,444,12.0,gold,0.0,7.0,-3.0,20,,minecraft:diamond,more_ores_more_gems:sliver_axe_recipe,net.mcreator.moreoresmoregems.item.SliverAxeItem,444,444,,1.0,7.0,2,3,0,0,3,3,sliver,3,3,0,approximately_aligned,no
more_ores_more_gems:sliver_hoe,hoe,sliver,444,12.0,gold,0.0,0.0,-1.5,20,,minecraft:diamond,more_ores_more_gems:sliver_hoe_recipe,net.mcreator.moreoresmoregems.item.SliverHoeItem,444,444,,2.5,0.0,2,3,0,0,3,3,sliver,3,3,0,approximately_aligned,no
more_ores_more_gems:sliver_pickaxe,pickaxe,sliver,444,12.0,gold,0.0,2.0,-2.6,20,,minecraft:diamond,more_ores_more_gems:sliver_pickaxe_recipe,net.mcreator.moreoresmoregems.item.SliverPickaxeItem,444,444,,1.4,2.8,2,3,0,0,3,3,sliver,3,3,0,approximately_aligned,no
more_ores_more_gems:sliver_shovel,shovel,sliver,444,12.0,gold,0.0,3.0,-2.8,20,,minecraft:diamond,more_ores_more_gems:sliver_shovel_recipe,net.mcreator.moreoresmoregems.item.SliverShovelItem,444,444,,1.2,3.6,2,3,0,0,3,3,sliver,3,3,0,approximately_aligned,no
more_ores_more_gems:sliver_sword,sword,sliver,444,12.0,gold,0.0,4.5,-2.4,20,,minecraft:diamond,more_ores_more_gems:sliver_sword_recipe,net.mcreator.moreoresmoregems.item.SliverSwordItem,444,444,,1.6,7.2,2,3,0,1,3,3,sliver,3,3,0,approximately_aligned,no
more_ores_more_gems:steel_axe,axe,steel,1412,6.0,iron,0.0,8.0,-3.0,16,,minecraft:diamond,more_ores_more_gems:steel_axe_recipe,net.mcreator.moreoresmoregems.item.SteelAxeItem,1412,1412,,1.0,8.0,3,0,1,1,3,0,unclassified,3,3,0,approximately_aligned,no
more_ores_more_gems:steel_hoe,hoe,steel,1412,6.5,iron,0.0,0.0,-1.0,16,,minecraft:diamond,more_ores_more_gems:steel_hoe_recipe,net.mcreator.moreoresmoregems.item.SteelHoeItem,1412,1412,,3.0,0.0,3,1,1,0,3,0,unclassified,3,3,0,approximately_aligned,no
more_ores_more_gems:steel_pickaxe,pickaxe,steel,1412,7.0,iron,0.0,4.0,-2.9,16,,minecraft:diamond,more_ores_more_gems:steel_pickaxe_recipe,net.mcreator.moreoresmoregems.item.SteelPickaxeItem,1412,1412,,1.1,4.4,3,1,1,0,3,0,unclassified,3,3,0,approximately_aligned,no
more_ores_more_gems:steel_shovel,shovel,steel,1412,6.5,iron,0.0,4.0,-3.0,16,,minecraft:diamond,more_ores_more_gems:steel_shovel_recipe,net.mcreator.moreoresmoregems.item.SteelShovelItem,1412,1412,,1.0,4.0,3,1,1,0,3,0,unclassified,3,3,0,approximately_aligned,no
more_ores_more_gems:steel_sword,sword,steel,1412,6.0,iron,0.0,5.8,-2.4,16,,minecraft:diamond,more_ores_more_gems:steel_sword_recipe,net.mcreator.moreoresmoregems.item.SteelSwordItem,1412,1412,,1.6,9.28,3,0,1,2,3,0,unclassified,3,3,0,approximately_aligned,no
more_ores_more_gems:tanzanite_5_axe,axe,tanzanite_5,540,8.0,iron,0.0,8.0,-3.0,18,,minecraft:iron_ingot,more_ores_more_gems:tanzanite_5_axe_recipe,net.mcreator.moreoresmoregems.item.Tanzanite5AxeItem,540,540,,1.0,8.0,2,1,1,1,2,0,unclassified,2,2,0,approximately_aligned,no
more_ores_more_gems:tanzanite_5_hoe,hoe,tanzanite_5,540,8.0,iron,0.0,0.0,0.0,18,,minecraft:iron_ingot,more_ores_more_gems:tanzanite_5_hoe_recipe,net.mcreator.moreoresmoregems.item.Tanzanite5HoeItem,540,540,,4.0,0.0,2,1,1,0,2,0,unclassified,2,2,0,approximately_aligned,no
more_ores_more_gems:tanzanite_5_pickaxe,pickaxe,tanzanite_5,540,8.0,iron,0.0,3.2,-2.6,18,,minecraft:iron_ingot,more_ores_more_gems:tanzanite_5_pickaxe_recipe,net.mcreator.moreoresmoregems.item.Tanzanite5PickaxeItem,540,540,,1.4,4.48,2,1,1,0,2,0,unclassified,2,2,0,approximately_aligned,no
more_ores_more_gems:tanzanite_5_shovel,shovel,tanzanite_5,540,8.0,iron,0.0,3.0,-3.0,18,,minecraft:iron_ingot,more_ores_more_gems:tanzanite_5_shovel_recipe,net.mcreator.moreoresmoregems.item.Tanzanite5ShovelItem,540,540,,1.0,3.0,2,1,1,0,2,0,unclassified,2,2,0,approximately_aligned,no
more_ores_more_gems:tanzanite_5_sword,sword,tanzanite_5,540,8.0,iron,0.0,5.0,-2.0,18,,minecraft:iron_ingot,more_ores_more_gems:tanzanite_5_sword_recipe,net.mcreator.moreoresmoregems.item.Tanzanite5SwordItem,540,540,,2.0,10.0,2,1,1,2,2,0,unclassified,2,2,0,approximately_aligned,no
more_ores_more_gems:thalassium_axe,axe,thalassium,1786,10.0,diamond,0.0,11.0,-3.0,18,,more_ores_more_gems:electrum_ingot,more_ores_more_gems:thalassium_axe_recipe,net.mcreator.moreoresmoregems.item.ThalassiumAxeItem,1786,1786,,1.0,11.0,4,2,3,2,4,0,unclassified,4,4,0,approximately_aligned,no
more_ores_more_gems:thalassium_hoe,hoe,thalassium,1786,10.0,diamond,0.0,2.0,0.0,18,,more_ores_more_gems:electrum_ingot,more_ores_more_gems:thalassium_hoe_recipe,net.mcreator.moreoresmoregems.item.ThalassiumHoeItem,1786,1786,,4.0,8.0,4,2,3,0,4,0,unclassified,4,4,0,approximately_aligned,no
more_ores_more_gems:thalassium_pickaxe,pickaxe,thalassium,1786,10.0,diamond,0.0,6.0,-3.0,18,,more_ores_more_gems:electrum_ingot,more_ores_more_gems:thalassium_pickaxe_recipe,net.mcreator.moreoresmoregems.item.ThalassiumPickaxeItem,1786,1786,,1.0,6.0,4,2,3,0,4,0,unclassified,4,4,0,approximately_aligned,no
more_ores_more_gems:thalassium_shovel,shovel,thalassium,6280,12.0,diamond,0.0,2.0,-2.0,12,,more_ores_more_gems:electrum_ingot,more_ores_more_gems:thalassium_shovel_recipe,net.mcreator.moreoresmoregems.item.ThalassiumShovelItem,6280,1786,maxDamage 6280->1786 via kubejs/startup_scripts/momg_tool_balance.js,2.0,4.0,4,3,3,0,4,0,unclassified,4,4,0,approximately_aligned,no
more_ores_more_gems:thalassium_sword,sword,thalassium,6280,10.0,diamond,0.0,11.0,-1.5,18,,more_ores_more_gems:tungsten,more_ores_more_gems:thalassium_sword_recipe,net.mcreator.moreoresmoregems.item.ThalassiumSwordItem,6280,1786,maxDamage 6280->1786 via kubejs/startup_scripts/momg_tool_balance.js,2.5,27.5,4,2,3,6,6,0,unclassified,6,6,0,approximately_aligned,no
more_ores_more_gems:thorium_axe,axe,thorium,800,12.0,iron,0.0,7.2,-2.6,10,,more_ores_more_gems:tungsten,more_ores_more_gems:thorium_axe_recipe,net.mcreator.moreoresmoregems.item.ThoriumAxeItem,800,800,,1.4,10.08,2,3,1,2,3,6,thorium,6,6,0,approximately_aligned,no
more_ores_more_gems:thorium_hoe,hoe,thorium,800,12.0,iron,0.0,1.0,-1.0,10,,more_ores_more_gems:tungsten,more_ores_more_gems:thorium_hoe_recipe,net.mcreator.moreoresmoregems.item.ThoriumHoeItem,800,800,,3.0,3.0,2,3,1,0,3,6,thorium,6,6,0,approximately_aligned,no
more_ores_more_gems:thorium_pickaxe,pickaxe,thorium,800,12.0,iron,0.0,4.0,-2.8,10,,more_ores_more_gems:tungsten,more_ores_more_gems:thorium_pickaxe_recipe,net.mcreator.moreoresmoregems.item.ThoriumPickaxeItem,800,800,,1.2,4.8,2,3,1,0,3,6,thorium,6,6,0,approximately_aligned,no
more_ores_more_gems:thorium_shovel,shovel,thorium,800,12.0,iron,0.0,3.0,-2.8,10,,more_ores_more_gems:tungsten,more_ores_more_gems:thorium_shovel_recipe,net.mcreator.moreoresmoregems.item.ThoriumShovelItem,800,800,,1.2,3.6,2,3,1,0,3,6,thorium,6,6,0,approximately_aligned,no
more_ores_more_gems:thorium_sword,sword,thorium,800,12.0,iron,0.0,7.0,-2.4,10,,more_ores_more_gems:tungsten,more_ores_more_gems:thorium_sword_recipe,net.mcreator.moreoresmoregems.item.ThoriumSwordItem,800,800,,1.6,11.2,2,3,1,3,3,6,thorium,6,6,0,approximately_aligned,no
more_ores_more_gems:tin_axe,axe,tin,96,10.0,gold,0.0,7.4,-3.0,7,,minecraft:iron_ingot,more_ores_more_gems:tin_axe_recipe,net.mcreator.moreoresmoregems.item.TinAxeItem,96,96,,1.0,7.4,0,2,0,1,2,2,tin,2,2,0,approximately_aligned,no
more_ores_more_gems:tin_hoe,hoe,tin,96,10.0,gold,0.0,0.0,-1.0,7,,minecraft:iron_ingot,more_ores_more_gems:tin_hoe_recipe,net.mcreator.moreoresmoregems.item.TinHoeItem,96,96,,3.0,0.0,0,2,0,0,2,2,tin,2,2,0,approximately_aligned,no
more_ores_more_gems:tin_pickaxe,pickaxe,tin,112,10.0,gold,0.0,2.2,-2.8,7,,minecraft:iron_ingot,more_ores_more_gems:tin_pickaxe_recipe,net.mcreator.moreoresmoregems.item.TinPickaxeItem,112,112,,1.2,2.64,0,2,0,0,2,2,tin,2,2,0,approximately_aligned,no
more_ores_more_gems:tin_shovel,shovel,tin,96,10.0,gold,0.0,2.6,-2.8,7,,minecraft:iron_ingot,more_ores_more_gems:tin_shovel_recipe,net.mcreator.moreoresmoregems.item.TinShovelItem,96,96,,1.2,3.12,0,2,0,0,2,2,tin,2,2,0,approximately_aligned,no
more_ores_more_gems:tin_sword,sword,tin,96,10.0,gold,0.0,4.6,-2.4,7,,minecraft:iron_ingot,more_ores_more_gems:tin_sword_recipe,net.mcreator.moreoresmoregems.item.TinSwordItem,96,96,,1.6,7.36,0,2,0,1,2,2,tin,2,2,0,approximately_aligned,no
more_ores_more_gems:titanium_axe,axe,titanium,1320,6.0,iron,0.0,8.8,-3.0,14,,more_ores_more_gems:titanium_stick,more_ores_more_gems:titanium_axe_recipe,net.mcreator.moreoresmoregems.item.TitaniumAxeItem,1320,1320,,1.0,8.8,3,0,1,1,3,5,titanium,5,5,0,approximately_aligned,no
more_ores_more_gems:titanium_hoe,hoe,titanium,1320,6.0,iron,0.0,0.0,-0.5,14,,more_ores_more_gems:titanium_stick,more_ores_more_gems:titanium_hoe_recipe,net.mcreator.moreoresmoregems.item.TitaniumHoeItem,1320,1320,,3.5,0.0,3,0,1,0,3,5,titanium,5,5,0,approximately_aligned,no
more_ores_more_gems:titanium_pickaxe,pickaxe,titanium,1320,7.0,iron,0.0,4.0,-2.8,14,,more_ores_more_gems:titanium_stick,more_ores_more_gems:titanium_pickaxe_recipe,net.mcreator.moreoresmoregems.item.TitaniumPickaxeItem,1320,1320,,1.2,4.8,3,1,1,0,3,5,titanium,5,5,0,approximately_aligned,no
more_ores_more_gems:titanium_quartz_6_axe,axe,titanium_quartz_6,1580,7.0,diamond,0.0,9.0,-2.9,14,,more_ores_more_gems:titanium_stick,more_ores_more_gems:titanium_quartz_6_axe_recipe,net.mcreator.moreoresmoregems.item.TitaniumQuartz6AxeItem,1580,1580,,1.1,9.9,3,1,3,2,3,5,titanium,5,5,0,approximately_aligned,no
more_ores_more_gems:titanium_quartz_6_hoe,hoe,titanium_quartz_6,1580,7.0,diamond,0.0,0.2,0.0,17,,more_ores_more_gems:titanium_stick,more_ores_more_gems:titanium_quartz_6_hoe_recipe,net.mcreator.moreoresmoregems.item.TitaniumQuartz6HoeItem,1580,1580,,4.0,0.8,3,1,3,0,3,5,titanium,5,5,0,approximately_aligned,no
more_ores_more_gems:titanium_quartz_6_pickaxe,pickaxe,titanium_quartz_6,1580,7.0,diamond,0.0,4.5,-2.8,17,,more_ores_more_gems:titanium_stick,more_ores_more_gems:titanium_quartz_6_pickaxe_recipe,net.mcreator.moreoresmoregems.item.TitaniumQuartz6PickaxeItem,1580,1580,,1.2,5.4,3,1,3,0,3,5,titanium,5,5,0,approximately_aligned,no
more_ores_more_gems:titanium_quartz_6_shovel,shovel,titanium_quartz_6,1580,7.0,diamond,0.0,5.0,-2.75,17,,more_ores_more_gems:titanium_stick,more_ores_more_gems:titanium_quartz_6_shovel_recipe,net.mcreator.moreoresmoregems.item.TitaniumQuartz6ShovelItem,1580,1580,,1.25,6.25,3,1,3,0,3,5,titanium,5,5,0,approximately_aligned,no
more_ores_more_gems:titanium_quartz_6_sword,sword,titanium_quartz_6,1580,7.0,diamond,0.0,6.0,-2.0,17,,more_ores_more_gems:titanium_stick,more_ores_more_gems:titanium_quartz_6_sword_recipe,net.mcreator.moreoresmoregems.item.TitaniumQuartz6SwordItem,1580,1580,,2.0,12.0,3,1,3,3,3,5,titanium,5,5,0,approximately_aligned,no
more_ores_more_gems:titanium_shovel,shovel,titanium,1320,6.0,iron,0.0,4.0,-2.75,14,,more_ores_more_gems:titanium_stick,more_ores_more_gems:titanium_shovel_recipe,net.mcreator.moreoresmoregems.item.TitaniumShovelItem,1320,1320,,1.25,5.0,3,0,1,0,3,5,titanium,5,5,0,approximately_aligned,no
more_ores_more_gems:titanium_sword,sword,titanium,1320,6.0,iron,0.0,5.0,-2.2,14,,more_ores_more_gems:titanium_stick,more_ores_more_gems:titanium_sword_recipe,net.mcreator.moreoresmoregems.item.TitaniumSwordItem,1320,1320,,1.8,9.0,3,0,1,1,3,5,titanium,5,5,0,approximately_aligned,no
more_ores_more_gems:topazo_axe,axe,topazo,810,7.0,iron,0.0,8.5,-3.0,14,,minecraft:diamond,more_ores_more_gems:topazo_axe_recipe,net.mcreator.moreoresmoregems.item.TopazoAxeItem,810,810,,1.0,8.5,3,1,1,1,3,0,unclassified,3,3,0,approximately_aligned,no
more_ores_more_gems:topazo_hoe,hoe,topazo,810,7.0,iron,0.0,0.2,-1.0,14,,minecraft:diamond,more_ores_more_gems:topazo_hoe_recipe,net.mcreator.moreoresmoregems.item.TopazoHoeItem,810,810,,3.0,0.6,3,1,1,0,3,0,unclassified,3,3,0,approximately_aligned,no
more_ores_more_gems:topazo_pickaxe,pickaxe,topazo,810,7.0,iron,0.0,3.2,-2.8,14,,minecraft:diamond,more_ores_more_gems:topazo_pickaxe_recipe,net.mcreator.moreoresmoregems.item.TopazoPickaxeItem,810,810,,1.2,3.84,3,1,1,0,3,0,unclassified,3,3,0,approximately_aligned,no
more_ores_more_gems:topazo_shovel,shovel,topazo,810,7.0,iron,0.0,4.0,-3.0,14,,minecraft:diamond,more_ores_more_gems:topazo_shovel_recipe,net.mcreator.moreoresmoregems.item.TopazoShovelItem,810,810,,1.0,4.0,3,1,1,0,3,0,unclassified,3,3,0,approximately_aligned,no
more_ores_more_gems:topazo_sword,sword,topazo,810,7.0,iron,0.0,5.0,-2.4,15,,minecraft:diamond,more_ores_more_gems:topazo_sword_recipe,net.mcreator.moreoresmoregems.item.TopazoSwordItem,810,810,,1.6,8.0,3,1,1,1,3,0,unclassified,3,3,0,approximately_aligned,no
more_ores_more_gems:tungsten_metal_axe,axe,tungsten_metal,1504,9.0,diamond,0.0,8.6,-2.6,8,,more_ores_more_gems:titanium_stick,more_ores_more_gems:tungsten_metal_axe_recipe,net.mcreator.moreoresmoregems.item.Tungsten_MetalAxeItem,1504,1504,,1.4,12.04,3,2,3,3,3,5,tungsten,5,5,0,approximately_aligned,no
more_ores_more_gems:tungsten_metal_hoe,hoe,tungsten_metal,1504,8.0,diamond,0.0,3.0,-2.0,9,,more_ores_more_gems:titanium_stick,more_ores_more_gems:tungsten_metal_hoe_recipe,net.mcreator.moreoresmoregems.item.Tungsten_MetalHoeItem,1504,1504,,2.0,6.0,3,1,3,0,3,5,tungsten,5,5,0,approximately_aligned,no
more_ores_more_gems:tungsten_metal_pickaxe,pickaxe,tungsten_metal,1504,8.0,diamond,0.0,7.0,-3.0,9,,more_ores_more_gems:titanium_stick,more_ores_more_gems:tungsten_metal_pickaxe_recipe,net.mcreator.moreoresmoregems.item.Tungsten_MetalPickaxeItem,1504,1504,,1.0,7.0,3,1,3,0,3,5,tungsten,5,5,0,approximately_aligned,no
more_ores_more_gems:tungsten_metal_shovel,shovel,tungsten_metal,1504,8.0,diamond,0.0,6.0,-2.2,9,,more_ores_more_gems:titanium_stick,more_ores_more_gems:tungsten_metal_shovel_recipe,net.mcreator.moreoresmoregems.item.Tungsten_MetalShovelItem,1504,1504,,1.8,10.8,3,1,3,0,3,5,tungsten,5,5,0,approximately_aligned,no
more_ores_more_gems:tungsten_metal_sword,sword,tungsten_metal,1504,8.0,diamond,0.0,7.0,-2.0,9,,more_ores_more_gems:titanium_stick,more_ores_more_gems:tungsten_metal_sword_recipe,net.mcreator.moreoresmoregems.item.Tungsten_MetalSwordItem,1504,1504,,2.0,14.0,3,1,3,3,3,5,tungsten,5,5,0,approximately_aligned,no
more_ores_more_gems:uranium_234_axe,axe,uranium_234,1470,8.5,diamond,0.0,12.0,-3.0,12,hurtEnemy,more_ores_more_gems:tungsten,more_ores_more_gems:uranium_234_axe_recipe,net.mcreator.moreoresmoregems.item.Uranium234AxeItem,1470,1470,,1.0,12.0,3,2,3,3,3,6,uranium,6,6,0,approximately_aligned,yes
more_ores_more_gems:uranium_234_hoe,hoe,uranium_234,1470,8.5,diamond,0.0,3.0,-2.0,12,hurtEnemy,more_ores_more_gems:tungsten,more_ores_more_gems:uranium_234_hoe_recipe,net.mcreator.moreoresmoregems.item.Uranium234HoeItem,1470,1470,,2.0,6.0,3,2,3,0,3,6,uranium,6,6,0,approximately_aligned,yes
more_ores_more_gems:uranium_234_pickaxe,pickaxe,uranium_234,1470,8.5,diamond,0.0,5.6,-3.0,12,hurtEnemy,more_ores_more_gems:tungsten,more_ores_more_gems:uranium_234_pickaxe_recipe,net.mcreator.moreoresmoregems.item.Uranium234PickaxeItem,1470,1470,,1.0,5.6,3,2,3,0,3,6,uranium,6,6,0,approximately_aligned,yes
more_ores_more_gems:uranium_234_shovel,shovel,uranium_234,1470,8.5,diamond,0.0,5.0,-2.6,12,hurtEnemy,more_ores_more_gems:tungsten,more_ores_more_gems:uranium_234_shovel_recipe,net.mcreator.moreoresmoregems.item.Uranium234ShovelItem,1470,1470,,1.4,7.0,3,2,3,0,3,6,uranium,6,6,0,approximately_aligned,yes
more_ores_more_gems:uranium_234_sword,sword,uranium_234,1470,8.5,diamond,0.0,10.0,-1.0,12,hurtEnemy,more_ores_more_gems:tungsten,more_ores_more_gems:uranium_234_sword_recipe,net.mcreator.moreoresmoregems.item.Uranium234SwordItem,1470,1470,,3.0,30.0,3,2,3,6,6,6,uranium,6,6,0,approximately_aligned,yes
more_ores_more_gems:uranium_238_axe,axe,uranium_238,1271,6.0,iron,0.0,8.0,-3.2,8,hurtEnemy,more_ores_more_gems:tungsten,more_ores_more_gems:uranium_238_axe_recipe,net.mcreator.moreoresmoregems.item.Uranium238AxeItem,1271,1271,,0.8,6.4,3,0,1,0,3,6,uranium,6,6,0,approximately_aligned,yes
more_ores_more_gems:uranium_238_hoe,hoe,uranium_238,1271,6.0,iron,0.0,0.0,-2.0,8,hurtEnemy,more_ores_more_gems:tungsten,more_ores_more_gems:uranium_238_hoe_recipe,net.mcreator.moreoresmoregems.item.Uranium238HoeItem,1271,1271,,2.0,0.0,3,0,1,0,3,6,uranium,6,6,0,approximately_aligned,yes
more_ores_more_gems:uranium_238_pickaxe,pickaxe,uranium_238,1271,6.0,iron,0.0,3.4,-2.8,8,hurtEnemy,more_ores_more_gems:tungsten,more_ores_more_gems:uranium_238_pickaxe_recipe,net.mcreator.moreoresmoregems.item.Uranium238PickaxeItem,1271,1271,,1.2,4.08,3,0,1,0,3,6,uranium,6,6,0,approximately_aligned,yes
more_ores_more_gems:uranium_238_shovel,shovel,uranium_238,1271,6.0,iron,0.0,3.8,-3.0,8,hurtEnemy,more_ores_more_gems:tungsten,more_ores_more_gems:uranium_238_shovel_recipe,net.mcreator.moreoresmoregems.item.Uranium238ShovelItem,1271,1271,,1.0,3.8,3,0,1,0,3,6,uranium,6,6,0,approximately_aligned,yes
more_ores_more_gems:uranium_238_sword,sword,uranium_238,1271,6.0,iron,0.0,6.0,-1.8,8,hurtEnemy,more_ores_more_gems:tungsten,more_ores_more_gems:uranium_238_sword_recipe,net.mcreator.moreoresmoregems.item.Uranium238SwordItem,1271,1271,,2.2,13.2,3,0,1,3,3,6,uranium,6,6,0,approximately_aligned,yes
more_ores_more_gems:uranium_axe,axe,uranium,1428,6.5,diamond,0.0,9.0,-3.2,16,hurtEnemy,more_ores_more_gems:tungsten,more_ores_more_gems:uranium_axe_recipe,net.mcreator.moreoresmoregems.item.UraniumAxeItem,1428,1428,,0.8,7.2,3,1,3,1,3,6,uranium,6,6,0,approximately_aligned,yes
more_ores_more_gems:uranium_hoe,hoe,uranium,1428,6.5,diamond,0.0,1.2,-2.0,16,hurtEnemy,more_ores_more_gems:tungsten,more_ores_more_gems:uranium_hoe_recipe,net.mcreator.moreoresmoregems.item.UraniumHoeItem,1428,1428,,2.0,2.4,3,1,3,0,3,6,uranium,6,6,0,approximately_aligned,yes
more_ores_more_gems:uranium_pickaxe,pickaxe,uranium,1428,6.5,diamond,0.0,4.2,-3.0,16,hurtEnemy,more_ores_more_gems:tungsten,more_ores_more_gems:uranium_pickaxe_recipe,net.mcreator.moreoresmoregems.item.UraniumPickaxeItem,1428,1428,,1.0,4.2,3,1,3,0,3,6,uranium,6,6,0,approximately_aligned,yes
more_ores_more_gems:uranium_shovel,shovel,uranium,1428,6.5,diamond,0.0,4.2,-3.0,16,hurtEnemy,more_ores_more_gems:tungsten,more_ores_more_gems:uranium_shovel_recipe,net.mcreator.moreoresmoregems.item.UraniumShovelItem,1428,1428,,1.0,4.2,3,1,3,0,3,6,uranium,6,6,0,approximately_aligned,yes
more_ores_more_gems:uranium_sword,sword,uranium,1428,6.5,diamond,0.0,8.8,-2.0,16,hurtEnemy,more_ores_more_gems:tungsten,more_ores_more_gems:uranium_sword_recipe,net.mcreator.moreoresmoregems.item.UraniumSwordItem,1428,1428,,2.0,17.6,3,1,3,4,4,6,uranium,6,6,0,approximately_aligned,yes
more_ores_more_gems:urantherium_axe,axe,urantherium,4523,12.0,netherite,0.0,25.0,-3.0,24,isFoil,stellaris:desh_ingot,more_ores_more_gems:urantherium_axe_recipe,net.mcreator.moreoresmoregems.item.UrantheriumAxeItem,4523,4523,,1.0,25.0,7,3,6,6,7,7,urantherium,7,7,0,approximately_aligned,yes
more_ores_more_gems:urantherium_hoe,hoe,urantherium,4523,12.0,netherite,0.0,5.0,1.0,24,isFoil,stellaris:desh_ingot,more_ores_more_gems:urantherium_hoe_recipe,net.mcreator.moreoresmoregems.item.UrantheriumHoeItem,4523,4523,,5.0,25.0,7,3,6,0,7,7,urantherium,7,7,0,approximately_aligned,yes
more_ores_more_gems:urantherium_pickaxe,pickaxe,urantherium,4523,12.0,netherite,0.0,11.0,-2.0,24,isFoil,stellaris:desh_ingot,more_ores_more_gems:urantherium_pickaxe_recipe,net.mcreator.moreoresmoregems.item.UrantheriumPickaxeItem,4523,4523,,2.0,22.0,7,3,6,0,7,7,urantherium,7,7,0,approximately_aligned,yes
more_ores_more_gems:urantherium_shovel,shovel,urantherium,4523,12.0,netherite,0.0,7.0,-2.0,24,isFoil,stellaris:desh_ingot,more_ores_more_gems:urantherium_shovel_recipe,net.mcreator.moreoresmoregems.item.UrantheriumShovelItem,4523,4523,,2.0,14.0,7,3,6,0,7,7,urantherium,7,7,0,approximately_aligned,yes
more_ores_more_gems:urantherium_sword,sword,urantherium,4523,12.0,netherite,0.0,21.0,0.0,24,isFoil,kubejs:infinite_domain_core,more_ores_more_gems:urantherium_sword_recipe,net.mcreator.moreoresmoregems.item.UrantheriumSwordItem,4523,4523,,4.0,84.0,7,3,6,8,8,7,urantherium,8,8,0,approximately_aligned,yes
more_ores_more_gems:volcagmium_zz_axe,axe,volcagmium_zz,1768,8.0,diamond,0.0,9.5,-3.3,12,,more_ores_more_gems:electrum_ingot,more_ores_more_gems:volcagmium_zz_axe_recipe,net.mcreator.moreoresmoregems.item.VolcagmiumZZAxeItem,1768,1768,,0.7,6.65,4,1,3,0,4,0,unclassified,4,4,0,approximately_aligned,no
more_ores_more_gems:volcagmium_zz_hoe,hoe,volcagmium_zz,1768,8.0,diamond,0.0,2.0,-2.0,12,,more_ores_more_gems:electrum_ingot,more_ores_more_gems:volcagmium_zz_hoe_recipe,net.mcreator.moreoresmoregems.item.VolcagmiumZZHoeItem,1768,1768,,2.0,4.0,4,1,3,0,4,0,unclassified,4,4,0,approximately_aligned,no
more_ores_more_gems:volcagmium_zz_pickaxe,pickaxe,volcagmium_zz,1768,9.0,diamond,0.0,7.0,-3.0,12,,more_ores_more_gems:electrum_ingot,more_ores_more_gems:volcagmium_zz_pickaxe_recipe,net.mcreator.moreoresmoregems.item.VolcagmiumZZPickaxeItem,1768,1768,,1.0,7.0,4,2,3,0,4,0,unclassified,4,4,0,approximately_aligned,no
more_ores_more_gems:volcagmium_zz_shovel,shovel,volcagmium_zz,1768,8.0,diamond,0.0,5.0,-2.4,12,,more_ores_more_gems:electrum_ingot,more_ores_more_gems:volcagmium_zz_shovel_recipe,net.mcreator.moreoresmoregems.item.VolcagmiumZZShovelItem,1768,1768,,1.6,8.0,4,1,3,0,4,0,unclassified,4,4,0,approximately_aligned,no
more_ores_more_gems:volcagmium_zz_sword,sword,volcagmium_zz,1768,8.0,diamond,0.0,9.0,-2.0,12,,more_ores_more_gems:electrum_ingot,more_ores_more_gems:volcagmium_zz_sword_recipe,net.mcreator.moreoresmoregems.item.VolcagmiumZZSwordItem,1768,1768,,2.0,18.0,4,1,3,4,4,0,unclassified,4,4,0,approximately_aligned,no
more_ores_more_gems:white_axe,axe,white,183,12.0,iron,0.0,9.0,-3.25,8,,minecraft:diamond,more_ores_more_gems:white_axe_recipe,net.mcreator.moreoresmoregems.item.WhiteAxeItem,183,183,,0.75,6.75,1,3,1,0,3,0,unclassified,3,3,0,approximately_aligned,no
more_ores_more_gems:white_fluorite_axe,axe,white_fluorite,275,6.0,iron,0.0,8.0,-3.1,14,,minecraft:stick,more_ores_more_gems:white_fluorite_axe_recipe,net.mcreator.moreoresmoregems.item.WhiteFluoriteAxeItem,275,275,,0.9,7.2,1,0,1,1,1,0,unclassified,1,1,0,approximately_aligned,no
more_ores_more_gems:white_fluorite_hoe,hoe,white_fluorite,250,6.0,iron,0.0,0.0,-2.0,10,,minecraft:stick,more_ores_more_gems:white_fluorite_hoe_recipe,net.mcreator.moreoresmoregems.item.WhiteFluoriteHoeItem,250,250,,2.0,0.0,1,0,1,0,1,0,unclassified,1,1,0,approximately_aligned,no
more_ores_more_gems:white_fluorite_pickaxe,pickaxe,white_fluorite,275,6.0,iron,0.0,2.0,-2.6,10,,minecraft:stick,more_ores_more_gems:white_fluorite_pickaxe_recipe,net.mcreator.moreoresmoregems.item.WhiteFluoritePickaxeItem,275,275,,1.4,2.8,1,0,1,0,1,0,unclassified,1,1,0,approximately_aligned,no
more_ores_more_gems:white_fluorite_shovel,shovel,white_fluorite,250,6.0,iron,0.0,2.6,-2.8,10,,minecraft:stick,more_ores_more_gems:white_fluorite_shovel_recipe,net.mcreator.moreoresmoregems.item.WhiteFluoriteShovelItem,250,250,,1.2,3.12,1,0,1,0,1,0,unclassified,1,1,0,approximately_aligned,no
more_ores_more_gems:white_fluorite_sword,sword,white_fluorite,250,6.0,iron,0.0,4.0,-2.2,10,,minecraft:stick,more_ores_more_gems:white_fluorite_sword_recipe,net.mcreator.moreoresmoregems.item.WhiteFluoriteSwordItem,250,250,,1.8,7.2,1,0,1,1,1,0,unclassified,1,1,0,approximately_aligned,no
more_ores_more_gems:white_hoe,hoe,white,183,12.0,iron,0.0,0.0,1.0,10,,minecraft:diamond,more_ores_more_gems:white_hoe_recipe,net.mcreator.moreoresmoregems.item.WhiteHoeItem,183,183,,5.0,0.0,1,3,1,0,3,0,unclassified,3,3,0,approximately_aligned,no
more_ores_more_gems:white_opal_gem_axe,axe,white_opal_gem,900,10.0,iron,0.0,8.2,-3.0,24,,minecraft:diamond,more_ores_more_gems:white_opal_gem_axe_recipe,net.mcreator.moreoresmoregems.item.WhiteOpalGemAxeItem,900,900,,1.0,8.2,3,2,1,1,3,0,unclassified,3,3,0,approximately_aligned,no
more_ores_more_gems:white_opal_gem_hoe,hoe,white_opal_gem,900,10.0,iron,0.0,0.8,0.0,24,,minecraft:diamond,more_ores_more_gems:white_opal_gem_hoe_recipe,net.mcreator.moreoresmoregems.item.WhiteOpalGemHoeItem,900,900,,4.0,3.2,3,2,1,0,3,0,unclassified,3,3,0,approximately_aligned,no
more_ores_more_gems:white_opal_gem_pickaxe,pickaxe,white_opal_gem,900,10.0,iron,0.0,4.0,-2.4,24,,minecraft:diamond,more_ores_more_gems:white_opal_gem_pickaxe_recipe,net.mcreator.moreoresmoregems.item.WhiteOpalGemPickaxeItem,900,900,,1.6,6.4,3,2,1,0,3,0,unclassified,3,3,0,approximately_aligned,no
more_ores_more_gems:white_opal_gem_shovel,shovel,white_opal_gem,900,10.0,iron,0.0,4.0,-3.0,24,,minecraft:diamond,more_ores_more_gems:white_opal_gem_shovel_recipe,net.mcreator.moreoresmoregems.item.WhiteOpalGemShovelItem,900,900,,1.0,4.0,3,2,1,0,3,0,unclassified,3,3,0,approximately_aligned,no
more_ores_more_gems:white_opal_gem_sword,sword,white_opal_gem,900,10.0,iron,0.0,6.2,-2.0,24,,minecraft:diamond,more_ores_more_gems:white_opal_gem_sword_recipe,net.mcreator.moreoresmoregems.item.WhiteOpalGemSwordItem,900,900,,2.0,12.4,3,2,1,3,3,0,unclassified,3,3,0,approximately_aligned,no
more_ores_more_gems:white_pickaxe,pickaxe,white,183,6.0,iron,0.0,2.0,-2.0,10,,minecraft:stick,more_ores_more_gems:white_pickaxe_recipe,net.mcreator.moreoresmoregems.item.WhitePickaxeItem,183,183,,2.0,4.0,1,0,1,0,1,0,unclassified,1,1,0,approximately_aligned,no
more_ores_more_gems:white_shovel,shovel,white,183,10.0,iron,0.0,0.0,-1.0,14,,minecraft:iron_ingot,more_ores_more_gems:white_shovel_recipe,net.mcreator.moreoresmoregems.item.WhiteShovelItem,183,183,,3.0,0.0,1,2,1,0,2,0,unclassified,2,2,0,approximately_aligned,no
more_ores_more_gems:white_sword,sword,white,183,10.0,iron,0.0,4.5,-2.4,14,,minecraft:iron_ingot,more_ores_more_gems:white_sword_recipe,net.mcreator.moreoresmoregems.item.WhiteSwordItem,183,183,,1.6,7.2,1,2,1,1,2,0,unclassified,2,2,0,approximately_aligned,no
