item_id,tool_type,material_family,durability,mining_speed,harvest_requirement,tier_attack_bonus,attack_damage,attack_speed_modifier,enchantability,custom_behavior_methods,current_required_handle,recipe_id,class_name
more_ores_more_gems:adamantite_axe,axe,adamantite,1633,12.0,diamond,0.0,15.0,-3.0,20,,stellaris:desh_ingot,more_ores_more_gems:adamantite_axe_recipe,net.mcreator.moreoresmoregems.item.AdamantiteAxeItem
more_ores_more_gems:adamantite_hoe,hoe,adamantite,1633,12.0,diamond,0.0,4.0,0.0,20,,stellaris:desh_ingot,more_ores_more_gems:adamantite_hoe_recipe,net.mcreator.moreoresmoregems.item.AdamantiteHoeItem
more_ores_more_gems:adamantite_pickaxe,pickaxe,adamantite,1633,12.0,diamond,0.0,9.0,-2.2,20,,stellaris:desh_ingot,more_ores_more_gems:adamantite_pickaxe_recipe,net.mcreator.moreoresmoregems.item.AdamantitePickaxeItem
more_ores_more_gems:adamantite_shovel,shovel,adamantite,1633,12.0,diamond,0.0,5.0,-1.5,20,,stellaris:desh_ingot,more_ores_more_gems:adamantite_shovel_recipe,net.mcreator.moreoresmoregems.item.AdamantiteShovelItem
more_ores_more_gems:adamantite_sword,sword,adamantite,1633,12.0,diamond,0.0,11.0,-1.0,20,,stellaris:desh_ingot,more_ores_more_gems:adamantite_sword_recipe,net.mcreator.moreoresmoregems.item.AdamantiteSwordItem
more_ores_more_gems:aetherium_axe,axe,aetherium,1780,8.5,diamond,0.0,8.2,-3.0,14,,stellaris:desh_ingot,more_ores_more_gems:aetherium_axe_recipe,net.mcreator.moreoresmoregems.item.AetheriumAxeItem
more_ores_more_gems:aetherium_hoe,hoe,aetherium,1780,8.5,diamond,0.0,0.2,0.0,14,,stellaris:desh_ingot,more_ores_more_gems:aetherium_hoe_recipe,net.mcreator.moreoresmoregems.item.AetheriumHoeItem
more_ores_more_gems:aetherium_pickaxe,pickaxe,aetherium,1780,8.5,diamond,0.0,4.0,-2.6,14,,stellaris:desh_ingot,more_ores_more_gems:aetherium_pickaxe_recipe,net.mcreator.moreoresmoregems.item.AetheriumPickaxeItem
more_ores_more_gems:aetherium_shovel,shovel,aetherium,1780,8.5,diamond,0.0,5.5,-2.8,14,,stellaris:desh_ingot,more_ores_more_gems:aetherium_shovel_recipe,net.mcreator.moreoresmoregems.item.AetheriumShovelItem
more_ores_more_gems:aetherium_sword,sword,aetherium,1780,8.5,diamond,0.0,11.0,-1.0,14,,stellaris:desh_ingot,more_ores_more_gems:aetherium_sword_recipe,net.mcreator.moreoresmoregems.item.AetheriumSwordItem
more_ores_more_gems:amethyst_5_axe,axe,amethyst_5,582,6.0,iron,0.0,7.0,-2.9,19,,minecraft:iron_ingot,more_ores_more_gems:amethyst_5_axe_recipe,net.mcreator.moreoresmoregems.item.Amethyst5AxeItem
more_ores_more_gems:amethyst_5_hoe,hoe,amethyst_5,582,7.0,iron,0.0,0.0,1.0,19,,minecraft:iron_ingot,more_ores_more_gems:amethyst_5_hoe_recipe,net.mcreator.moreoresmoregems.item.Amethyst5HoeItem
more_ores_more_gems:amethyst_5_pickaxe,pickaxe,amethyst_5,582,6.0,iron,0.0,3.0,-2.6,19,,minecraft:iron_ingot,more_ores_more_gems:amethyst_5_pickaxe_recipe,net.mcreator.moreoresmoregems.item.Amethyst5PickaxeItem
more_ores_more_gems:amethyst_5_shovel,shovel,amethyst_5,582,6.5,iron,0.0,4.0,-2.8,19,,minecraft:iron_ingot,more_ores_more_gems:amethyst_5_shovel_recipe,net.mcreator.moreoresmoregems.item.Amethyst5ShovelItem
more_ores_more_gems:amethyst_5_sword,sword,amethyst_5,582,7.0,iron,0.0,5.0,-2.2,19,,minecraft:iron_ingot,more_ores_more_gems:amethyst_5_sword_recipe,net.mcreator.moreoresmoregems.item.Amethyst5SwordItem
more_ores_more_gems:ametrine_l_axe,axe,ametrine_l,912,7.5,iron,0.0,8.8,-2.8,21,,minecraft:diamond,more_ores_more_gems:ametrine_l_axe_recipe,net.mcreator.moreoresmoregems.item.AmetrineLAxeItem
more_ores_more_gems:ametrine_l_hoe,hoe,ametrine_l,912,7.5,iron,0.0,0.1,1.0,21,,minecraft:diamond,more_ores_more_gems:ametrine_l_hoe_recipe,net.mcreator.moreoresmoregems.item.AmetrineLHoeItem
more_ores_more_gems:ametrine_l_pickaxe,pickaxe,ametrine_l,912,7.5,iron,0.0,3.2,-2.6,21,,minecraft:diamond,more_ores_more_gems:ametrine_l_pickaxe_recipe,net.mcreator.moreoresmoregems.item.AmetrineLPickaxeItem
more_ores_more_gems:ametrine_l_shovel,shovel,ametrine_l,912,7.5,iron,0.0,4.35,-2.75,21,,minecraft:diamond,more_ores_more_gems:ametrine_l_shovel_recipe,net.mcreator.moreoresmoregems.item.AmetrineLShovelItem
more_ores_more_gems:ametrine_l_sword,sword,ametrine_l,903,7.5,iron,0.0,5.5,-2.2,21,,minecraft:diamond,more_ores_more_gems:ametrine_l_sword_recipe,net.mcreator.moreoresmoregems.item.AmetrineLSwordItem
more_ores_more_gems:antimony_axe,axe,antimony,508,12.0,gold,0.0,8.0,-2.6,18,,minecraft:diamond,more_ores_more_gems:antimony_axe_recipe,net.mcreator.moreoresmoregems.item.AntimonyAxeItem
more_ores_more_gems:antimony_hoe,hoe,antimony,508,12.0,gold,0.0,0.6,-0.4,18,,minecraft:diamond,more_ores_more_gems:antimony_hoe_recipe,net.mcreator.moreoresmoregems.item.AntimonyHoeItem
more_ores_more_gems:antimony_pickaxe,pickaxe,antimony,508,12.0,gold,0.0,3.4,-2.6,18,,minecraft:diamond,more_ores_more_gems:antimony_pickaxe_recipe,net.mcreator.moreoresmoregems.item.AntimonyPickaxeItem
more_ores_more_gems:antimony_shovel,shovel,antimony,508,12.0,gold,0.0,4.0,-2.6,18,,minecraft:diamond,more_ores_more_gems:antimony_shovel_recipe,net.mcreator.moreoresmoregems.item.AntimonyShovelItem
more_ores_more_gems:antimony_sword,sword,antimony,508,12.0,gold,0.0,6.0,-1.6,18,,more_ores_more_gems:electrum_ingot,more_ores_more_gems:antimony_sword_recipe,net.mcreator.moreoresmoregems.item.AntimonySwordItem
more_ores_more_gems:aquamarine_gemstone_axe,axe,aquamarine_gemstone,1500,10.0,diamond,0.0,9.0,-3.0,20,,minecraft:diamond,more_ores_more_gems:aquamarine_gemstone_axe_recipe,net.mcreator.moreoresmoregems.item.AquamarineGemstoneAxeItem
more_ores_more_gems:aquamarine_gemstone_hoe,hoe,aquamarine_gemstone,1500,10.0,diamond,0.0,0.0,0.0,20,,minecraft:diamond,more_ores_more_gems:aquamarine_gemstone_hoe_recipe,net.mcreator.moreoresmoregems.item.AquamarineGemstoneHoeItem
more_ores_more_gems:aquamarine_gemstone_pickaxe,pickaxe,aquamarine_gemstone,1500,10.0,diamond,0.0,5.0,-2.8,20,,minecraft:diamond,more_ores_more_gems:aquamarine_gemstone_pickaxe_recipe,net.mcreator.moreoresmoregems.item.AquamarineGemstonePickaxeItem
more_ores_more_gems:aquamarine_gemstone_shovel,shovel,aquamarine_gemstone,1500,10.0,diamond,0.0,4.0,-2.2,20,,minecraft:diamond,more_ores_more_gems:aquamarine_gemstone_shovel_recipe,net.mcreator.moreoresmoregems.item.AquamarineGemstoneShovelItem
more_ores_more_gems:aquamarine_gemstone_sword,sword,aquamarine_gemstone,1500,10.0,diamond,0.0,7.0,-2.4,20,,minecraft:diamond,more_ores_more_gems:aquamarine_gemstone_sword_recipe,net.mcreator.moreoresmoregems.item.AquamarineGemstoneSwordItem
more_ores_more_gems:black_fluorite_axe,axe,black_fluorite,789,8.0,iron,0.0,9.8,-3.0,16,,minecraft:iron_ingot,more_ores_more_gems:black_fluorite_axe_recipe,net.mcreator.moreoresmoregems.item.BlackFluoriteAxeItem
more_ores_more_gems:black_fluorite_hoe,hoe,black_fluorite,789,8.0,iron,0.0,0.2,0.0,16,,minecraft:iron_ingot,more_ores_more_gems:black_fluorite_hoe_recipe,net.mcreator.moreoresmoregems.item.BlackFluoriteHoeItem
more_ores_more_gems:black_fluorite_pickaxe,pickaxe,black_fluorite,789,8.0,iron,0.0,4.2,-2.6,16,,minecraft:iron_ingot,more_ores_more_gems:black_fluorite_pickaxe_recipe,net.mcreator.moreoresmoregems.item.BlackFluoritePickaxeItem
more_ores_more_gems:black_fluorite_shovel,shovel,black_fluorite,789,8.0,iron,0.0,4.4,-2.6,16,,minecraft:iron_ingot,more_ores_more_gems:black_fluorite_shovel_recipe,net.mcreator.moreoresmoregems.item.BlackFluoriteShovelItem
more_ores_more_gems:black_fluorite_sword,sword,black_fluorite,789,8.0,iron,0.0,6.0,-2.2,16,,minecraft:iron_ingot,more_ores_more_gems:black_fluorite_sword_recipe,net.mcreator.moreoresmoregems.item.BlackFluoriteSwordItem
more_ores_more_gems:black_opal_gem_axe,axe,black_opal_gem,900,10.0,iron,0.0,8.2,-3.0,24,,minecraft:diamond,more_ores_more_gems:black_opal_gem_axe_recipe,net.mcreator.moreoresmoregems.item.BlackOpalGemAxeItem
more_ores_more_gems:black_opal_gem_hoe,hoe,black_opal_gem,900,10.0,iron,0.0,0.8,0.0,24,,minecraft:diamond,more_ores_more_gems:black_opal_gem_hoe_recipe,net.mcreator.moreoresmoregems.item.BlackOpalGemHoeItem
more_ores_more_gems:black_opal_gem_pickaxe,pickaxe,black_opal_gem,900,10.0,iron,0.0,4.0,-2.4,24,,minecraft:diamond,more_ores_more_gems:black_opal_gem_pickaxe_recipe,net.mcreator.moreoresmoregems.item.BlackOpalGemPickaxeItem
more_ores_more_gems:black_opal_gem_shovel,shovel,black_opal_gem,900,10.0,iron,0.0,4.0,-3.0,24,,minecraft:diamond,more_ores_more_gems:black_opal_gem_shovel_recipe,net.mcreator.moreoresmoregems.item.BlackOpalGemShovelItem
more_ores_more_gems:black_opal_gem_sword,sword,black_opal_gem,900,10.0,iron,0.0,6.2,-2.0,24,,minecraft:diamond,more_ores_more_gems:black_opal_gem_sword_recipe,net.mcreator.moreoresmoregems.item.BlackOpalGemSwordItem
more_ores_more_gems:blue_opal_axe,axe,blue_opal,900,10.0,iron,0.0,8.2,-3.0,24,,minecraft:diamond,more_ores_more_gems:blue_opal_axe_recipe,net.mcreator.moreoresmoregems.item.BlueOpalAxeItem
more_ores_more_gems:blue_opal_hoe,hoe,blue_opal,900,10.0,iron,0.0,0.8,0.0,24,,minecraft:diamond,more_ores_more_gems:blue_opal_hoe_recipe,net.mcreator.moreoresmoregems.item.BlueOpalHoeItem
more_ores_more_gems:blue_opal_pickaxe,pickaxe,blue_opal,900,10.0,iron,0.0,4.0,-3.0,24,,minecraft:diamond,more_ores_more_gems:blue_opal_pickaxe_recipe,net.mcreator.moreoresmoregems.item.BlueOpalPickaxeItem
more_ores_more_gems:blue_opal_shovel,shovel,blue_opal,900,10.0,iron,0.0,4.0,-3.0,24,,minecraft:diamond,more_ores_more_gems:blue_opal_shovel_recipe,net.mcreator.moreoresmoregems.item.BlueOpalShovelItem
more_ores_more_gems:blue_opal_sword,sword,blue_opal,900,10.0,iron,0.0,6.2,-2.0,24,,minecraft:diamond,more_ores_more_gems:blue_opal_sword_recipe,net.mcreator.moreoresmoregems.item.BlueOpalSwordItem
more_ores_more_gems:chromium_axe,axe,chromium,1550,9.0,diamond,0.0,8.6,-2.6,20,,minecraft:diamond,more_ores_more_gems:chromium_axe_recipe,net.mcreator.moreoresmoregems.item.ChromiumAxeItem
more_ores_more_gems:chromium_hoe,hoe,chromium,1550,9.0,diamond,0.0,3.0,-2.0,20,,minecraft:diamond,more_ores_more_gems:chromium_hoe_recipe,net.mcreator.moreoresmoregems.item.ChromiumHoeItem
more_ores_more_gems:chromium_pickaxe,pickaxe,chromium,1550,9.0,diamond,0.0,7.0,-3.0,20,,minecraft:diamond,more_ores_more_gems:chromium_pickaxe_recipe,net.mcreator.moreoresmoregems.item.ChromiumPickaxeItem
more_ores_more_gems:chromium_shovel,shovel,chromium,1550,9.0,diamond,0.0,6.0,-2.2,20,,minecraft:diamond,more_ores_more_gems:chromium_shovel_recipe,net.mcreator.moreoresmoregems.item.ChromiumShovelItem
more_ores_more_gems:chromium_sword,sword,chromium,1550,9.0,diamond,0.0,7.0,-2.0,20,,minecraft:diamond,more_ores_more_gems:chromium_sword_recipe,net.mcreator.moreoresmoregems.item.ChromiumSwordItem
more_ores_more_gems:citrine_s_axe,axe,citrine_s,590,6.0,iron,0.0,7.2,-2.9,16,,minecraft:iron_ingot,more_ores_more_gems:citrine_s_axe_recipe,net.mcreator.moreoresmoregems.item.CitrineSAxeItem
more_ores_more_gems:citrine_s_hoe,hoe,citrine_s,590,6.0,iron,0.0,0.0,1.0,16,,minecraft:iron_ingot,more_ores_more_gems:citrine_s_hoe_recipe,net.mcreator.moreoresmoregems.item.CitrineSHoeItem
more_ores_more_gems:citrine_s_pickaxe,pickaxe,citrine_s,590,6.0,iron,0.0,3.0,-2.6,16,,minecraft:iron_ingot,more_ores_more_gems:citrine_s_pickaxe_recipe,net.mcreator.moreoresmoregems.item.CitrineSPickaxeItem
more_ores_more_gems:citrine_s_shovel,shovel,citrine_s,590,6.5,iron,0.0,4.0,-2.8,16,,minecraft:iron_ingot,more_ores_more_gems:citrine_s_shovel_recipe,net.mcreator.moreoresmoregems.item.CitrineSShovelItem
more_ores_more_gems:citrine_s_sword,sword,citrine_s,590,7.0,iron,0.0,5.0,-2.2,16,,minecraft:iron_ingot,more_ores_more_gems:citrine_s_sword_recipe,net.mcreator.moreoresmoregems.item.CitrineSSwordItem
more_ores_more_gems:cobalt_axe,axe,cobalt,950,8.0,iron,0.0,8.5,-3.0,20,,more_ores_more_gems:titanium_stick,more_ores_more_gems:cobalt_axe_recipe,net.mcreator.moreoresmoregems.item.CobaltAxeItem
more_ores_more_gems:cobalt_hoe,hoe,cobalt,950,8.0,iron,0.0,0.0,-1.0,20,,more_ores_more_gems:titanium_stick,more_ores_more_gems:cobalt_hoe_recipe,net.mcreator.moreoresmoregems.item.CobaltHoeItem
more_ores_more_gems:cobalt_pickaxe,pickaxe,cobalt,950,8.0,iron,0.0,4.0,-2.6,20,,more_ores_more_gems:titanium_stick,more_ores_more_gems:cobalt_pickaxe_recipe,net.mcreator.moreoresmoregems.item.CobaltPickaxeItem
more_ores_more_gems:cobalt_shovel,shovel,cobalt,950,8.0,iron,0.0,3.0,-2.8,20,,more_ores_more_gems:titanium_stick,more_ores_more_gems:cobalt_shovel_recipe,net.mcreator.moreoresmoregems.item.CobaltShovelItem
more_ores_more_gems:cobalt_sword,sword,cobalt,950,8.0,iron,0.0,5.4,-2.4,20,,more_ores_more_gems:titanium_stick,more_ores_more_gems:cobalt_sword_recipe,net.mcreator.moreoresmoregems.item.CobaltSwordItem
more_ores_more_gems:crimsonite_d_axe,axe,crimsonite_d,896,6.5,iron,0.0,8.5,-3.0,12,,minecraft:diamond,more_ores_more_gems:crimsonite_d_axe_recipe,net.mcreator.moreoresmoregems.item.CrimsoniteDAxeItem
more_ores_more_gems:crimsonite_d_hoe,hoe,crimsonite_d,896,6.5,iron,0.0,0.5,-1.5,12,,minecraft:diamond,more_ores_more_gems:crimsonite_d_hoe_recipe,net.mcreator.moreoresmoregems.item.CrimsoniteDHoeItem
more_ores_more_gems:crimsonite_d_pickaxe,pickaxe,crimsonite_d,896,6.5,iron,0.0,3.0,-2.6,12,,minecraft:diamond,more_ores_more_gems:crimsonite_d_pickaxe_recipe,net.mcreator.moreoresmoregems.item.CrimsoniteDPickaxeItem
more_ores_more_gems:crimsonite_d_shovel,shovel,crimsonite_d,896,6.5,iron,0.0,4.2,-3.0,12,,minecraft:diamond,more_ores_more_gems:crimsonite_d_shovel_recipe,net.mcreator.moreoresmoregems.item.CrimsoniteDShovelItem
more_ores_more_gems:crimsonite_d_sword,sword,crimsonite_d,896,6.5,iron,0.0,5.2,-2.4,12,,minecraft:diamond,more_ores_more_gems:crimsonite_d_sword_recipe,net.mcreator.moreoresmoregems.item.CrimsoniteDSwordItem
more_ores_more_gems:ekanite_gemstone_axe,axe,ekanite_gemstone,718,8.0,iron,0.0,8.0,-3.2,8,,minecraft:iron_ingot,more_ores_more_gems:ekanite_gemstone_axe_recipe,net.mcreator.moreoresmoregems.item.EkaniteGemstoneAxeItem
more_ores_more_gems:ekanite_gemstone_hoe,hoe,ekanite_gemstone,718,8.0,iron,0.0,2.0,-3.0,8,,minecraft:iron_ingot,more_ores_more_gems:ekanite_gemstone_hoe_recipe,net.mcreator.moreoresmoregems.item.EkaniteGemstoneHoeItem
more_ores_more_gems:ekanite_gemstone_pickaxe,pickaxe,ekanite_gemstone,718,8.0,iron,0.0,4.0,-3.0,8,,minecraft:iron_ingot,more_ores_more_gems:ekanite_gemstone_pickaxe_recipe,net.mcreator.moreoresmoregems.item.EkaniteGemstonePickaxeItem
more_ores_more_gems:ekanite_gemstone_shovel,shovel,ekanite_gemstone,718,8.0,iron,0.0,4.0,-3.0,8,,minecraft:iron_ingot,more_ores_more_gems:ekanite_gemstone_shovel_recipe,net.mcreator.moreoresmoregems.item.EkaniteGemstoneShovelItem
more_ores_more_gems:ekanite_gemstone_sword,sword,ekanite_gemstone,718,8.0,iron,0.0,7.0,-2.0,8,,minecraft:diamond,more_ores_more_gems:ekanite_gemstone_sword_recipe,net.mcreator.moreoresmoregems.item.EkaniteGemstoneSwordItem
more_ores_more_gems:electrum_axe,axe,electrum,480,14.0,iron,0.0,8.0,-3.0,26,,more_ores_more_gems:electrum_ingot,more_ores_more_gems:electrum_axe_recipe,net.mcreator.moreoresmoregems.item.ElectrumAxeItem
more_ores_more_gems:electrum_hoe,hoe,electrum,480,14.0,iron,0.0,0.0,-1.2,26,,more_ores_more_gems:electrum_ingot,more_ores_more_gems:electrum_hoe_recipe,net.mcreator.moreoresmoregems.item.ElectrumHoeItem
more_ores_more_gems:electrum_pickaxe,pickaxe,electrum,480,14.0,iron,0.0,3.0,-2.6,26,,more_ores_more_gems:electrum_ingot,more_ores_more_gems:electrum_pickaxe_recipe,net.mcreator.moreoresmoregems.item.ElectrumPickaxeItem
more_ores_more_gems:electrum_shovel,shovel,electrum,480,6.0,iron,0.0,4.0,-2.8,14,,more_ores_more_gems:electrum_ingot,more_ores_more_gems:electrum_shovel_recipe,net.mcreator.moreoresmoregems.item.ElectrumShovelItem
more_ores_more_gems:electrum_sword,sword,electrum,480,14.0,iron,0.0,5.3,-2.4,26,,more_ores_more_gems:electrum_ingot,more_ores_more_gems:electrum_sword_recipe,net.mcreator.moreoresmoregems.item.ElectrumSwordItem
more_ores_more_gems:fire_opal_axe,axe,fire_opal,900,10.0,iron,0.0,8.2,-3.0,24,,minecraft:diamond,more_ores_more_gems:fire_opal_axe_recipe,net.mcreator.moreoresmoregems.item.FireOpalAxeItem
more_ores_more_gems:fire_opal_hoe,hoe,fire_opal,900,10.0,iron,0.0,0.8,0.0,24,,minecraft:diamond,more_ores_more_gems:fire_opal_hoe_recipe,net.mcreator.moreoresmoregems.item.FireOpalHoeItem
more_ores_more_gems:fire_opal_pickaxe,pickaxe,fire_opal,900,10.0,iron,0.0,4.0,-2.4,24,,minecraft:diamond,more_ores_more_gems:fire_opal_pickaxe_recipe,net.mcreator.moreoresmoregems.item.FireOpalPickaxeItem
more_ores_more_gems:fire_opal_shovel,shovel,fire_opal,900,10.0,iron,0.0,4.0,-3.0,24,,minecraft:diamond,more_ores_more_gems:fire_opal_shovel_recipe,net.mcreator.moreoresmoregems.item.FireOpalShovelItem
more_ores_more_gems:fire_opal_sword,sword,fire_opal,900,10.0,iron,0.0,6.2,-2.0,24,,minecraft:diamond,more_ores_more_gems:fire_opal_sword_recipe,net.mcreator.moreoresmoregems.item.FireOpalSwordItem
more_ores_more_gems:fluorescent_fluorite_gem_axe,axe,fluorescent_fluorite_gem,1204,10.0,diamond,0.0,11.0,-3.0,20,isFoil,minecraft:diamond,more_ores_more_gems:fluorescent_fluorite_gem_axe_recipe,net.mcreator.moreoresmoregems.item.FluorescentFluoriteGemAxeItem
more_ores_more_gems:fluorescent_fluorite_gem_hoe,hoe,fluorescent_fluorite_gem,1204,10.0,diamond,0.0,1.0,0.0,20,isFoil,minecraft:diamond,more_ores_more_gems:fluorescent_fluorite_gem_hoe_recipe,net.mcreator.moreoresmoregems.item.FluorescentFluoriteGemHoeItem
more_ores_more_gems:fluorescent_fluorite_gem_pickaxe,pickaxe,fluorescent_fluorite_gem,1204,10.0,diamond,0.0,5.0,-2.4,20,isFoil,minecraft:diamond,more_ores_more_gems:fluorescent_fluorite_gem_pickaxe_recipe,net.mcreator.moreoresmoregems.item.FluorescentFluoriteGemPickaxeItem
more_ores_more_gems:fluorescent_fluorite_gem_shovel,shovel,fluorescent_fluorite_gem,1204,10.0,diamond,0.0,5.0,-2.6,20,isFoil,minecraft:diamond,more_ores_more_gems:fluorescent_fluorite_gem_shovel_recipe,net.mcreator.moreoresmoregems.item.FluorescentFluoriteGemShovelItem
more_ores_more_gems:fluorescent_fluorite_gem_sword,sword,fluorescent_fluorite_gem,1204,10.0,diamond,0.0,7.2,-2.2,20,isFoil,minecraft:diamond,more_ores_more_gems:fluorescent_fluorite_gem_sword_recipe,net.mcreator.moreoresmoregems.item.FluorescentFluoriteGemSwordItem
more_ores_more_gems:fluorite_blood_axe,axe,fluorite_blood,1666,12.0,diamond,0.0,13.0,-3.0,24,,more_ores_more_gems:electrum_ingot,more_ores_more_gems:fluorite_blood_axe_recipe,net.mcreator.moreoresmoregems.item.FluoriteBloodAxeItem
more_ores_more_gems:fluorite_blood_hoe,hoe,fluorite_blood,1666,12.0,diamond,0.0,2.0,0.0,24,,more_ores_more_gems:electrum_ingot,more_ores_more_gems:fluorite_blood_hoe_recipe,net.mcreator.moreoresmoregems.item.FluoriteBloodHoeItem
more_ores_more_gems:fluorite_blood_pickaxe,pickaxe,fluorite_blood,1666,12.0,diamond,0.0,7.0,-2.4,24,,more_ores_more_gems:electrum_ingot,more_ores_more_gems:fluorite_blood_pickaxe_recipe,net.mcreator.moreoresmoregems.item.FluoriteBloodPickaxeItem
more_ores_more_gems:fluorite_blood_shovel,shovel,fluorite_blood,1666,12.0,diamond,0.0,5.7,-2.5,24,,more_ores_more_gems:electrum_ingot,more_ores_more_gems:fluorite_blood_shovel_recipe,net.mcreator.moreoresmoregems.item.FluoriteBloodShovelItem
more_ores_more_gems:fluorite_blood_sword,sword,fluorite_blood,1666,12.0,diamond,0.0,9.0,-2.0,24,,more_ores_more_gems:electrum_ingot,more_ores_more_gems:fluorite_blood_sword_recipe,net.mcreator.moreoresmoregems.item.FluoriteBloodSwordItem
more_ores_more_gems:fluorite_ytt_axe,axe,fluorite_ytt,789,8.0,iron,0.0,9.8,-3.0,16,,minecraft:iron_ingot,more_ores_more_gems:fluorite_ytt_axe_recipe,net.mcreator.moreoresmoregems.item.FluoriteYttAxeItem
more_ores_more_gems:fluorite_ytt_hoe,hoe,fluorite_ytt,789,8.0,iron,0.0,0.2,0.0,16,,minecraft:iron_ingot,more_ores_more_gems:fluorite_ytt_hoe_recipe,net.mcreator.moreoresmoregems.item.FluoriteYttHoeItem
more_ores_more_gems:fluorite_ytt_pickaxe,pickaxe,fluorite_ytt,789,8.0,iron,0.0,4.2,-2.6,16,,minecraft:iron_ingot,more_ores_more_gems:fluorite_ytt_pickaxe_recipe,net.mcreator.moreoresmoregems.item.FluoriteYttPickaxeItem
more_ores_more_gems:fluorite_ytt_shovel,shovel,fluorite_ytt,789,8.0,iron,0.0,4.4,-2.6,16,,minecraft:iron_ingot,more_ores_more_gems:fluorite_ytt_shovel_recipe,net.mcreator.moreoresmoregems.item.FluoriteYttShovelItem
more_ores_more_gems:fluorite_ytt_sword,sword,fluorite_ytt,789,8.0,iron,0.0,6.0,-2.2,16,,minecraft:iron_ingot,more_ores_more_gems:fluorite_ytt_sword_recipe,net.mcreator.moreoresmoregems.item.FluoriteYttSwordItem
more_ores_more_gems:gray_opal_gem_axe,axe,gray_opal_gem,900,10.0,iron,0.0,8.2,-3.0,24,,minecraft:diamond,more_ores_more_gems:gray_opal_gem_axe_recipe,net.mcreator.moreoresmoregems.item.GrayOpalGemAxeItem
more_ores_more_gems:gray_opal_gem_hoe,hoe,gray_opal_gem,900,10.0,iron,0.0,0.8,0.0,24,,minecraft:diamond,more_ores_more_gems:gray_opal_gem_hoe_recipe,net.mcreator.moreoresmoregems.item.GrayOpalGemHoeItem
more_ores_more_gems:gray_opal_gem_pickaxe,pickaxe,gray_opal_gem,900,10.0,iron,0.0,4.0,-2.4,24,,minecraft:diamond,more_ores_more_gems:gray_opal_gem_pickaxe_recipe,net.mcreator.moreoresmoregems.item.GrayOpalGemPickaxeItem
more_ores_more_gems:gray_opal_gem_shovel,shovel,gray_opal_gem,900,10.0,iron,0.0,4.0,-3.0,24,,minecraft:diamond,more_ores_more_gems:gray_opal_gem_shovel_recipe,net.mcreator.moreoresmoregems.item.GrayOpalGemShovelItem
more_ores_more_gems:gray_opal_gem_sword,sword,gray_opal_gem,900,10.0,iron,0.0,6.2,-2.0,24,,minecraft:diamond,more_ores_more_gems:gray_opal_gem_sword_recipe,net.mcreator.moreoresmoregems.item.GrayOpalGemSwordItem
more_ores_more_gems:green_fluorite_axe,axe,green_fluorite,275,6.0,iron,0.0,8.0,-3.1,10,,minecraft:stick,more_ores_more_gems:green_fluorite_axe_recipe,net.mcreator.moreoresmoregems.item.GreenFluoriteAxeItem
more_ores_more_gems:green_fluorite_hoe,hoe,green_fluorite,275,6.0,iron,0.0,0.0,-2.0,10,,minecraft:stick,more_ores_more_gems:green_fluorite_hoe_recipe,net.mcreator.moreoresmoregems.item.GreenFluoriteHoeItem
more_ores_more_gems:green_fluorite_pickaxe,pickaxe,green_fluorite,275,6.0,iron,0.0,2.0,-2.6,10,,minecraft:stick,more_ores_more_gems:green_fluorite_pickaxe_recipe,net.mcreator.moreoresmoregems.item.GreenFluoritePickaxeItem
more_ores_more_gems:green_fluorite_shovel,shovel,green_fluorite,275,6.0,iron,0.0,2.6,-2.8,10,,minecraft:stick,more_ores_more_gems:green_fluorite_shovel_recipe,net.mcreator.moreoresmoregems.item.GreenFluoriteShovelItem
more_ores_more_gems:green_fluorite_sword,sword,green_fluorite,275,6.0,iron,0.0,4.0,-2.2,10,,minecraft:stick,more_ores_more_gems:green_fluorite_sword_recipe,net.mcreator.moreoresmoregems.item.GreenFluoriteSwordItem
more_ores_more_gems:heliodor_5_axe,axe,heliodor_5,675,7.0,iron,0.0,11.0,-3.4,18,,minecraft:iron_ingot,more_ores_more_gems:heliodor_5_axe_recipe,net.mcreator.moreoresmoregems.item.Heliodor5AxeItem
more_ores_more_gems:heliodor_5_hoe,hoe,heliodor_5,675,7.0,iron,0.0,0.1,1.0,18,,minecraft:iron_ingot,more_ores_more_gems:heliodor_5_hoe_recipe,net.mcreator.moreoresmoregems.item.Heliodor5HoeItem
more_ores_more_gems:heliodor_5_pickaxe,pickaxe,heliodor_5,675,7.0,iron,0.0,3.5,-2.6,18,,minecraft:iron_ingot,more_ores_more_gems:heliodor_5_pickaxe_recipe,net.mcreator.moreoresmoregems.item.Heliodor5PickaxeItem
more_ores_more_gems:heliodor_5_shovel,shovel,heliodor_5,675,7.0,iron,0.0,4.2,-2.8,18,,minecraft:iron_ingot,more_ores_more_gems:heliodor_5_shovel_recipe,net.mcreator.moreoresmoregems.item.Heliodor5ShovelItem
more_ores_more_gems:heliodor_5_sword,sword,heliodor_5,675,7.0,iron,0.0,5.2,-2.2,18,,minecraft:iron_ingot,more_ores_more_gems:heliodor_5_sword_recipe,net.mcreator.moreoresmoregems.item.Heliodor5SwordItem
more_ores_more_gems:indium_axe,axe,indium,72,12.0,iron,0.0,7.0,-3.0,14,,minecraft:diamond,more_ores_more_gems:indium_axe_recipe,net.mcreator.moreoresmoregems.item.IndiumAxeItem
more_ores_more_gems:indium_hoe,hoe,indium,72,12.0,iron,0.0,0.2,0.0,14,,minecraft:diamond,more_ores_more_gems:indium_hoe_recipe,net.mcreator.moreoresmoregems.item.IndiumHoeItem
more_ores_more_gems:indium_pickaxe,pickaxe,indium,72,12.0,iron,0.0,3.2,-2.8,14,,minecraft:diamond,more_ores_more_gems:indium_pickaxe_recipe,net.mcreator.moreoresmoregems.item.IndiumPickaxeItem
more_ores_more_gems:indium_shovel,shovel,indium,72,12.0,iron,0.0,3.0,-2.6,14,,minecraft:diamond,more_ores_more_gems:indium_shovel_recipe,net.mcreator.moreoresmoregems.item.IndiumShovelItem
more_ores_more_gems:indium_sword,sword,indium,72,12.0,iron,0.0,5.0,-2.0,14,,minecraft:diamond,more_ores_more_gems:indium_sword_recipe,net.mcreator.moreoresmoregems.item.IndiumSwordItem
more_ores_more_gems:jade_5_axe,axe,jade_5,400,7.0,iron,0.0,8.6,-2.6,12,,minecraft:diamond,more_ores_more_gems:jade_5_axe_recipe,net.mcreator.moreoresmoregems.item.Jade5AxeItem
more_ores_more_gems:jade_5_hoe,hoe,jade_5,400,7.0,iron,0.0,0.2,0.0,12,,minecraft:stick,more_ores_more_gems:jade_5_hoe_recipe,net.mcreator.moreoresmoregems.item.Jade5HoeItem
more_ores_more_gems:jade_5_pickaxe,pickaxe,jade_5,400,7.0,iron,0.0,4.0,-2.6,12,,minecraft:stick,more_ores_more_gems:jade_5_pickaxe_recipe,net.mcreator.moreoresmoregems.item.Jade5PickaxeItem
more_ores_more_gems:jade_5_shovel,shovel,jade_5,400,7.0,iron,0.0,4.0,-2.5,12,,minecraft:stick,more_ores_more_gems:jade_5_shovel_recipe,net.mcreator.moreoresmoregems.item.Jade5ShovelItem
more_ores_more_gems:jade_5_sword,sword,jade_5,400,8.0,iron,0.0,6.5,-2.2,12,,minecraft:diamond,more_ores_more_gems:jade_5_sword_recipe,net.mcreator.moreoresmoregems.item.Jade5SwordItem
more_ores_more_gems:lead_axe,axe,lead,72,7.0,gold,0.0,7.0,-3.0,8,,minecraft:iron_ingot,more_ores_more_gems:lead_axe_recipe,net.mcreator.moreoresmoregems.item.LeadAxeItem
more_ores_more_gems:lead_hoe,hoe,lead,72,7.0,gold,0.0,0.0,-1.0,8,,minecraft:iron_ingot,more_ores_more_gems:lead_hoe_recipe,net.mcreator.moreoresmoregems.item.LeadHoeItem
more_ores_more_gems:lead_pickaxe,pickaxe,lead,72,7.0,gold,0.0,3.0,-3.0,8,,minecraft:iron_ingot,more_ores_more_gems:lead_pickaxe_recipe,net.mcreator.moreoresmoregems.item.LeadPickaxeItem
more_ores_more_gems:lead_shovel,shovel,lead,72,7.0,gold,0.0,2.6,-3.0,8,,minecraft:iron_ingot,more_ores_more_gems:lead_shovel_recipe,net.mcreator.moreoresmoregems.item.LeadShovelItem
more_ores_more_gems:lead_sword,sword,lead,72,7.0,gold,0.0,4.2,-2.4,8,,minecraft:iron_ingot,more_ores_more_gems:lead_sword_recipe,net.mcreator.moreoresmoregems.item.LeadSwordItem
more_ores_more_gems:leucosapphire_axe,axe,leucosapphire,1000,8.0,iron,0.0,10.0,-2.8,16,,more_ores_more_gems:electrum_ingot,more_ores_more_gems:leucosapphire_axe_recipe,net.mcreator.moreoresmoregems.item.LeucosapphireAxeItem
more_ores_more_gems:leucosapphire_hoe,hoe,leucosapphire,1000,8.0,iron,0.0,0.2,-0.5,16,,more_ores_more_gems:electrum_ingot,more_ores_more_gems:leucosapphire_hoe_recipe,net.mcreator.moreoresmoregems.item.LeucosapphireHoeItem
more_ores_more_gems:leucosapphire_pickaxe,pickaxe,leucosapphire,1000,8.0,iron,0.0,4.0,-2.6,16,,more_ores_more_gems:electrum_ingot,more_ores_more_gems:leucosapphire_pickaxe_recipe,net.mcreator.moreoresmoregems.item.LeucosapphirePickaxeItem
more_ores_more_gems:leucosapphire_shovel,shovel,leucosapphire,1000,8.0,iron,0.0,4.0,-2.5,16,,more_ores_more_gems:electrum_ingot,more_ores_more_gems:leucosapphire_shovel_recipe,net.mcreator.moreoresmoregems.item.LeucosapphireShovelItem
more_ores_more_gems:leucosapphire_sword,sword,leucosapphire,1000,8.0,iron,0.0,6.0,-2.2,16,,more_ores_more_gems:electrum_ingot,more_ores_more_gems:leucosapphire_sword_recipe,net.mcreator.moreoresmoregems.item.LeucosapphireSwordItem
more_ores_more_gems:magnesium_axe,axe,magnesium,350,6.0,iron,0.0,8.0,-3.1,14,,minecraft:stick,more_ores_more_gems:magnesium_axe_recipe,net.mcreator.moreoresmoregems.item.MagnesiumAxeItem
more_ores_more_gems:magnesium_hoe,hoe,magnesium,350,6.0,iron,0.0,0.0,-1.0,14,,minecraft:stick,more_ores_more_gems:magnesium_hoe_recipe,net.mcreator.moreoresmoregems.item.MagnesiumHoeItem
more_ores_more_gems:magnesium_pickaxe,pickaxe,magnesium,350,6.0,iron,0.0,3.0,-2.6,14,,minecraft:stick,more_ores_more_gems:magnesium_pickaxe_recipe,net.mcreator.moreoresmoregems.item.MagnesiumPickaxeItem
more_ores_more_gems:magnesium_shovel,shovel,magnesium,350,6.0,iron,0.0,3.0,-3.0,14,,minecraft:stick,more_ores_more_gems:magnesium_shovel_recipe,net.mcreator.moreoresmoregems.item.MagnesiumShovelItem
more_ores_more_gems:magnesium_sword,sword,magnesium,350,6.0,iron,0.0,5.0,-2.4,14,,minecraft:stick,more_ores_more_gems:magnesium_sword_recipe,net.mcreator.moreoresmoregems.item.MagnesiumSwordItem
more_ores_more_gems:monel_axe,axe,monel,950,8.0,iron,0.0,8.5,-3.1,12,,minecraft:diamond,more_ores_more_gems:monel_axe_recipe,net.mcreator.moreoresmoregems.item.MonelAxeItem
more_ores_more_gems:monel_hoe,hoe,monel,950,8.0,iron,0.0,0.2,-1.0,12,,minecraft:diamond,more_ores_more_gems:monel_hoe_recipe,net.mcreator.moreoresmoregems.item.MonelHoeItem
more_ores_more_gems:monel_pickaxe,pickaxe,monel,950,8.0,iron,0.0,4.0,-2.8,12,,minecraft:diamond,more_ores_more_gems:monel_pickaxe_recipe,net.mcreator.moreoresmoregems.item.MonelPickaxeItem
more_ores_more_gems:monel_shovel,shovel,monel,950,8.0,iron,0.0,3.2,-3.0,12,,minecraft:diamond,more_ores_more_gems:monel_shovel_recipe,net.mcreator.moreoresmoregems.item.MonelShovelItem
more_ores_more_gems:monel_sword,sword,monel,950,8.0,iron,0.0,5.4,-2.4,12,,minecraft:diamond,more_ores_more_gems:monel_sword_recipe,net.mcreator.moreoresmoregems.item.MonelSwordItem
more_ores_more_gems:mysticrain_axe,axe,mysticrain,1892,8.0,diamond,0.0,9.0,-2.5,20,,more_ores_more_gems:electrum_ingot,more_ores_more_gems:mysticrain_axe_recipe,net.mcreator.moreoresmoregems.item.MysticrainAxeItem
more_ores_more_gems:mysticrain_hoe,hoe,mysticrain,1892,9.0,diamond,0.0,0.0,0.0,20,,more_ores_more_gems:electrum_ingot,more_ores_more_gems:mysticrain_hoe_recipe,net.mcreator.moreoresmoregems.item.MysticrainHoeItem
more_ores_more_gems:mysticrain_pickaxe,pickaxe,mysticrain,1892,8.5,diamond,0.0,4.5,-2.4,20,,more_ores_more_gems:electrum_ingot,more_ores_more_gems:mysticrain_pickaxe_recipe,net.mcreator.moreoresmoregems.item.MysticrainPickaxeItem
more_ores_more_gems:mysticrain_shovel,shovel,mysticrain,1892,8.5,diamond,0.0,5.0,-2.5,20,,more_ores_more_gems:electrum_ingot,more_ores_more_gems:mysticrain_shovel_recipe,net.mcreator.moreoresmoregems.item.MysticrainShovelItem
more_ores_more_gems:mysticrain_sword,sword,mysticrain,1892,8.5,diamond,0.0,6.5,-2.4,20,,more_ores_more_gems:electrum_ingot,more_ores_more_gems:mysticrain_sword_recipe,net.mcreator.moreoresmoregems.item.MysticrainSwordItem
more_ores_more_gems:neptunium_axe,axe,neptunium,1450,9.0,diamond,0.0,12.0,-3.0,16,hurtEnemy,more_ores_more_gems:tungsten,more_ores_more_gems:neptunium_axe_recipe,net.mcreator.moreoresmoregems.item.NeptuniumAxeItem
more_ores_more_gems:neptunium_hoe,hoe,neptunium,1450,9.0,diamond,0.0,3.0,-2.0,16,hurtEnemy,more_ores_more_gems:tungsten,more_ores_more_gems:neptunium_hoe_recipe,net.mcreator.moreoresmoregems.item.NeptuniumHoeItem
more_ores_more_gems:neptunium_pickaxe,pickaxe,neptunium,1450,9.0,diamond,0.0,6.0,-3.0,16,hurtEnemy,more_ores_more_gems:tungsten,more_ores_more_gems:neptunium_pickaxe_recipe,net.mcreator.moreoresmoregems.item.NeptuniumPickaxeItem
more_ores_more_gems:neptunium_shovel,shovel,neptunium,1450,9.0,diamond,0.0,5.0,-2.6,16,hurtEnemy,more_ores_more_gems:tungsten,more_ores_more_gems:neptunium_shovel_recipe,net.mcreator.moreoresmoregems.item.NeptuniumShovelItem
more_ores_more_gems:neptunium_sword,sword,neptunium,1450,9.0,diamond,0.0,10.0,-1.6,16,hurtEnemy,more_ores_more_gems:tungsten,more_ores_more_gems:neptunium_sword_recipe,net.mcreator.moreoresmoregems.item.NeptuniumSwordItem
more_ores_more_gems:nickel_axe,axe,nickel,844,6.5,iron,0.0,8.2,-3.1,10,,minecraft:diamond,more_ores_more_gems:nickel_axe_recipe,net.mcreator.moreoresmoregems.item.NickelAxeItem
more_ores_more_gems:nickel_hoe,hoe,nickel,844,6.5,iron,0.0,0.1,-1.5,10,,minecraft:diamond,more_ores_more_gems:nickel_hoe_recipe,net.mcreator.moreoresmoregems.item.NickelHoeItem
more_ores_more_gems:nickel_pickaxe,pickaxe,nickel,844,6.5,iron,0.0,3.2,-2.8,10,,minecraft:diamond,more_ores_more_gems:nickel_pickaxe_recipe,net.mcreator.moreoresmoregems.item.NickelPickaxeItem
more_ores_more_gems:nickel_shovel,shovel,nickel,844,6.5,iron,0.0,3.5,-3.0,10,,minecraft:diamond,more_ores_more_gems:nickel_shovel_recipe,net.mcreator.moreoresmoregems.item.NickelShovelItem
more_ores_more_gems:nickel_sword,sword,nickel,844,6.5,iron,0.0,5.2,-2.4,10,,minecraft:diamond,more_ores_more_gems:nickel_sword_recipe,net.mcreator.moreoresmoregems.item.NickelSwordItem
more_ores_more_gems:nitinol_axe,axe,nitinol,1350,7.0,iron,0.0,9.0,-3.0,16,,minecraft:diamond,more_ores_more_gems:nitinol_axe_recipe,net.mcreator.moreoresmoregems.item.NitinolAxeItem
more_ores_more_gems:nitinol_hoe,hoe,nitinol,1350,7.0,iron,0.0,0.2,-1.0,16,,minecraft:diamond,more_ores_more_gems:nitinol_hoe_recipe,net.mcreator.moreoresmoregems.item.NitinolHoeItem
more_ores_more_gems:nitinol_pickaxe,pickaxe,nitinol,1350,7.0,iron,0.0,4.0,-2.8,16,,minecraft:diamond,more_ores_more_gems:nitinol_pickaxe_recipe,net.mcreator.moreoresmoregems.item.NitinolPickaxeItem
more_ores_more_gems:nitinol_shovel,shovel,nitinol,1350,7.0,iron,0.0,4.0,-3.0,16,,minecraft:diamond,more_ores_more_gems:nitinol_shovel_recipe,net.mcreator.moreoresmoregems.item.NitinolShovelItem
more_ores_more_gems:nitinol_sword,sword,nitinol,1350,7.0,iron,0.0,5.4,-2.4,16,,minecraft:diamond,more_ores_more_gems:nitinol_sword_recipe,net.mcreator.moreoresmoregems.item.NitinolSwordItem
more_ores_more_gems:opal_quartz_axe,axe,opal_quartz,922,12.0,iron,0.0,8.2,-2.9,20,,more_ores_more_gems:electrum_ingot,more_ores_more_gems:opal_quartz_axe_recipe,net.mcreator.moreoresmoregems.item.OpalQuartzAxeItem
more_ores_more_gems:opal_quartz_hoe,hoe,opal_quartz,922,12.0,iron,0.0,0.8,0.0,20,,more_ores_more_gems:electrum_ingot,more_ores_more_gems:opal_quartz_hoe_recipe,net.mcreator.moreoresmoregems.item.OpalQuartzHoeItem
more_ores_more_gems:opal_quartz_pickaxe,pickaxe,opal_quartz,922,12.0,iron,0.0,5.0,-2.6,20,,more_ores_more_gems:electrum_ingot,more_ores_more_gems:opal_quartz_pickaxe_recipe,net.mcreator.moreoresmoregems.item.OpalQuartzPickaxeItem
more_ores_more_gems:opal_quartz_shovel,shovel,opal_quartz,922,12.0,iron,0.0,4.0,-2.8,20,,more_ores_more_gems:electrum_ingot,more_ores_more_gems:opal_quartz_shovel_recipe,net.mcreator.moreoresmoregems.item.OpalQuartzShovelItem
more_ores_more_gems:opal_quartz_sword,sword,opal_quartz,922,12.0,iron,0.0,7.0,-2.4,20,,more_ores_more_gems:electrum_ingot,more_ores_more_gems:opal_quartz_sword_recipe,net.mcreator.moreoresmoregems.item.OpalQuartzSwordItem
more_ores_more_gems:orange_fluorite_axe,axe,orange_fluorite,275,6.0,iron,0.0,8.0,-3.1,10,,minecraft:stick,more_ores_more_gems:orange_fluorite_axe_recipe,net.mcreator.moreoresmoregems.item.OrangeFluoriteAxeItem
more_ores_more_gems:orange_fluorite_hoe,hoe,orange_fluorite,275,6.0,iron,0.0,0.0,-2.0,14,,minecraft:stick,more_ores_more_gems:orange_fluorite_hoe_recipe,net.mcreator.moreoresmoregems.item.OrangeFluoriteHoeItem
more_ores_more_gems:orange_fluorite_pickaxe,pickaxe,orange_fluorite,275,6.0,iron,0.0,2.0,-2.6,10,,minecraft:stick,more_ores_more_gems:orange_fluorite_pickaxe_recipe,net.mcreator.moreoresmoregems.item.OrangeFluoritePickaxeItem
more_ores_more_gems:orange_fluorite_shovel,shovel,orange_fluorite,275,6.0,iron,0.0,2.6,-2.8,10,,minecraft:stick,more_ores_more_gems:orange_fluorite_shovel_recipe,net.mcreator.moreoresmoregems.item.OrangeFluoriteShovelItem
more_ores_more_gems:orange_fluorite_sword,sword,orange_fluorite,275,6.0,iron,0.0,4.0,-2.2,10,,minecraft:stick,more_ores_more_gems:orange_fluorite_sword_recipe,net.mcreator.moreoresmoregems.item.OrangeFluoriteSwordItem
more_ores_more_gems:orange_pink_fluorite_axe,axe,orange_pink_fluorite,500,7.0,iron,0.0,9.0,-3.0,14,,minecraft:iron_ingot,more_ores_more_gems:orange_pink_fluorite_axe_recipe,net.mcreator.moreoresmoregems.item.OrangePinkFluoriteAxeItem
more_ores_more_gems:orange_pink_fluorite_hoe,hoe,orange_pink_fluorite,500,7.0,iron,0.0,0.0,-0.4,14,,minecraft:iron_ingot,more_ores_more_gems:orange_pink_fluorite_hoe_recipe,net.mcreator.moreoresmoregems.item.OrangePinkFluoriteHoeItem
more_ores_more_gems:orange_pink_fluorite_pickaxe,pickaxe,orange_pink_fluorite,500,7.0,iron,0.0,3.4,-2.6,14,,minecraft:iron_ingot,more_ores_more_gems:orange_pink_fluorite_pickaxe_recipe,net.mcreator.moreoresmoregems.item.OrangePinkFluoritePickaxeItem
more_ores_more_gems:orange_pink_fluorite_shovel,shovel,orange_pink_fluorite,500,7.0,iron,0.0,4.0,-2.8,14,,minecraft:iron_ingot,more_ores_more_gems:orange_pink_fluorite_shovel_recipe,net.mcreator.moreoresmoregems.item.OrangePinkFluoriteShovelItem
more_ores_more_gems:orange_pink_fluorite_sword,sword,orange_pink_fluorite,500,7.0,iron,0.0,5.2,-2.2,14,,minecraft:iron_ingot,more_ores_more_gems:orange_pink_fluorite_sword_recipe,net.mcreator.moreoresmoregems.item.OrangePinkFluoriteSwordItem
more_ores_more_gems:padparadscha_5_axe,axe,padparadscha_5,762,8.0,iron,0.0,10.0,-3.0,18,,minecraft:iron_ingot,more_ores_more_gems:padparadscha_5_axe_recipe,net.mcreator.moreoresmoregems.item.Padparadscha5AxeItem
more_ores_more_gems:padparadscha_5_hoe,hoe,padparadscha_5,762,8.0,iron,0.0,0.2,-0.8,18,,minecraft:iron_ingot,more_ores_more_gems:padparadscha_5_hoe_recipe,net.mcreator.moreoresmoregems.item.Padparadscha5HoeItem
more_ores_more_gems:padparadscha_5_pickaxe,pickaxe,padparadscha_5,762,8.0,iron,0.0,3.5,-2.6,18,,minecraft:iron_ingot,more_ores_more_gems:padparadscha_5_pickaxe_recipe,net.mcreator.moreoresmoregems.item.Padparadscha5PickaxeItem
more_ores_more_gems:padparadscha_5_shovel,shovel,padparadscha_5,762,8.0,iron,0.0,4.0,-2.6,18,,minecraft:iron_ingot,more_ores_more_gems:padparadscha_5_shovel_recipe,net.mcreator.moreoresmoregems.item.Padparadscha5ShovelItem
more_ores_more_gems:padparadscha_5_sword,sword,padparadscha_5,762,8.0,iron,0.0,5.4,-2.2,18,,minecraft:iron_ingot,more_ores_more_gems:padparadscha_5_sword_recipe,net.mcreator.moreoresmoregems.item.Padparadscha5SwordItem
more_ores_more_gems:peridot_5_axe,axe,peridot_5,571,8.0,iron,0.0,0.0,-3.0,18,,minecraft:iron_ingot,more_ores_more_gems:peridot_5_axe_recipe,net.mcreator.moreoresmoregems.item.Peridot5AxeItem
more_ores_more_gems:peridot_5_hoe,hoe,peridot_5,571,8.0,iron,0.0,0.0,0.0,18,,minecraft:iron_ingot,more_ores_more_gems:peridot_5_hoe_recipe,net.mcreator.moreoresmoregems.item.Peridot5HoeItem
more_ores_more_gems:peridot_5_pickaxe,pickaxe,peridot_5,571,8.0,iron,0.0,3.2,-2.6,18,,minecraft:iron_ingot,more_ores_more_gems:peridot_5_pickaxe_recipe,net.mcreator.moreoresmoregems.item.Peridot5PickaxeItem
more_ores_more_gems:peridot_5_shovel,shovel,peridot_5,571,8.0,iron,0.0,3.0,-3.0,18,,minecraft:iron_ingot,more_ores_more_gems:peridot_5_shovel_recipe,net.mcreator.moreoresmoregems.item.Peridot5ShovelItem
more_ores_more_gems:peridot_5_sword,sword,peridot_5,571,8.0,iron,0.0,6.0,-2.4,18,,minecraft:iron_ingot,more_ores_more_gems:peridot_5_sword_recipe,net.mcreator.moreoresmoregems.item.Peridot5SwordItem
more_ores_more_gems:pink_axe,axe,pink,900,10.0,iron,0.0,8.2,-3.0,24,,minecraft:diamond,more_ores_more_gems:pink_axe_recipe,net.mcreator.moreoresmoregems.item.PinkAxeItem
more_ores_more_gems:pink_flourite_axe,axe,pink_flourite,275,6.0,iron,0.0,8.0,-3.1,10,,minecraft:stick,more_ores_more_gems:pink_flourite_axe_recipe,net.mcreator.moreoresmoregems.item.PinkFlouriteAxeItem
more_ores_more_gems:pink_flourite_hoe,hoe,pink_flourite,275,6.0,iron,0.0,0.0,-2.0,10,,minecraft:stick,more_ores_more_gems:pink_flourite_hoe_recipe,net.mcreator.moreoresmoregems.item.PinkFlouriteHoeItem
more_ores_more_gems:pink_flourite_pickaxe,pickaxe,pink_flourite,275,6.0,iron,0.0,2.0,-2.6,10,,minecraft:stick,more_ores_more_gems:pink_flourite_pickaxe_recipe,net.mcreator.moreoresmoregems.item.PinkFlouritePickaxeItem
more_ores_more_gems:pink_flourite_shovel,shovel,pink_flourite,275,6.0,iron,0.0,2.6,-2.8,10,,minecraft:stick,more_ores_more_gems:pink_flourite_shovel_recipe,net.mcreator.moreoresmoregems.item.PinkFlouriteShovelItem
more_ores_more_gems:pink_flourite_sword,sword,pink_flourite,275,6.0,iron,0.0,4.0,-2.2,10,,minecraft:stick,more_ores_more_gems:pink_flourite_sword_recipe,net.mcreator.moreoresmoregems.item.PinkFlouriteSwordItem
more_ores_more_gems:pink_hoe,hoe,pink,900,10.0,iron,0.0,0.8,0.0,24,,minecraft:diamond,more_ores_more_gems:pink_hoe_recipe,net.mcreator.moreoresmoregems.item.PinkHoeItem
more_ores_more_gems:pink_pickaxe,pickaxe,pink,900,10.0,iron,0.0,4.0,-2.4,24,,minecraft:diamond,more_ores_more_gems:pink_pickaxe_recipe,net.mcreator.moreoresmoregems.item.PinkPickaxeItem
more_ores_more_gems:pink_shovel,shovel,pink,900,10.0,iron,0.0,4.0,-3.0,24,,minecraft:diamond,more_ores_more_gems:pink_shovel_recipe,net.mcreator.moreoresmoregems.item.PinkShovelItem
more_ores_more_gems:pink_sword,sword,pink,900,10.0,iron,0.0,6.2,-2.0,24,,minecraft:diamond,more_ores_more_gems:pink_sword_recipe,net.mcreator.moreoresmoregems.item.PinkSwordItem
more_ores_more_gems:platinum_axe,axe,platinum,976,8.0,iron,0.0,7.8,-3.0,20,,more_ores_more_gems:titanium_stick,more_ores_more_gems:platinum_axe_recipe,net.mcreator.moreoresmoregems.item.PlatinumAxeItem
more_ores_more_gems:platinum_hoe,hoe,platinum,976,8.0,iron,0.0,0.0,-1.0,20,,more_ores_more_gems:titanium_stick,more_ores_more_gems:platinum_hoe_recipe,net.mcreator.moreoresmoregems.item.PlatinumHoeItem
more_ores_more_gems:platinum_pickaxe,pickaxe,platinum,976,8.0,iron,0.0,3.6,-2.6,20,,more_ores_more_gems:titanium_stick,more_ores_more_gems:platinum_pickaxe_recipe,net.mcreator.moreoresmoregems.item.PlatinumPickaxeItem
more_ores_more_gems:platinum_shovel,shovel,platinum,976,8.0,iron,0.0,4.0,-2.8,20,,more_ores_more_gems:titanium_stick,more_ores_more_gems:platinum_shovel_recipe,net.mcreator.moreoresmoregems.item.PlatinumShovelItem
more_ores_more_gems:platinum_sword,sword,platinum,976,8.0,iron,0.0,5.4,-2.4,20,,more_ores_more_gems:titanium_stick,more_ores_more_gems:platinum_sword_recipe,net.mcreator.moreoresmoregems.item.PlatinumSwordItem
more_ores_more_gems:purple_fluorite_axe,axe,purple_fluorite,275,6.0,iron,0.0,8.0,-3.1,10,,minecraft:stick,more_ores_more_gems:purple_fluorite_axe_recipe,net.mcreator.moreoresmoregems.item.PurpleFluoriteAxeItem
more_ores_more_gems:purple_fluorite_hoe,hoe,purple_fluorite,275,6.0,iron,0.0,0.0,-2.0,10,,minecraft:stick,more_ores_more_gems:purple_fluorite_hoe_recipe,net.mcreator.moreoresmoregems.item.PurpleFluoriteHoeItem
more_ores_more_gems:purple_fluorite_pickaxe,pickaxe,purple_fluorite,275,6.0,iron,0.0,2.0,-2.6,10,,minecraft:stick,more_ores_more_gems:purple_fluorite_pickaxe_recipe,net.mcreator.moreoresmoregems.item.PurpleFluoritePickaxeItem
more_ores_more_gems:purple_fluorite_shovel,shovel,purple_fluorite,275,6.0,iron,0.0,2.6,-2.8,10,,minecraft:stick,more_ores_more_gems:purple_fluorite_shovel_recipe,net.mcreator.moreoresmoregems.item.PurpleFluoriteShovelItem
more_ores_more_gems:purple_fluorite_sword,sword,purple_fluorite,275,6.0,iron,0.0,4.0,-2.2,10,,minecraft:stick,more_ores_more_gems:purple_fluorite_sword_recipe,net.mcreator.moreoresmoregems.item.PurpleFluoriteSwordItem
more_ores_more_gems:purple_green_fluorite_axe,axe,purple_green_fluorite,500,7.0,iron,0.0,9.0,-3.0,14,,minecraft:iron_ingot,more_ores_more_gems:purple_green_fluorite_axe_recipe,net.mcreator.moreoresmoregems.item.PurpleGreenFluoriteAxeItem
more_ores_more_gems:purple_green_fluorite_hoe,hoe,purple_green_fluorite,500,7.0,iron,0.0,0.0,-0.4,14,,minecraft:iron_ingot,more_ores_more_gems:purple_green_fluorite_hoe_recipe,net.mcreator.moreoresmoregems.item.PurpleGreenFluoriteHoeItem
more_ores_more_gems:purple_green_fluorite_pickaxe,pickaxe,purple_green_fluorite,500,7.0,iron,0.0,3.4,-2.6,14,,minecraft:iron_ingot,more_ores_more_gems:purple_green_fluorite_pickaxe_recipe,net.mcreator.moreoresmoregems.item.PurpleGreenFluoritePickaxeItem
more_ores_more_gems:purple_green_fluorite_shovel,shovel,purple_green_fluorite,500,7.0,iron,0.0,4.0,-2.8,14,,minecraft:iron_ingot,more_ores_more_gems:purple_green_fluorite_shovel_recipe,net.mcreator.moreoresmoregems.item.PurpleGreenFluoriteShovelItem
more_ores_more_gems:purple_green_fluorite_sword,sword,purple_green_fluorite,500,7.0,iron,0.0,5.2,-2.2,14,,minecraft:iron_ingot,more_ores_more_gems:purple_green_fluorite_sword_recipe,net.mcreator.moreoresmoregems.item.PurpleGreenFluoriteSwordItem
more_ores_more_gems:radium_axe,axe,radium,1800,13.0,diamond,0.0,13.0,-3.2,13,,more_ores_more_gems:tungsten,more_ores_more_gems:radium_axe_recipe,net.mcreator.moreoresmoregems.item.RadiumAxeItem
more_ores_more_gems:radium_hoe,hoe,radium,1800,13.0,diamond,0.0,3.0,0.0,13,,more_ores_more_gems:tungsten,more_ores_more_gems:radium_hoe_recipe,net.mcreator.moreoresmoregems.item.RadiumHoeItem
more_ores_more_gems:radium_pickaxe,pickaxe,radium,1800,13.0,diamond,0.0,7.0,-2.8,13,,more_ores_more_gems:tungsten,more_ores_more_gems:radium_pickaxe_recipe,net.mcreator.moreoresmoregems.item.RadiumPickaxeItem
more_ores_more_gems:radium_shovel,shovel,radium,1800,13.0,diamond,0.0,5.0,-2.4,13,,more_ores_more_gems:tungsten,more_ores_more_gems:radium_shovel_recipe,net.mcreator.moreoresmoregems.item.RadiumShovelItem
more_ores_more_gems:radium_sword,sword,radium,1800,13.0,diamond,0.0,9.0,-2.0,13,,more_ores_more_gems:tungsten,more_ores_more_gems:radium_sword_recipe,net.mcreator.moreoresmoregems.item.RadiumSwordItem
more_ores_more_gems:rainbow_fluorite_axe,axe,rainbow_fluorite,1204,10.0,diamond,0.0,11.0,-3.0,20,,minecraft:diamond,more_ores_more_gems:rainbow_fluorite_axe_recipe,net.mcreator.moreoresmoregems.item.RainbowFluoriteAxeItem
more_ores_more_gems:rainbow_fluorite_hoe,hoe,rainbow_fluorite,1204,10.0,diamond,0.0,1.0,0.0,20,,minecraft:diamond,more_ores_more_gems:rainbow_fluorite_hoe_recipe,net.mcreator.moreoresmoregems.item.RainbowFluoriteHoeItem
more_ores_more_gems:rainbow_fluorite_pickaxe,pickaxe,rainbow_fluorite,1204,10.0,diamond,0.0,5.0,-2.4,20,,minecraft:diamond,more_ores_more_gems:rainbow_fluorite_pickaxe_recipe,net.mcreator.moreoresmoregems.item.RainbowFluoritePickaxeItem
more_ores_more_gems:rainbow_fluorite_shovel,shovel,rainbow_fluorite,1204,10.0,diamond,0.0,5.0,-2.6,20,,minecraft:diamond,more_ores_more_gems:rainbow_fluorite_shovel_recipe,net.mcreator.moreoresmoregems.item.RainbowFluoriteShovelItem
more_ores_more_gems:rainbow_fluorite_sword,sword,rainbow_fluorite,1204,10.0,diamond,0.0,7.2,-2.2,20,,minecraft:diamond,more_ores_more_gems:rainbow_fluorite_sword_recipe,net.mcreator.moreoresmoregems.item.RainbowFluoriteSwordItem
more_ores_more_gems:rare_axe,axe,rare,1574,10.0,diamond,0.0,13.0,-3.0,20,,minecraft:diamond,more_ores_more_gems:rare_axe_recipe,net.mcreator.moreoresmoregems.item.RareAxeItem
more_ores_more_gems:rare_hoe,hoe,rare,1574,10.0,diamond,0.0,0.5,0.5,20,,minecraft:diamond,more_ores_more_gems:rare_hoe_recipe,net.mcreator.moreoresmoregems.item.RareHoeItem
more_ores_more_gems:rare_pickaxe,pickaxe,rare,1574,10.0,diamond,0.0,4.5,-2.6,20,,minecraft:diamond,more_ores_more_gems:rare_pickaxe_recipe,net.mcreator.moreoresmoregems.item.RarePickaxeItem
more_ores_more_gems:rare_shovel,shovel,rare,1574,10.0,diamond,0.0,5.0,-2.5,20,,minecraft:diamond,more_ores_more_gems:rare_shovel_recipe,net.mcreator.moreoresmoregems.item.RareShovelItem
more_ores_more_gems:rare_sword,sword,rare,1574,10.0,diamond,0.0,7.0,-2.2,20,,minecraft:diamond,more_ores_more_gems:rare_sword_recipe,net.mcreator.moreoresmoregems.item.RareSwordItem
more_ores_more_gems:rhodium_axe,axe,rhodium,1350,12.0,iron,0.0,9.0,-3.0,20,,minecraft:diamond,more_ores_more_gems:rhodium_axe_recipe,net.mcreator.moreoresmoregems.item.RhodiumAxeItem
more_ores_more_gems:rhodium_hoe,hoe,rhodium,1350,12.0,iron,0.0,1.0,-1.0,20,,minecraft:diamond,more_ores_more_gems:rhodium_hoe_recipe,net.mcreator.moreoresmoregems.item.RhodiumHoeItem
more_ores_more_gems:rhodium_pickaxe,pickaxe,rhodium,1350,12.0,iron,0.0,5.0,-2.8,20,,minecraft:diamond,more_ores_more_gems:rhodium_pickaxe_recipe,net.mcreator.moreoresmoregems.item.RhodiumPickaxeItem
more_ores_more_gems:rhodium_shovel,shovel,rhodium,1350,12.0,iron,0.0,4.0,-2.6,20,,minecraft:diamond,more_ores_more_gems:rhodium_shovel_recipe,net.mcreator.moreoresmoregems.item.RhodiumShovelItem
more_ores_more_gems:rhodium_sword,sword,rhodium,1350,12.0,iron,0.0,7.0,-2.4,20,,minecraft:diamond,more_ores_more_gems:rhodium_sword_recipe,net.mcreator.moreoresmoregems.item.RhodiumSwordItem
more_ores_more_gems:rose_gold_axe,axe,rose_gold,512,14.0,iron,0.0,8.0,-2.8,20,,more_ores_more_gems:electrum_ingot,more_ores_more_gems:rose_gold_axe_recipe,net.mcreator.moreoresmoregems.item.RoseGoldAxeItem
more_ores_more_gems:rose_gold_hoe,hoe,rose_gold,512,14.0,iron,0.0,0.2,0.0,20,,more_ores_more_gems:electrum_ingot,more_ores_more_gems:rose_gold_hoe_recipe,net.mcreator.moreoresmoregems.item.RoseGoldHoeItem
more_ores_more_gems:rose_gold_pickaxe,pickaxe,rose_gold,512,14.0,iron,0.0,4.2,-2.6,20,,more_ores_more_gems:electrum_ingot,more_ores_more_gems:rose_gold_pickaxe_recipe,net.mcreator.moreoresmoregems.item.RoseGoldPickaxeItem
more_ores_more_gems:rose_gold_shovel,shovel,rose_gold,512,14.0,iron,0.0,4.0,-2.6,20,,more_ores_more_gems:electrum_ingot,more_ores_more_gems:rose_gold_shovel_recipe,net.mcreator.moreoresmoregems.item.RoseGoldShovelItem
more_ores_more_gems:rose_gold_sword,sword,rose_gold,512,14.0,iron,0.0,6.0,-2.2,20,,more_ores_more_gems:electrum_ingot,more_ores_more_gems:rose_gold_sword_recipe,net.mcreator.moreoresmoregems.item.RoseGoldSwordItem
more_ores_more_gems:ruby_axe,axe,ruby,1000,6.0,iron,0.0,8.0,-3.0,14,,minecraft:diamond,more_ores_more_gems:ruby_axe_recipe,net.mcreator.moreoresmoregems.item.RubyAxeItem
more_ores_more_gems:ruby_hoe,hoe,ruby,1000,6.0,iron,0.0,0.0,-0.75,14,,minecraft:diamond,more_ores_more_gems:ruby_hoe_recipe,net.mcreator.moreoresmoregems.item.RubyHoeItem
more_ores_more_gems:ruby_pickaxe,pickaxe,ruby,1000,6.0,iron,0.0,3.0,-2.8,14,,minecraft:diamond,more_ores_more_gems:ruby_pickaxe_recipe,net.mcreator.moreoresmoregems.item.RubyPickaxeItem
more_ores_more_gems:ruby_shovel,shovel,ruby,1000,7.0,iron,0.0,3.0,-3.0,14,,minecraft:diamond,more_ores_more_gems:ruby_shovel_recipe,net.mcreator.moreoresmoregems.item.RubyShovelItem
more_ores_more_gems:ruby_sword,sword,ruby,1000,6.0,iron,0.0,4.5,-2.2,14,,minecraft:diamond,more_ores_more_gems:ruby_sword_recipe,net.mcreator.moreoresmoregems.item.RubySwordItem
more_ores_more_gems:sapphirel_axe,axe,sapphirel,1000,8.0,iron,0.0,10.0,-2.8,16,,more_ores_more_gems:electrum_ingot,more_ores_more_gems:sapphirel_axe_recipe,net.mcreator.moreoresmoregems.item.SapphirelAxeItem
more_ores_more_gems:sapphirel_hoe,hoe,sapphirel,1000,8.0,iron,0.0,0.2,-0.5,16,,more_ores_more_gems:electrum_ingot,more_ores_more_gems:sapphirel_hoe_recipe,net.mcreator.moreoresmoregems.item.SapphirelHoeItem
more_ores_more_gems:sapphirel_pickaxe,pickaxe,sapphirel,1000,8.0,iron,0.0,4.0,-2.6,16,,more_ores_more_gems:electrum_ingot,more_ores_more_gems:sapphirel_pickaxe_recipe,net.mcreator.moreoresmoregems.item.SapphirelPickaxeItem
more_ores_more_gems:sapphirel_shovel,shovel,sapphirel,1000,8.0,iron,0.0,4.0,-2.5,16,,more_ores_more_gems:electrum_ingot,more_ores_more_gems:sapphirel_shovel_recipe,net.mcreator.moreoresmoregems.item.SapphirelShovelItem
more_ores_more_gems:sapphirel_sword,sword,sapphirel,1000,8.0,iron,0.0,6.0,-2.2,16,,more_ores_more_gems:electrum_ingot,more_ores_more_gems:sapphirel_sword_recipe,net.mcreator.moreoresmoregems.item.SapphirelSwordItem
more_ores_more_gems:shadowite_1_axe,axe,shadowite_1,775,6.0,iron,0.0,8.0,-3.0,12,,stellaris:desh_ingot,more_ores_more_gems:shadowite_1_axe_recipe,net.mcreator.moreoresmoregems.item.Shadowite1AxeItem
more_ores_more_gems:shadowite_1_hoe,hoe,shadowite_1,775,6.0,iron,0.0,0.1,-1.0,12,,stellaris:desh_ingot,more_ores_more_gems:shadowite_1_hoe_recipe,net.mcreator.moreoresmoregems.item.Shadowite1HoeItem
more_ores_more_gems:shadowite_1_pickaxe,pickaxe,shadowite_1,775,6.0,iron,0.0,3.5,-2.9,12,,stellaris:desh_ingot,more_ores_more_gems:shadowite_1_pickaxe_recipe,net.mcreator.moreoresmoregems.item.Shadowite1PickaxeItem
more_ores_more_gems:shadowite_1_shovel,shovel,shadowite_1,775,6.0,iron,0.0,4.5,-3.0,12,,stellaris:desh_ingot,more_ores_more_gems:shadowite_1_shovel_recipe,net.mcreator.moreoresmoregems.item.Shadowite1ShovelItem
more_ores_more_gems:shadowite_1_sword,sword,shadowite_1,775,6.0,iron,0.0,5.5,-2.4,12,,stellaris:desh_ingot,more_ores_more_gems:shadowite_1_sword_recipe,net.mcreator.moreoresmoregems.item.Shadowite1SwordItem
more_ores_more_gems:shadowsteel_axe,axe,shadowsteel,1685,9.0,diamond,0.0,13.0,-3.3,18,,stellaris:desh_ingot,more_ores_more_gems:shadowsteel_axe_recipe,net.mcreator.moreoresmoregems.item.ShadowsteelAxeItem
more_ores_more_gems:shadowsteel_hoe,hoe,shadowsteel,1682,8.0,diamond,0.0,0.3,0.0,16,,stellaris:desh_ingot,more_ores_more_gems:shadowsteel_hoe_recipe,net.mcreator.moreoresmoregems.item.ShadowsteelHoeItem
more_ores_more_gems:shadowsteel_pickaxe,pickaxe,shadowsteel,1682,9.0,diamond,0.0,5.0,-2.6,16,,stellaris:desh_ingot,more_ores_more_gems:shadowsteel_pickaxe_recipe,net.mcreator.moreoresmoregems.item.ShadowsteelPickaxeItem
more_ores_more_gems:shadowsteel_shovel,shovel,shadowsteel,1682,9.0,diamond,0.0,5.5,-2.5,16,,stellaris:desh_ingot,more_ores_more_gems:shadowsteel_shovel_recipe,net.mcreator.moreoresmoregems.item.ShadowsteelShovelItem
more_ores_more_gems:shadowsteel_sword,sword,shadowsteel,1682,9.0,diamond,0.0,7.2,-2.4,18,,stellaris:desh_ingot,more_ores_more_gems:shadowsteel_sword_recipe,net.mcreator.moreoresmoregems.item.ShadowsteelSwordItem
more_ores_more_gems:skysteel_p_axe,axe,skysteel_p,3400,9.0,netherite,0.0,14.0,-3.3,20,,stellaris:desh_ingot,more_ores_more_gems:skysteel_p_axe_recipe,net.mcreator.moreoresmoregems.item.SkysteelPAxeItem
more_ores_more_gems:skysteel_p_hoe,hoe,skysteel_p,3400,9.0,netherite,0.0,0.5,0.0,20,,stellaris:desh_ingot,more_ores_more_gems:skysteel_p_hoe_recipe,net.mcreator.moreoresmoregems.item.SkysteelPHoeItem
more_ores_more_gems:skysteel_p_pickaxe,pickaxe,skysteel_p,3400,9.0,netherite,0.0,5.0,-2.5,18,,stellaris:desh_ingot,more_ores_more_gems:skysteel_p_pickaxe_recipe,net.mcreator.moreoresmoregems.item.SkysteelPPickaxeItem
more_ores_more_gems:skysteel_p_shovel,shovel,skysteel_p,3400,9.0,netherite,0.0,5.8,-2.4,18,,stellaris:desh_ingot,more_ores_more_gems:skysteel_p_shovel_recipe,net.mcreator.moreoresmoregems.item.SkysteelPShovelItem
more_ores_more_gems:skysteel_p_sword,sword,skysteel_p,3400,10.0,netherite,0.0,17.0,-0.8,20,,stellaris:desh_ingot,more_ores_more_gems:skysteel_p_sword_recipe,net.mcreator.moreoresmoregems.item.SkysteelPSwordItem
more_ores_more_gems:sliver_axe,axe,sliver,444,12.0,gold,0.0,7.0,-3.0,20,,minecraft:diamond,more_ores_more_gems:sliver_axe_recipe,net.mcreator.moreoresmoregems.item.SliverAxeItem
more_ores_more_gems:sliver_hoe,hoe,sliver,444,12.0,gold,0.0,0.0,-1.5,20,,minecraft:diamond,more_ores_more_gems:sliver_hoe_recipe,net.mcreator.moreoresmoregems.item.SliverHoeItem
more_ores_more_gems:sliver_pickaxe,pickaxe,sliver,444,12.0,gold,0.0,2.0,-2.6,20,,minecraft:diamond,more_ores_more_gems:sliver_pickaxe_recipe,net.mcreator.moreoresmoregems.item.SliverPickaxeItem
more_ores_more_gems:sliver_shovel,shovel,sliver,444,12.0,gold,0.0,3.0,-2.8,20,,minecraft:diamond,more_ores_more_gems:sliver_shovel_recipe,net.mcreator.moreoresmoregems.item.SliverShovelItem
more_ores_more_gems:sliver_sword,sword,sliver,444,12.0,gold,0.0,4.5,-2.4,20,,minecraft:diamond,more_ores_more_gems:sliver_sword_recipe,net.mcreator.moreoresmoregems.item.SliverSwordItem
more_ores_more_gems:steel_axe,axe,steel,1412,6.0,iron,0.0,8.0,-3.0,16,,minecraft:diamond,more_ores_more_gems:steel_axe_recipe,net.mcreator.moreoresmoregems.item.SteelAxeItem
more_ores_more_gems:steel_hoe,hoe,steel,1412,6.5,iron,0.0,0.0,-1.0,16,,minecraft:diamond,more_ores_more_gems:steel_hoe_recipe,net.mcreator.moreoresmoregems.item.SteelHoeItem
more_ores_more_gems:steel_pickaxe,pickaxe,steel,1412,7.0,iron,0.0,4.0,-2.9,16,,minecraft:diamond,more_ores_more_gems:steel_pickaxe_recipe,net.mcreator.moreoresmoregems.item.SteelPickaxeItem
more_ores_more_gems:steel_shovel,shovel,steel,1412,6.5,iron,0.0,4.0,-3.0,16,,minecraft:diamond,more_ores_more_gems:steel_shovel_recipe,net.mcreator.moreoresmoregems.item.SteelShovelItem
more_ores_more_gems:steel_sword,sword,steel,1412,6.0,iron,0.0,5.8,-2.4,16,,minecraft:diamond,more_ores_more_gems:steel_sword_recipe,net.mcreator.moreoresmoregems.item.SteelSwordItem
more_ores_more_gems:tanzanite_5_axe,axe,tanzanite_5,540,8.0,iron,0.0,8.0,-3.0,18,,minecraft:iron_ingot,more_ores_more_gems:tanzanite_5_axe_recipe,net.mcreator.moreoresmoregems.item.Tanzanite5AxeItem
more_ores_more_gems:tanzanite_5_hoe,hoe,tanzanite_5,540,8.0,iron,0.0,0.0,0.0,18,,minecraft:iron_ingot,more_ores_more_gems:tanzanite_5_hoe_recipe,net.mcreator.moreoresmoregems.item.Tanzanite5HoeItem
more_ores_more_gems:tanzanite_5_pickaxe,pickaxe,tanzanite_5,540,8.0,iron,0.0,3.2,-2.6,18,,minecraft:iron_ingot,more_ores_more_gems:tanzanite_5_pickaxe_recipe,net.mcreator.moreoresmoregems.item.Tanzanite5PickaxeItem
more_ores_more_gems:tanzanite_5_shovel,shovel,tanzanite_5,540,8.0,iron,0.0,3.0,-3.0,18,,minecraft:iron_ingot,more_ores_more_gems:tanzanite_5_shovel_recipe,net.mcreator.moreoresmoregems.item.Tanzanite5ShovelItem
more_ores_more_gems:tanzanite_5_sword,sword,tanzanite_5,540,8.0,iron,0.0,5.0,-2.0,18,,minecraft:iron_ingot,more_ores_more_gems:tanzanite_5_sword_recipe,net.mcreator.moreoresmoregems.item.Tanzanite5SwordItem
more_ores_more_gems:thalassium_axe,axe,thalassium,1786,10.0,diamond,0.0,11.0,-3.0,18,,more_ores_more_gems:electrum_ingot,more_ores_more_gems:thalassium_axe_recipe,net.mcreator.moreoresmoregems.item.ThalassiumAxeItem
more_ores_more_gems:thalassium_hoe,hoe,thalassium,1786,10.0,diamond,0.0,2.0,0.0,18,,more_ores_more_gems:electrum_ingot,more_ores_more_gems:thalassium_hoe_recipe,net.mcreator.moreoresmoregems.item.ThalassiumHoeItem
more_ores_more_gems:thalassium_pickaxe,pickaxe,thalassium,1786,10.0,diamond,0.0,6.0,-3.0,18,,more_ores_more_gems:electrum_ingot,more_ores_more_gems:thalassium_pickaxe_recipe,net.mcreator.moreoresmoregems.item.ThalassiumPickaxeItem
more_ores_more_gems:thalassium_shovel,shovel,thalassium,6280,12.0,diamond,0.0,2.0,-2.0,12,,more_ores_more_gems:electrum_ingot,more_ores_more_gems:thalassium_shovel_recipe,net.mcreator.moreoresmoregems.item.ThalassiumShovelItem
more_ores_more_gems:thalassium_sword,sword,thalassium,6280,10.0,diamond,0.0,11.0,-1.5,18,,more_ores_more_gems:tungsten,more_ores_more_gems:thalassium_sword_recipe,net.mcreator.moreoresmoregems.item.ThalassiumSwordItem
more_ores_more_gems:thorium_axe,axe,thorium,800,12.0,iron,0.0,7.2,-2.6,10,,more_ores_more_gems:tungsten,more_ores_more_gems:thorium_axe_recipe,net.mcreator.moreoresmoregems.item.ThoriumAxeItem
more_ores_more_gems:thorium_hoe,hoe,thorium,800,12.0,iron,0.0,1.0,-1.0,10,,more_ores_more_gems:tungsten,more_ores_more_gems:thorium_hoe_recipe,net.mcreator.moreoresmoregems.item.ThoriumHoeItem
more_ores_more_gems:thorium_pickaxe,pickaxe,thorium,800,12.0,iron,0.0,4.0,-2.8,10,,more_ores_more_gems:tungsten,more_ores_more_gems:thorium_pickaxe_recipe,net.mcreator.moreoresmoregems.item.ThoriumPickaxeItem
more_ores_more_gems:thorium_shovel,shovel,thorium,800,12.0,iron,0.0,3.0,-2.8,10,,more_ores_more_gems:tungsten,more_ores_more_gems:thorium_shovel_recipe,net.mcreator.moreoresmoregems.item.ThoriumShovelItem
more_ores_more_gems:thorium_sword,sword,thorium,800,12.0,iron,0.0,7.0,-2.4,10,,more_ores_more_gems:tungsten,more_ores_more_gems:thorium_sword_recipe,net.mcreator.moreoresmoregems.item.ThoriumSwordItem
more_ores_more_gems:tin_axe,axe,tin,96,10.0,gold,0.0,7.4,-3.0,7,,minecraft:iron_ingot,more_ores_more_gems:tin_axe_recipe,net.mcreator.moreoresmoregems.item.TinAxeItem
more_ores_more_gems:tin_hoe,hoe,tin,96,10.0,gold,0.0,0.0,-1.0,7,,minecraft:iron_ingot,more_ores_more_gems:tin_hoe_recipe,net.mcreator.moreoresmoregems.item.TinHoeItem
more_ores_more_gems:tin_pickaxe,pickaxe,tin,112,10.0,gold,0.0,2.2,-2.8,7,,minecraft:iron_ingot,more_ores_more_gems:tin_pickaxe_recipe,net.mcreator.moreoresmoregems.item.TinPickaxeItem
more_ores_more_gems:tin_shovel,shovel,tin,96,10.0,gold,0.0,2.6,-2.8,7,,minecraft:iron_ingot,more_ores_more_gems:tin_shovel_recipe,net.mcreator.moreoresmoregems.item.TinShovelItem
more_ores_more_gems:tin_sword,sword,tin,96,10.0,gold,0.0,4.6,-2.4,7,,minecraft:iron_ingot,more_ores_more_gems:tin_sword_recipe,net.mcreator.moreoresmoregems.item.TinSwordItem
more_ores_more_gems:titanium_axe,axe,titanium,1320,6.0,iron,0.0,8.8,-3.0,14,,more_ores_more_gems:titanium_stick,more_ores_more_gems:titanium_axe_recipe,net.mcreator.moreoresmoregems.item.TitaniumAxeItem
more_ores_more_gems:titanium_hoe,hoe,titanium,1320,6.0,iron,0.0,0.0,-0.5,14,,more_ores_more_gems:titanium_stick,more_ores_more_gems:titanium_hoe_recipe,net.mcreator.moreoresmoregems.item.TitaniumHoeItem
more_ores_more_gems:titanium_pickaxe,pickaxe,titanium,1320,7.0,iron,0.0,4.0,-2.8,14,,more_ores_more_gems:titanium_stick,more_ores_more_gems:titanium_pickaxe_recipe,net.mcreator.moreoresmoregems.item.TitaniumPickaxeItem
more_ores_more_gems:titanium_quartz_6_axe,axe,titanium_quartz_6,1580,7.0,diamond,0.0,9.0,-2.9,14,,more_ores_more_gems:titanium_stick,more_ores_more_gems:titanium_quartz_6_axe_recipe,net.mcreator.moreoresmoregems.item.TitaniumQuartz6AxeItem
more_ores_more_gems:titanium_quartz_6_hoe,hoe,titanium_quartz_6,1580,7.0,diamond,0.0,0.2,0.0,17,,more_ores_more_gems:titanium_stick,more_ores_more_gems:titanium_quartz_6_hoe_recipe,net.mcreator.moreoresmoregems.item.TitaniumQuartz6HoeItem
more_ores_more_gems:titanium_quartz_6_pickaxe,pickaxe,titanium_quartz_6,1580,7.0,diamond,0.0,4.5,-2.8,17,,more_ores_more_gems:titanium_stick,more_ores_more_gems:titanium_quartz_6_pickaxe_recipe,net.mcreator.moreoresmoregems.item.TitaniumQuartz6PickaxeItem
more_ores_more_gems:titanium_quartz_6_shovel,shovel,titanium_quartz_6,1580,7.0,diamond,0.0,5.0,-2.75,17,,more_ores_more_gems:titanium_stick,more_ores_more_gems:titanium_quartz_6_shovel_recipe,net.mcreator.moreoresmoregems.item.TitaniumQuartz6ShovelItem
more_ores_more_gems:titanium_quartz_6_sword,sword,titanium_quartz_6,1580,7.0,diamond,0.0,6.0,-2.0,17,,more_ores_more_gems:titanium_stick,more_ores_more_gems:titanium_quartz_6_sword_recipe,net.mcreator.moreoresmoregems.item.TitaniumQuartz6SwordItem
more_ores_more_gems:titanium_shovel,shovel,titanium,1320,6.0,iron,0.0,4.0,-2.75,14,,more_ores_more_gems:titanium_stick,more_ores_more_gems:titanium_shovel_recipe,net.mcreator.moreoresmoregems.item.TitaniumShovelItem
more_ores_more_gems:titanium_sword,sword,titanium,1320,6.0,iron,0.0,5.0,-2.2,14,,more_ores_more_gems:titanium_stick,more_ores_more_gems:titanium_sword_recipe,net.mcreator.moreoresmoregems.item.TitaniumSwordItem
more_ores_more_gems:topazo_axe,axe,topazo,810,7.0,iron,0.0,8.5,-3.0,14,,minecraft:diamond,more_ores_more_gems:topazo_axe_recipe,net.mcreator.moreoresmoregems.item.TopazoAxeItem
more_ores_more_gems:topazo_hoe,hoe,topazo,810,7.0,iron,0.0,0.2,-1.0,14,,minecraft:diamond,more_ores_more_gems:topazo_hoe_recipe,net.mcreator.moreoresmoregems.item.TopazoHoeItem
more_ores_more_gems:topazo_pickaxe,pickaxe,topazo,810,7.0,iron,0.0,3.2,-2.8,14,,minecraft:diamond,more_ores_more_gems:topazo_pickaxe_recipe,net.mcreator.moreoresmoregems.item.TopazoPickaxeItem
more_ores_more_gems:topazo_shovel,shovel,topazo,810,7.0,iron,0.0,4.0,-3.0,14,,minecraft:diamond,more_ores_more_gems:topazo_shovel_recipe,net.mcreator.moreoresmoregems.item.TopazoShovelItem
more_ores_more_gems:topazo_sword,sword,topazo,810,7.0,iron,0.0,5.0,-2.4,15,,minecraft:diamond,more_ores_more_gems:topazo_sword_recipe,net.mcreator.moreoresmoregems.item.TopazoSwordItem
more_ores_more_gems:tungsten_metal_axe,axe,tungsten_metal,1504,9.0,diamond,0.0,8.6,-2.6,8,,more_ores_more_gems:titanium_stick,more_ores_more_gems:tungsten_metal_axe_recipe,net.mcreator.moreoresmoregems.item.Tungsten_MetalAxeItem
more_ores_more_gems:tungsten_metal_hoe,hoe,tungsten_metal,1504,8.0,diamond,0.0,3.0,-2.0,9,,more_ores_more_gems:titanium_stick,more_ores_more_gems:tungsten_metal_hoe_recipe,net.mcreator.moreoresmoregems.item.Tungsten_MetalHoeItem
more_ores_more_gems:tungsten_metal_pickaxe,pickaxe,tungsten_metal,1504,8.0,diamond,0.0,7.0,-3.0,9,,more_ores_more_gems:titanium_stick,more_ores_more_gems:tungsten_metal_pickaxe_recipe,net.mcreator.moreoresmoregems.item.Tungsten_MetalPickaxeItem
more_ores_more_gems:tungsten_metal_shovel,shovel,tungsten_metal,1504,8.0,diamond,0.0,6.0,-2.2,9,,more_ores_more_gems:titanium_stick,more_ores_more_gems:tungsten_metal_shovel_recipe,net.mcreator.moreoresmoregems.item.Tungsten_MetalShovelItem
more_ores_more_gems:tungsten_metal_sword,sword,tungsten_metal,1504,8.0,diamond,0.0,7.0,-2.0,9,,more_ores_more_gems:titanium_stick,more_ores_more_gems:tungsten_metal_sword_recipe,net.mcreator.moreoresmoregems.item.Tungsten_MetalSwordItem
more_ores_more_gems:uranium_234_axe,axe,uranium_234,1470,8.5,diamond,0.0,12.0,-3.0,12,hurtEnemy,more_ores_more_gems:tungsten,more_ores_more_gems:uranium_234_axe_recipe,net.mcreator.moreoresmoregems.item.Uranium234AxeItem
more_ores_more_gems:uranium_234_hoe,hoe,uranium_234,1470,8.5,diamond,0.0,3.0,-2.0,12,hurtEnemy,more_ores_more_gems:tungsten,more_ores_more_gems:uranium_234_hoe_recipe,net.mcreator.moreoresmoregems.item.Uranium234HoeItem
more_ores_more_gems:uranium_234_pickaxe,pickaxe,uranium_234,1470,8.5,diamond,0.0,5.6,-3.0,12,hurtEnemy,more_ores_more_gems:tungsten,more_ores_more_gems:uranium_234_pickaxe_recipe,net.mcreator.moreoresmoregems.item.Uranium234PickaxeItem
more_ores_more_gems:uranium_234_shovel,shovel,uranium_234,1470,8.5,diamond,0.0,5.0,-2.6,12,hurtEnemy,more_ores_more_gems:tungsten,more_ores_more_gems:uranium_234_shovel_recipe,net.mcreator.moreoresmoregems.item.Uranium234ShovelItem
more_ores_more_gems:uranium_234_sword,sword,uranium_234,1470,8.5,diamond,0.0,10.0,-1.0,12,hurtEnemy,more_ores_more_gems:tungsten,more_ores_more_gems:uranium_234_sword_recipe,net.mcreator.moreoresmoregems.item.Uranium234SwordItem
more_ores_more_gems:uranium_238_axe,axe,uranium_238,1271,6.0,iron,0.0,8.0,-3.2,8,hurtEnemy,more_ores_more_gems:tungsten,more_ores_more_gems:uranium_238_axe_recipe,net.mcreator.moreoresmoregems.item.Uranium238AxeItem
more_ores_more_gems:uranium_238_hoe,hoe,uranium_238,1271,6.0,iron,0.0,0.0,-2.0,8,hurtEnemy,more_ores_more_gems:tungsten,more_ores_more_gems:uranium_238_hoe_recipe,net.mcreator.moreoresmoregems.item.Uranium238HoeItem
more_ores_more_gems:uranium_238_pickaxe,pickaxe,uranium_238,1271,6.0,iron,0.0,3.4,-2.8,8,hurtEnemy,more_ores_more_gems:tungsten,more_ores_more_gems:uranium_238_pickaxe_recipe,net.mcreator.moreoresmoregems.item.Uranium238PickaxeItem
more_ores_more_gems:uranium_238_shovel,shovel,uranium_238,1271,6.0,iron,0.0,3.8,-3.0,8,hurtEnemy,more_ores_more_gems:tungsten,more_ores_more_gems:uranium_238_shovel_recipe,net.mcreator.moreoresmoregems.item.Uranium238ShovelItem
more_ores_more_gems:uranium_238_sword,sword,uranium_238,1271,6.0,iron,0.0,6.0,-1.8,8,hurtEnemy,more_ores_more_gems:tungsten,more_ores_more_gems:uranium_238_sword_recipe,net.mcreator.moreoresmoregems.item.Uranium238SwordItem
more_ores_more_gems:uranium_axe,axe,uranium,1428,6.5,diamond,0.0,9.0,-3.2,16,hurtEnemy,more_ores_more_gems:tungsten,more_ores_more_gems:uranium_axe_recipe,net.mcreator.moreoresmoregems.item.UraniumAxeItem
more_ores_more_gems:uranium_hoe,hoe,uranium,1428,6.5,diamond,0.0,1.2,-2.0,16,hurtEnemy,more_ores_more_gems:tungsten,more_ores_more_gems:uranium_hoe_recipe,net.mcreator.moreoresmoregems.item.UraniumHoeItem
more_ores_more_gems:uranium_pickaxe,pickaxe,uranium,1428,6.5,diamond,0.0,4.2,-3.0,16,hurtEnemy,more_ores_more_gems:tungsten,more_ores_more_gems:uranium_pickaxe_recipe,net.mcreator.moreoresmoregems.item.UraniumPickaxeItem
more_ores_more_gems:uranium_shovel,shovel,uranium,1428,6.5,diamond,0.0,4.2,-3.0,16,hurtEnemy,more_ores_more_gems:tungsten,more_ores_more_gems:uranium_shovel_recipe,net.mcreator.moreoresmoregems.item.UraniumShovelItem
more_ores_more_gems:uranium_sword,sword,uranium,1428,6.5,diamond,0.0,8.8,-2.0,16,hurtEnemy,more_ores_more_gems:tungsten,more_ores_more_gems:uranium_sword_recipe,net.mcreator.moreoresmoregems.item.UraniumSwordItem
more_ores_more_gems:urantherium_axe,axe,urantherium,4523,12.0,netherite,0.0,25.0,-3.0,24,isFoil,stellaris:desh_ingot,more_ores_more_gems:urantherium_axe_recipe,net.mcreator.moreoresmoregems.item.UrantheriumAxeItem
more_ores_more_gems:urantherium_hoe,hoe,urantherium,4523,12.0,netherite,0.0,5.0,1.0,24,isFoil,stellaris:desh_ingot,more_ores_more_gems:urantherium_hoe_recipe,net.mcreator.moreoresmoregems.item.UrantheriumHoeItem
more_ores_more_gems:urantherium_pickaxe,pickaxe,urantherium,4523,12.0,netherite,0.0,11.0,-2.0,24,isFoil,stellaris:desh_ingot,more_ores_more_gems:urantherium_pickaxe_recipe,net.mcreator.moreoresmoregems.item.UrantheriumPickaxeItem
more_ores_more_gems:urantherium_shovel,shovel,urantherium,4523,12.0,netherite,0.0,7.0,-2.0,24,isFoil,stellaris:desh_ingot,more_ores_more_gems:urantherium_shovel_recipe,net.mcreator.moreoresmoregems.item.UrantheriumShovelItem
more_ores_more_gems:urantherium_sword,sword,urantherium,4523,12.0,netherite,0.0,21.0,0.0,24,isFoil,kubejs:infinite_domain_core,more_ores_more_gems:urantherium_sword_recipe,net.mcreator.moreoresmoregems.item.UrantheriumSwordItem
more_ores_more_gems:volcagmium_zz_axe,axe,volcagmium_zz,1768,8.0,diamond,0.0,9.5,-3.3,12,,more_ores_more_gems:electrum_ingot,more_ores_more_gems:volcagmium_zz_axe_recipe,net.mcreator.moreoresmoregems.item.VolcagmiumZZAxeItem
more_ores_more_gems:volcagmium_zz_hoe,hoe,volcagmium_zz,1768,8.0,diamond,0.0,2.0,-2.0,12,,more_ores_more_gems:electrum_ingot,more_ores_more_gems:volcagmium_zz_hoe_recipe,net.mcreator.moreoresmoregems.item.VolcagmiumZZHoeItem
more_ores_more_gems:volcagmium_zz_pickaxe,pickaxe,volcagmium_zz,1768,9.0,diamond,0.0,7.0,-3.0,12,,more_ores_more_gems:electrum_ingot,more_ores_more_gems:volcagmium_zz_pickaxe_recipe,net.mcreator.moreoresmoregems.item.VolcagmiumZZPickaxeItem
more_ores_more_gems:volcagmium_zz_shovel,shovel,volcagmium_zz,1768,8.0,diamond,0.0,5.0,-2.4,12,,more_ores_more_gems:electrum_ingot,more_ores_more_gems:volcagmium_zz_shovel_recipe,net.mcreator.moreoresmoregems.item.VolcagmiumZZShovelItem
more_ores_more_gems:volcagmium_zz_sword,sword,volcagmium_zz,1768,8.0,diamond,0.0,9.0,-2.0,12,,more_ores_more_gems:electrum_ingot,more_ores_more_gems:volcagmium_zz_sword_recipe,net.mcreator.moreoresmoregems.item.VolcagmiumZZSwordItem
more_ores_more_gems:white_axe,axe,white,183,12.0,iron,0.0,9.0,-3.25,8,,minecraft:diamond,more_ores_more_gems:white_axe_recipe,net.mcreator.moreoresmoregems.item.WhiteAxeItem
more_ores_more_gems:white_fluorite_axe,axe,white_fluorite,275,6.0,iron,0.0,8.0,-3.1,14,,minecraft:stick,more_ores_more_gems:white_fluorite_axe_recipe,net.mcreator.moreoresmoregems.item.WhiteFluoriteAxeItem
more_ores_more_gems:white_fluorite_hoe,hoe,white_fluorite,250,6.0,iron,0.0,0.0,-2.0,10,,minecraft:stick,more_ores_more_gems:white_fluorite_hoe_recipe,net.mcreator.moreoresmoregems.item.WhiteFluoriteHoeItem
more_ores_more_gems:white_fluorite_pickaxe,pickaxe,white_fluorite,275,6.0,iron,0.0,2.0,-2.6,10,,minecraft:stick,more_ores_more_gems:white_fluorite_pickaxe_recipe,net.mcreator.moreoresmoregems.item.WhiteFluoritePickaxeItem
more_ores_more_gems:white_fluorite_shovel,shovel,white_fluorite,250,6.0,iron,0.0,2.6,-2.8,10,,minecraft:stick,more_ores_more_gems:white_fluorite_shovel_recipe,net.mcreator.moreoresmoregems.item.WhiteFluoriteShovelItem
more_ores_more_gems:white_fluorite_sword,sword,white_fluorite,250,6.0,iron,0.0,4.0,-2.2,10,,minecraft:stick,more_ores_more_gems:white_fluorite_sword_recipe,net.mcreator.moreoresmoregems.item.WhiteFluoriteSwordItem
more_ores_more_gems:white_hoe,hoe,white,183,12.0,iron,0.0,0.0,1.0,10,,minecraft:diamond,more_ores_more_gems:white_hoe_recipe,net.mcreator.moreoresmoregems.item.WhiteHoeItem
more_ores_more_gems:white_opal_gem_axe,axe,white_opal_gem,900,10.0,iron,0.0,8.2,-3.0,24,,minecraft:diamond,more_ores_more_gems:white_opal_gem_axe_recipe,net.mcreator.moreoresmoregems.item.WhiteOpalGemAxeItem
more_ores_more_gems:white_opal_gem_hoe,hoe,white_opal_gem,900,10.0,iron,0.0,0.8,0.0,24,,minecraft:diamond,more_ores_more_gems:white_opal_gem_hoe_recipe,net.mcreator.moreoresmoregems.item.WhiteOpalGemHoeItem
more_ores_more_gems:white_opal_gem_pickaxe,pickaxe,white_opal_gem,900,10.0,iron,0.0,4.0,-2.4,24,,minecraft:diamond,more_ores_more_gems:white_opal_gem_pickaxe_recipe,net.mcreator.moreoresmoregems.item.WhiteOpalGemPickaxeItem
more_ores_more_gems:white_opal_gem_shovel,shovel,white_opal_gem,900,10.0,iron,0.0,4.0,-3.0,24,,minecraft:diamond,more_ores_more_gems:white_opal_gem_shovel_recipe,net.mcreator.moreoresmoregems.item.WhiteOpalGemShovelItem
more_ores_more_gems:white_opal_gem_sword,sword,white_opal_gem,900,10.0,iron,0.0,6.2,-2.0,24,,minecraft:diamond,more_ores_more_gems:white_opal_gem_sword_recipe,net.mcreator.moreoresmoregems.item.WhiteOpalGemSwordItem
more_ores_more_gems:white_pickaxe,pickaxe,white,183,6.0,iron,0.0,2.0,-2.0,10,,minecraft:stick,more_ores_more_gems:white_pickaxe_recipe,net.mcreator.moreoresmoregems.item.WhitePickaxeItem
more_ores_more_gems:white_shovel,shovel,white,183,10.0,iron,0.0,0.0,-1.0,14,,minecraft:iron_ingot,more_ores_more_gems:white_shovel_recipe,net.mcreator.moreoresmoregems.item.WhiteShovelItem
more_ores_more_gems:white_sword,sword,white,183,10.0,iron,0.0,4.5,-2.4,14,,minecraft:iron_ingot,more_ores_more_gems:white_sword_recipe,net.mcreator.moreoresmoregems.item.WhiteSwordItem
