chapter,quest_id,title,task_types,checkmark
"abyssal_recovery.snbt","5AB0550C00000003","Return the Navigation Core","item;biome","false"
"abyssal_recovery.snbt","5AB0550C00000006","Return the Data Recorder","item;biome","false"
"abyssal_recovery.snbt","5AB0550C00000007","Two Sides of the Abyss","item;item","false"
"abyssal_recovery.snbt","5AB0550C0000000A","Pelagos Fracture Observatory","biome;structure","false"
"abyssal_recovery.snbt","5AB0550C0000000B","Pelagos Hadal Probe Station","biome;structure","false"
"abyssal_recovery.snbt","5AB0550C0000000E","Karsic Fracture Listening Post","biome;structure","false"
"abyssal_recovery.snbt","5AB0550C0000000F","Karsic Hadal Blacksite","biome;structure","false"
"abyssal_recovery.snbt","5AB0550C00000010","The Abyss Compared","structure;structure","false"
"air_sea_global_logistics.snbt","5E00000000000006","Ballast and Propulsion","item;item","false"
"another_lost_soul.snbt","7D194089522507AB","Another Lost Soul","checkmark","true"
"another_lost_soul.snbt","6F01000000000001","How This Quest Book Works","checkmark","true"
"another_lost_soul.snbt","6F01000000000002","Completion, Consumption, and Rewards","checkmark","true"
"another_lost_soul.snbt","6002100000000001","Alone or Together","checkmark","true"
"another_lost_soul.snbt","6002100000000002","One Party, One Expedition Ledger","checkmark","true"
"another_lost_soul.snbt","6002100000000003","Claim the First Homestead","checkmark","true"
"another_lost_soul.snbt","6002100000000004","Protection Is Not Chunk Loading","checkmark","true"
"another_lost_soul.snbt","6002100000000009","Spawn Hub: Leave a Route Home","checkmark","true"
"another_lost_soul.snbt","6002100000000005","Spawn Hub: Know the Safe Ground","checkmark","true"
"another_lost_soul.snbt","6002100000000006","Spawn Hub: Rules, Quests, and Public Space","checkmark","true"
"another_lost_soul.snbt","6002100000000007","Spawn Hub: Meet the Quartermaster","checkmark","true"
"another_lost_soul.snbt","6002100000000008","Spawn Hub: Rebuild the Herds","checkmark","true"
"another_lost_soul.snbt","6F01000000000010","A Proper Introduction","checkmark","true"
"another_lost_soul.snbt","6F01000000000011","The Line Between Us","checkmark","true"
"another_lost_soul.snbt","6F01000000000012","The World You Inherited","checkmark","true"
"another_lost_soul.snbt","6F01000000000013","The Last Days","checkmark","true"
"another_lost_soul.snbt","6F01000000000014","The Work Ahead","checkmark","true"
"another_lost_soul.snbt","6F01000000000020","INTERFACE INDEX // Field Quest Hardware","checkmark","true"
"another_lost_soul.snbt","6F01000000000021","DISPLAY ARRAY // Task Screens","checkmark","true"
"another_lost_soul.snbt","6F01000000000022","BINDING TOOL // Task Screen Configurator","checkmark","true"
"another_lost_soul.snbt","6F01000000000023","SIGNAL OUTPUT // Quest Detectors","checkmark","true"
"another_lost_soul.snbt","6F01000000000024","HAZARD CONTROL // Quest and Stage Barriers","checkmark","true"
"another_lost_soul.snbt","6F01000000000025","REWARD HANDLING // Loot Crate Equipment","checkmark","true"
"applied_energistics_recovery.snbt","5A0000000000000A","Terminal and Drive","item;item","false"
"brewery_and_winery.snbt","6B01000000000001","Three Fermentation Crops","item;item;item","false"
"brewery_and_winery.snbt","6B01000000000002","Malt and Bittering","item;item","false"
"brewery_and_winery.snbt","6B01000000000003","Mash and Living Culture","item;item;item","false"
"brewery_and_winery.snbt","6B01000000000004","Brewery's Three Vats","item;item;item","false"
"brewery_and_winery.snbt","6B01000000000005","Create Winery's Two Grapes","item;item","false"
"brewery_and_winery.snbt","6B01000000000006","Press for Pomace and Must","item;item;item","false"
"brewery_and_winery.snbt","6B01000000000008","A Representative Cellar Reserve","item;item;item","false"
"create_big_cannons_doctrine.snbt","6F10000000000001","Establish the Cannon Foundry","item;item;item;item","false"
"create_big_cannons_doctrine.snbt","6F10000000000002","Machine the Barrel Works","item;item","false"
"create_big_cannons_doctrine.snbt","6F10000000000003","Cast the First Cannon","item;item;item;item","false"
"create_big_cannons_doctrine.snbt","6F10000000000004","Inspect the Gun Assembly","checkmark","true"
"create_big_cannons_doctrine.snbt","6F10000000000006","Build the Loading Train","item;item;item","false"
"create_big_cannons_doctrine.snbt","6F10000000000007","Mount the Artillery","item;item","false"
"create_big_cannons_doctrine.snbt","6F1000000000000A","Establish Misfire Procedure","checkmark","true"
"create_big_cannons_doctrine.snbt","6F1000000000000B","Prove the Firing Drill","checkmark","true"
"create_big_cannons_doctrine.snbt","6F1000000000000C","Automate Traverse and Elevation","item;item","false"
"create_big_cannons_doctrine.snbt","6F1000000000000D","Develop Fuzed Ammunition","item;item","false"
"create_big_cannons_doctrine.snbt","6F1000000000000E","Commission the Autocannon Line","item;item;item;item;item","false"
"create_big_cannons_doctrine.snbt","6F1000000000000F","Artillery Battery Commissioned","checkmark","true"
"create_specialist_workshops.snbt","6F00000000000002","Exhaust Stack Fabrication","item;item","false"
"create_specialist_workshops.snbt","6F00000000000003","Flue Draft Acceptance","checkmark","true"
"create_specialist_workshops.snbt","6F00000000000005","Linear Bearing Assembly","item;item","false"
"create_specialist_workshops.snbt","6F00000000000006","Magnetic Port and Torsional Anchor","item;item","false"
"create_specialist_workshops.snbt","6F00000000000007","Linear Motion Qualification","checkmark","true"
"create_specialist_workshops.snbt","6F00000000000008","Walkway Step Fabrication","item;item","false"
"create_specialist_workshops.snbt","6F0000000000000B","Station Platform Fittings","item;item;item","false"
"create_specialist_workshops.snbt","6F0000000000000C","Announcement and Signal Equipment","item;item","false"
"create_specialist_workshops.snbt","6F0000000000000D","Public Transit Acceptance","checkmark","true"
"create_specialist_workshops.snbt","6F0000000000000F","Sequential Gearbox Control","item;item","false"
"create_specialist_workshops.snbt","6F00000000000010","Compact Drivetrain Qualification","checkmark","true"
"create_specialist_workshops.snbt","6F00000000000011","Delivery Contracting Office","item;item;item","false"
"create_specialist_workshops.snbt","6F00000000000012","Contract Handling Acceptance","checkmark","true"
"create_specialist_workshops.snbt","6F00000000000013","Public Market and Valuation","item;item","false"
"create_specialist_workshops.snbt","6F00000000000014","Point-to-Point Consignment","item;item","false"
"create_specialist_workshops.snbt","6F00000000000015","Consignment Continuity Trial","checkmark","true"
"create_specialist_workshops.snbt","6F00000000000016","Hypertube Transit Works","item;item;item","false"
"create_specialist_workshops.snbt","6F00000000000017","Hypertube Junction Control","item;item;item","false"
"create_specialist_workshops.snbt","6F00000000000018","Hypertube Network Acceptance","checkmark","true"
"cyberware_ascension.snbt","5B0000000000000B","Robotic Assistance","item;item","false"
"darknet_draconic_convergence.snbt","5B10000000000003","Darknet Data Extraction","item;item","false"
"darknet_draconic_convergence.snbt","5B10000000000004","Return Before the Carrier Drops","item;checkmark","true"
"darknet_draconic_convergence.snbt","5B10000000000006","Fire Dragon Specimens","item;item;item;item;item;item","false"
"darknet_draconic_convergence.snbt","5B10000000000007","Fire Dragonforge Plant","item;item;item","false"
"darknet_draconic_convergence.snbt","5B1000000000000A","Ice Dragon Specimens","item;item;item;item;item;item","false"
"darknet_draconic_convergence.snbt","5B1000000000000B","Ice Dragonforge Plant","item;item;item","false"
"darknet_draconic_convergence.snbt","5B1000000000000E","Lightning Dragon Specimens","item;item;item;item;item;item","false"
"darknet_draconic_convergence.snbt","5B1000000000000F","Lightning Dragonforge Plant","item;item;item","false"
"darknet_draconic_convergence.snbt","5B10000000000012","Incubation Is Elemental","item;checkmark","true"
"darknet_draconic_convergence.snbt","5B10000000000013","Command, Recall, and Storage","item;item;item","false"
"darknet_draconic_convergence.snbt","5B10000000000014","Draconic Industrial Partnership","checkmark;item;item;item;item","true"
"darknet_draconic_convergence.snbt","5B10000000000015","Three Breaths, One Industrial Doctrine","item;item;item","false"
"darknet_draconic_convergence.snbt","5B10000000000016","Overworld Carrier Materials","item;item;item","false"
"domain_compendium.snbt","7C0DE0C000000001","Open the Compendium","checkmark","true"
"domain_compendium.snbt","7C0DE10000000001","Minecraft 1","item;item;item;item;item;item;item;item;item;item;item;item;item;item;item;item;item;item;item;item;item;item;item;item;item;item;item;item;item;item;item;item;item;item;item;item;item;item;item;item","false"
"domain_compendium.snbt","7C0DE10000000002","Minecraft 2","item;item;item;item;item;item;item;item;item;item;item;item;item;item;item;item;item;item;item;item;item;item;item;item;item;item;item;item;item;item;item;item;item;item;item;item;item;item;item;item","false"
"domain_compendium.snbt","7C0DE10000000003","Minecraft 3","item;item;item;item;item;item;item;item;item;item;item;item;item;item;item;item;item;item;item;item;item;item;item;item;item;item;item;item;item;item;item;item;item;item;item;item;item;item;item;item","false"
"domain_compendium.snbt","7C0DE10000000004","Minecraft 4","item;item;item;item;item;item;item;item;item;item;item;item;item;item;item;item;item;item;item;item;item;item;item;item;item;item;item;item;item;item;item;item;item;item;item;item;item;item;item;item","false"
"domain_compendium.snbt","7C0DE10000000005","Minecraft 5","item;item;item;item;item;item;item;item;item;item;item;item;item;item;item;item;item;item;item;item;item;item;item;item;item;item;item;item;item;item;item;item;item;item;item;item;item;item;item;item","false"
"domain_compendium.snbt","7C0DE10000000006","Minecraft 6","item;item;item;item;item;item;item;item;item;item;item;item;item;item;item;item;item;item;item;item;item;item;item;item;item;item;item;item;item;item;item;item;item;item;item;item;item;item;item;item","false"
"domain_compendium.snbt","7C0DE10000000007","Minecraft 7","item;item;item;item;item;item;item;item;item;item;item;item;item;item;item;item;item;item;item;item;item;item;item;item;item;item;item;item;item;item;item;item;item;item;item;item;item;item;item;item","false"
"domain_compendium.snbt","7C0DE10000000008","Minecraft 8","item;item;item;item;item;item;item;item;item;item;item;item;item;item;item;item;item;item;item;item;item;item;item;item;item;item;item;item;item;item;item;item;item;item;item;item;item;item;item;item","false"
"domain_compendium.snbt","7C0DE10000000009","Minecraft 9","item;item;item;item;item;item;item;item;item;item;item;item;item;item;item;item;item;item;item;item;item;item;item;item;item;item;item;item;item;item;item;item;item;item;item;item;item;item;item;item","false"
"domain_compendium.snbt","7C0DE1000000000A","Minecraft 10","item;item;item;item;item;item;item;item;item;item;item;item;item;item;item;item;item;item;item;item;item;item;item;item;item;item;item;item;item;item;item;item;item;item;item;item;item;item;item;item","false"
"domain_compendium.snbt","7C0DE1000000000B","Minecraft 11","item;item;item;item;item;item;item;item;item;item;item;item;item;item;item;item;item;item;item;item;item;item;item;item;item;item;item;item;item;item;item;item;item;item;item;item;item;item;item;item","false"
"domain_compendium.snbt","7C0DE1000000000C","Minecraft 12","item;item;item;item;item;item;item;item;item;item;item;item;item;item;item;item;item;item;item;item;item;item;item;item;item;item;item;item;item;item;item;item;item;item;item;item;item;item;item;item","false"
"domain_compendium.snbt","7C0DE1000000000D","Minecraft 13","item;item;item;item;item;item;item;item;item;item;item;item;item;item;item;item;item;item;item;item;item;item;item;item;item;item;item;item;item;item;item;item;item;item;item;item;item;item;item;item","false"
"domain_compendium.snbt","7C0DE1000000000E","Minecraft 14","item;item;item;item;item;item;item;item;item;item;item;item;item;item;item;item;item;item;item;item;item;item;item;item;item;item;item;item;item;item;item;item;item;item;item;item;item;item;item;item","false"
"domain_compendium.snbt","7C0DE1000000000F","Minecraft 15","item;item;item;item;item;item;item;item;item;item;item;item;item;item;item;item;item;item;item;item;item;item;item;item;item;item;item;item;item;item;item;item;item;item;item;item;item;item;item;item","false"
"domain_compendium.snbt","7C0DE10000000010","Minecraft 16","item;item;item;item;item;item;item;item;item;item;item;item;item;item;item;item;item;item;item;item;item;item;item;item;item;item;item;item;item;item;item;item;item;item;item;item;item;item;item;item","false"
"domain_compendium.snbt","7C0DE10000000011","Minecraft 17","item;item;item;item;item;item;item;item;item;item;item;item;item;item;item;item;item;item;item;item;item;item;item;item;item;item;item;item;item;item;item;item;item;item;item;item;item;item;item;item","false"
"domain_compendium.snbt","7C0DE10000000012","Minecraft 18","item;item;item;item;item;item;item;item;item;item;item;item;item;item;item;item;item;item;item;item;item;item;item;item;item;item;item;item;item;item;item;item;item;item;item;item;item;item;item;item","false"
"domain_compendium.snbt","7C0DE10000000013","Minecraft 19","item;item;item;item;item;item;item;item;item;item;item;item;item;item;item;item;item;item;item;item;item;item;item;item;item;item;item;item;item;item;item;item;item;item;item;item;item;item;item;item","false"
"domain_compendium.snbt","7C0DE10000000014","Minecraft 20","item;item;item;item;item;item;item;item;item;item;item;item;item;item;item;item;item;item;item;item;item;item;item;item;item;item;item;item;item;item;item;item;item;item;item;item;item;item;item;item","false"
"domain_compendium.snbt","7C0DE10000000015","Minecraft 21","item;item;item;item;item;item;item;item;item;item;item;item;item;item;item;item;item;item;item;item;item;item;item;item;item;item;item;item;item;item;item;item;item;item;item;item;item;item;item;item","false"
"domain_compendium.snbt","7C0DE10000000016","Minecraft 22","item;item;item;item;item;item;item;item;item;item;item;item;item;item;item;item;item;item;item;item;item;item;item;item;item;item;item;item;item;item;item;item;item;item;item;item;item;item;item;item","false"
"domain_compendium.snbt","7C0DE10000000017","Minecraft 23","item;item;item;item;item;item;item;item;item;item;item;item;item;item;item;item;item;item;item;item;item;item;item;item;item;item;item;item;item;item;item;item;item;item;item;item;item;item;item;item","false"
"domain_compendium.snbt","7C0DE10000000018","Minecraft 24","item;item;item;item;item;item;item;item;item;item;item;item;item;item;item;item;item;item;item;item;item;item;item;item;item;item;item;item;item;item;item;item;item;item;item;item;item;item;item;item","false"
"domain_compendium.snbt","7C0DE10000000019","Minecraft 25","item;item;item;item;item;item;item;item;item;item;item;item;item;item;item;item;item;item;item;item;item;item;item;item;item;item;item;item;item;item;item;item;item;item;item;item;item;item;item;item","false"
"domain_compendium.snbt","7C0DE1000000001A","Minecraft 26","item;item;item;item;item;item;item;item;item;item;item;item;item;item;item;item;item;item;item;item;item;item;item;item;item;item;item;item;item;item;item;item;item;item;item;item;item;item;item;item","false"
"domain_compendium.snbt","7C0DE1000000001B","Minecraft 27","item;item;item;item;item;item;item;item;item;item;item;item;item;item;item;item;item;item;item;item;item;item;item;item;item;item;item;item;item;item;item;item;item;item;item;item;item;item;item;item","false"
"domain_compendium.snbt","7C0DE1000000001C","Minecraft 28","item;item;item;item;item;item;item;item;item;item;item;item;item;item;item;item;item;item;item;item;item;item;item;item;item;item;item;item;item;item;item;item;item;item;item;item;item;item;item;item","false"
"domain_compendium.snbt","7C0DE1000000001D","Minecraft 29","item;item;item;item;item;item;item;item;item;item;item;item;item;item;item;item;item;item;item;item;item;item;item;item;item;item;item;item;item;item;item;item;item;item;item;item;item;item;item;item","false"
"domain_compendium.snbt","7C0DE1000000001E","Minecraft 30","item;item;item;item;item;item;item;item;item;item;item;item;item;item;item;item;item;item;item;item;item;item;item;item;item;item;item;item;item;item;item;item;item;item;item;item;item;item;item;item","false"
"domain_compendium.snbt","7C0DE1000000001F","Minecraft 31","item;item;item;item;item;item;item;item;item;item;item;item","false"
"domain_compendium.snbt","7C0DE10000000020","More Ores More Gems (Java Edition) 1","item;item;item;item;item;item;item;item;item;item;item;item;item;item;item;item;item;item;item;item;item;item;item;item;item;item;item;item;item;item;item;item;item;item;item;item;item;item;item;item","false"
"domain_compendium.snbt","7C0DE10000000021","More Ores More Gems (Java Edition) 2","item;item;item;item;item;item;item;item;item;item;item;item;item;item;item;item;item;item;item;item;item;item;item;item;item;item;item;item;item;item;item;item;item;item;item;item;item;item;item;item","false"
"domain_compendium.snbt","7C0DE10000000022","More Ores More Gems (Java Edition) 3","item;item;item;item;item;item;item;item;item;item;item;item;item;item;item;item;item;item;item;item;item;item;item;item;item;item;item;item;item;item;item;item;item;item;item;item;item;item;item;item","false"
"domain_compendium.snbt","7C0DE10000000023","More Ores More Gems (Java Edition) 4","item;item;item;item;item;item;item;item;item;item;item;item;item;item;item;item;item;item;item;item;item;item;item;item;item;item;item;item;item;item;item;item;item;item;item;item;item;item;item;item","false"
"domain_compendium.snbt","7C0DE10000000024","More Ores More Gems (Java Edition) 5","item;item;item;item;item;item;item;item;item;item;item;item;item;item;item;item;item;item;item;item;item;item;item;item;item;item;item;item;item;item;item;item;item;item;item;item;item;item;item;item","false"
"domain_compendium.snbt","7C0DE10000000025","More Ores More Gems (Java Edition) 6","item;item;item;item;item;item;item;item;item;item;item;item;item;item;item;item;item;item;item;item;item;item;item;item;item;item;item;item;item;item;item;item;item;item;item;item;item;item;item;item","false"
"domain_compendium.snbt","7C0DE10000000026","More Ores More Gems (Java Edition) 7","item;item;item;item;item;item;item;item;item;item;item;item;item;item;item;item;item;item;item;item;item;item;item;item;item;item;item;item;item;item;item;item;item;item;item;item;item;item;item;item","false"
"domain_compendium.snbt","7C0DE10000000027","More Ores More Gems (Java Edition) 8","item;item;item;item;item;item;item;item;item;item;item;item;item;item;item;item;item;item;item;item;item;item;item;item;item;item;item;item;item;item;item;item;item;item;item;item;item;item;item;item","false"
"domain_compendium.snbt","7C0DE10000000028","More Ores More Gems (Java Edition) 9","item;item;item;item;item;item;item;item;item;item;item;item;item;item;item;item;item;item;item;item;item;item;item;item;item;item;item;item;item;item;item;item;item;item;item;item;item;item;item;item","false"
"domain_compendium.snbt","7C0DE10000000029","More Ores More Gems (Java Edition) 10","item;item;item;item;item;item;item;item;item;item;item;item;item;item;item;item;item;item;item;item;item;item;item;item;item;item;item;item;item;item;item;item;item;item;item;item;item;item;item;item","false"
"domain_compendium.snbt","7C0DE1000000002A","More Ores More Gems (Java Edition) 11","item;item;item;item;item;item;item;item;item;item;item;item;item;item;item;item;item;item;item;item;item;item;item;item;item;item;item;item;item;item;item;item;item;item;item;item;item;item;item;item","false"
"domain_compendium.snbt","7C0DE1000000002B","More Ores More Gems (Java Edition) 12","item;item;item;item;item;item;item;item;item;item;item;item;item;item;item;item;item;item;item;item;item;item;item;item;item;item;item;item;item;item;item;item;item;item;item;item;item;item;item;item","false"
"domain_compendium.snbt","7C0DE1000000002C","More Ores More Gems (Java Edition) 13","item;item;item;item;item;item;item;item;item;item;item;item;item;item;item;item;item;item;item;item;item;item;item;item;item;item;item;item;item;item;item;item;item;item;item;item;item;item;item;item","false"
"domain_compendium.snbt","7C0DE1000000002D","More Ores More Gems (Java Edition) 14","item;item;item;item;item;item;item;item;item;item;item;item;item;item;item;item;item;item;item;item;item;item;item;item;item;item;item;item;item;item;item;item;item;item;item;item;item;item;item;item","false"
"domain_compendium.snbt","7C0DE1000000002E","More Ores More Gems (Java Edition) 15","item;item;item;item;item;item;item;item;item;item;item;item;item;item;item;item;item;item;item;item;item;item;item;item;item;item;item;item;item;item;item;item;item;item;item;item;item;item;item;item","false"
"domain_compendium.snbt","7C0DE1000000002F","More Ores More Gems (Java Edition) 16","item;item;item;item;item;item;item;item;item;item;item;item;item;item;item;item;item;item;item;item;item;item;item;item;item;item;item;item;item;item;item;item;item;item;item;item;item;item;item;item","false"
"domain_compendium.snbt","7C0DE10000000030","More Ores More Gems (Java Edition) 17","item;item;item;item;item;item;item;item;item;item;item;item;item;item;item;item;item;item;item;item;item;item;item;item;item;item;item;item;item;item;item;item;item;item;item;item;item;item;item;item","false"
"domain_compendium.snbt","7C0DE10000000031","More Ores More Gems (Java Edition) 18","item;item;item;item;item;item;item;item;item;item;item;item;item;item;item;item;item;item;item;item;item;item;item;item;item;item;item;item;item;item;item;item;item;item;item;item;item;item;item;item","false"
"domain_compendium.snbt","7C0DE10000000032","More Ores More Gems (Java Edition) 19","item;item;item;item;item;item;item;item;item;item;item;item;item;item;item;item;item;item;item;item;item;item;item;item;item;item;item;item;item;item;item;item;item;item;item;item;item;item;item;item","false"
"domain_compendium.snbt","7C0DE10000000033","More Ores More Gems (Java Edition) 20","item;item;item;item;item;item;item;item;item;item;item;item;item;item;item;item;item;item;item;item;item;item;item;item;item;item;item;item;item;item;item;item;item;item;item;item;item;item;item;item","false"
"domain_compendium.snbt","7C0DE10000000034","More Ores More Gems (Java Edition) 21","item;item;item;item;item;item;item;item;item;item;item;item;item;item;item;item;item;item;item;item;item;item;item;item;item;item;item;item;item;item;item;item;item;item;item;item;item;item;item;item","false"
"domain_compendium.snbt","7C0DE10000000035","More Ores More Gems (Java Edition) 22","item;item;item;item;item;item;item;item;item;item;item;item;item;item;item;item;item;item;item;item;item;item;item;item;item;item;item;item;item;item;item;item;item;item;item;item;item;item;item;item","false"
"domain_compendium.snbt","7C0DE10000000036","More Ores More Gems (Java Edition) 23","item;item;item;item;item;item;item;item;item;item;item;item;item;item;item;item;item;item;item;item;item;item;item;item;item;item;item;item;item;item;item;item;item;item;item;item;item;item;item;item","false"
"domain_compendium.snbt","7C0DE10000000037","More Ores More Gems (Java Edition) 24","item;item;item;item;item;item;item;item;item;item;item;item;item;item;item;item;item;item;item;item;item;item;item;item;item;item;item;item;item;item;item;item;item;item;item;item;item;item;item;item","false"
"domain_compendium.snbt","7C0DE10000000038","More Ores More Gems (Java Edition) 25","item;item;item;item;item;item;item;item;item;item;item;item;item;item;item;item;item;item;item;item;item;item;item;item;item;item;item;item;item;item;item;item;item;item;item;item;item;item;item;item","false"
"domain_compendium.snbt","7C0DE10000000039","More Ores More Gems (Java Edition) 26","item;item;item;item;item;item;item;item;item;item;item;item;item;item;item;item;item;item;item;item;item;item;item;item;item;item;item;item;item;item;item;item;item;item;item;item;item;item;item;item","false"
"domain_compendium.snbt","7C0DE1000000003A","More Ores More Gems (Java Edition) 27","item;item;item;item;item;item;item;item;item;item;item;item;item;item;item;item;item;item;item;item;item;item;item;item","false"
"domain_compendium.snbt","7C0DE1000000003B","AllTheCompressed 1","item;item;item;item;item;item;item;item;item;item;item;item;item;item;item;item;item;item;item;item;item;item;item;item;item;item;item;item;item;item;item;item;item;item;item;item;item;item;item;item","false"
"domain_compendium.snbt","7C0DE1000000003C","AllTheCompressed 2","item;item;item;item;item;item;item;item;item;item;item;item;item;item;item;item;item;item;item;item;item;item;item;item;item;item;item;item;item;item;item;item;item;item;item;item;item;item;item;item","false"
"domain_compendium.snbt","7C0DE1000000003D","AllTheCompressed 3","item;item;item;item;item;item;item;item;item;item;item;item;item;item;item;item;item;item;item;item;item;item;item;item;item;item;item;item;item;item;item;item;item;item;item;item;item;item;item;item","false"
"domain_compendium.snbt","7C0DE1000000003E","AllTheCompressed 4","item;item;item;item;item;item;item;item;item;item;item;item;item;item;item;item;item;item;item;item;item;item;item;item;item;item;item;item;item;item;item;item;item;item;item;item;item;item;item;item","false"
"domain_compendium.snbt","7C0DE1000000003F","AllTheCompressed 5","item;item;item;item;item;item;item;item;item;item;item;item;item;item;item;item;item;item;item;item;item;item;item;item;item;item;item;item;item;item;item;item;item;item;item;item;item;item;item;item","false"
"domain_compendium.snbt","7C0DE10000000040","AllTheCompressed 6","item;item;item;item;item;item;item;item;item;item;item;item;item;item;item;item;item;item;item;item;item;item;item;item;item;item;item;item;item;item;item;item;item;item;item;item;item;item;item;item","false"
"domain_compendium.snbt","7C0DE10000000041","AllTheCompressed 7","item;item;item;item;item;item;item;item;item;item;item;item;item;item;item;item;item;item;item;item;item;item;item;item;item;item;item;item;item;item;item;item;item;item;item;item;item;item;item;item","false"
"domain_compendium.snbt","7C0DE10000000042","AllTheCompressed 8","item;item;item;item;item;item;item;item;item;item;item;item;item;item;item;item;item;item;item;item;item;item;item;item;item;item;item;item;item;item;item;item;item;item;item;item;item;item;item;item","false"
"domain_compendium.snbt","7C0DE10000000043","AllTheCompressed 9","item;item;item;item;item;item;item;item;item;item;item;item;item;item;item;item;item;item;item;item;item;item;item;item;item;item;item;item;item;item;item;item;item;item;item;item;item;item;item;item","false"
"domain_compendium.snbt","7C0DE10000000044","AllTheCompressed 10","item;item;item;item;item;item;item;item;item;item;item;item;item;item;item;item;item;item;item;item;item;item;item;item;item;item;item;item;item;item;item;item;item;item;item;item;item;item;item;item","false"
"domain_compendium.snbt","7C0DE10000000045","AllTheCompressed 11","item;item;item;item;item;item;item;item;item;item;item;item;item;item;item;item;item;item;item;item;item;item;item;item;item;item;item;item;item;item;item;item;item;item;item;item;item;item;item;item","false"
"domain_compendium.snbt","7C0DE10000000046","AllTheCompressed 12","item;item;item;item;item;item;item;item;item;item;item;item;item;item;item;item;item;item;item;item;item;item;item;item;item;item;item;item;item;item;item;item;item;item;item;item;item;item;item;item","false"
"domain_compendium.snbt","7C0DE10000000047","AllTheCompressed 13","item;item;item;item;item;item;item;item;item;item;item;item;item;item;item;item;item;item;item;item;item;item;item;item;item;item;item;item;item;item;item;item;item;item;item;item;item;item;item;item","false"
"domain_compendium.snbt","7C0DE10000000048","AllTheCompressed 14","item;item;item;item;item;item;item;item;item;item;item;item;item;item;item;item;item;item;item;item;item;item;item;item;item;item;item;item;item;item;item;item;item;item;item;item;item;item;item;item","false"
"domain_compendium.snbt","7C0DE10000000049","AllTheCompressed 15","item;item;item;item;item;item;item;item;item;item;item;item;item;item;item;item;item;item;item;item;item;item;item;item;item;item;item;item;item;item;item;item;item;item;item;item;item;item;item;item","false"
"domain_compendium.snbt","7C0DE1000000004A","AllTheCompressed 16","item;item;item;item;item;item;item;item;item;item;item;item;item;item;item;item;item;item;item;item;item;item;item;item;item;item;item;item;item;item;item;item;item;item;item;item;item;item;item;item","false"
"domain_compendium.snbt","7C0DE1000000004B","AllTheCompressed 17","item;item;item;item;item;item;item;item;item;item;item;item;item;item;item;item;item;item;item;item;item;item;item;item;item;item;item;item;item;item;item;item;item;item;item;item;item;item;item;item","false"
"domain_compendium.snbt","7C0DE1000000004C","AllTheCompressed 18","item;item;item;item;item;item;item;item;item;item;item;item;item;item;item;item;item;item;item;item;item;item;item;item;item;item;item;item;item;item;item;item;item;item;item;item;item;item;item;item","false"
"domain_compendium.snbt","7C0DE1000000004D","AllTheCompressed 19","item;item;item;item;item;item;item;item;item;item;item;item;item;item;item;item;item;item;item;item;item;item;item;item;item;item;item;item;item;item;item;item;item;item;item;item;item;item;item;item","false"
"domain_compendium.snbt","7C0DE1000000004E","AllTheCompressed 20","item;item;item;item;item;item;item;item;item;item;item;item;item;item;item;item;item;item;item;item;item;item;item;item;item;item;item;item;item;item;item;item;item;item;item;item;item;item;item;item","false"
"domain_compendium.snbt","7C0DE1000000004F","AllTheCompressed 21","item;item;item;item;item;item;item;item;item;item;item;item;item;item;item;item;item;item;item;item;item;item;item;item;item;item;item;item;item;item;item;item;item;item;item;item;item;item;item;item","false"
"domain_compendium.snbt","7C0DE10000000050","AllTheCompressed 22","item;item;item;item;item;item;item;item;item;item;item;item;item;item;item;item;item;item;item;item;item;item;item;item;item;item;item;item;item;item;item;item;item;item;item;item;item;item;item;item","false"
"domain_compendium.snbt","7C0DE10000000051","AllTheCompressed 23","item;item;item;item;item;item;item;item;item;item;item;item;item;item;item;item;item;item;item;item;item;item;item;item;item;item;item;item;item;item;item;item;item;item;item;item;item;item;item;item","false"
"domain_compendium.snbt","7C0DE10000000052","AllTheCompressed 24","item;item;item;item;item;item;item;item;item;item","false"
"domain_compendium.snbt","7C0DE10000000053","Quark 1","item;item;item;item;item;item;item;item;item;item;item;item;item;item;item;item;item;item;item;item;item;item;item;item;item;item;item;item;item;item;item;item;item;item;item;item;item;item;item;item","false"
"domain_compendium.snbt","7C0DE10000000054","Quark 2","item;item;item;item;item;item;item;item;item;item;item;item;item;item;item;item;item;item;item;item;item;item;item;item;item;item;item;item;item;item;item;item;item;item;item;item;item;item;item;item","false"
"domain_compendium.snbt","7C0DE10000000055","Quark 3","item;item;item;item;item;item;item;item;item;item;item;item;item;item;item;item;item;item;item;item;item;item;item;item;item;item;item;item;item;item;item;item;item;item;item;item;item;item;item;item","false"
"domain_compendium.snbt","7C0DE10000000056","Quark 4","item;item;item;item;item;item;item;item;item;item;item;item;item;item;item;item;item;item;item;item;item;item;item;item;item;item;item;item;item;item;item;item;item;item;item;item;item;item;item;item","false"
"domain_compendium.snbt","7C0DE10000000057","Quark 5","item;item;item;item;item;item;item;item;item;item;item;item;item;item;item;item;item;item;item;item;item;item;item;item;item;item;item;item;item;item;item;item;item;item;item;item;item;item;item;item","false"
"domain_compendium.snbt","7C0DE10000000058","Quark 6","item;item;item;item;item;item;item;item;item;item;item;item;item;item;item;item;item;item;item;item;item;item;item;item;item;item;item;item;item;item;item;item;item;item;item;item;item;item;item;item","false"
"domain_compendium.snbt","7C0DE10000000059","Quark 7","item;item;item;item;item;item;item;item;item;item;item;item;item;item;item;item;item;item;item;item;item;item;item;item;item;item;item;item;item;item;item;item;item;item;item;item;item;item;item;item","false"
"domain_compendium.snbt","7C0DE1000000005A","Quark 8","item;item;item;item;item;item;item;item;item;item;item;item;item;item;item;item;item;item;item;item;item;item;item;item;item;item;item;item;item;item;item;item;item;item;item;item;item;item;item;item","false"
"domain_compendium.snbt","7C0DE1000000005B","Quark 9","item;item;item;item;item;item;item;item;item;item;item;item;item;item;item;item;item;item;item;item;item;item;item;item;item;item;item;item;item;item;item;item;item;item;item;item;item;item;item;item","false"
"domain_compendium.snbt","7C0DE1000000005C","Quark 10","item;item;item;item;item;item;item;item;item;item;item;item;item;item;item;item;item;item;item;item;item;item;item;item;item;item;item;item;item;item;item;item;item;item;item;item;item;item;item;item","false"
"domain_compendium.snbt","7C0DE1000000005D","Quark 11","item;item;item;item;item;item;item;item;item;item;item;item;item;item;item;item;item;item;item;item;item;item;item;item;item;item;item;item;item;item;item;item;item;item;item;item;item;item;item;item","false"
"domain_compendium.snbt","7C0DE1000000005E","Quark 12","item;item;item;item;item;item;item;item;item;item;item;item;item;item;item;item;item;item;item;item;item;item;item;item;item;item;item;item;item;item;item;item;item;item;item;item;item;item;item;item","false"
"domain_compendium.snbt","7C0DE1000000005F","Quark 13","item;item;item;item;item;item;item;item;item;item;item;item;item;item;item;item;item;item;item;item;item;item;item;item;item;item;item;item;item;item;item;item;item;item;item;item;item;item;item;item","false"
"domain_compendium.snbt","7C0DE10000000060","Quark 14","item;item;item;item;item;item;item;item;item;item;item;item;item;item;item;item;item;item;item;item;item;item;item;item;item;item;item;item;item;item;item;item;item;item;item;item;item;item;item;item","false"
"domain_compendium.snbt","7C0DE10000000061","Quark 15","item;item;item;item;item;item;item;item;item;item;item;item;item;item;item;item;item;item;item;item;item;item;item;item;item;item;item;item;item;item;item;item;item;item;item;item;item;item;item;item","false"
"domain_compendium.snbt","7C0DE10000000062","Quark 16","item;item;item;item;item;item;item;item;item;item;item;item;item;item;item;item;item;item;item;item;item;item;item;item;item;item;item;item;item;item;item;item;item;item;item;item;item;item;item;item","false"
"domain_compendium.snbt","7C0DE10000000063","Quark 17","item;item;item;item;item;item;item;item;item;item;item;item;item;item;item;item;item;item;item;item;item;item;item;item;item;item;item;item;item;item;item;item;item;item;item;item;item;item;item;item","false"
"domain_compendium.snbt","7C0DE10000000064","Quark 18","item;item;item;item;item;item;item;item;item;item;item;item;item;item;item;item;item;item;item;item;item;item;item;item;item;item;item;item;item;item;item;item;item;item;item;item;item;item;item;item","false"
"domain_compendium.snbt","7C0DE10000000065","Quark 19","item;item;item;item;item;item;item;item;item;item;item;item;item;item;item;item;item;item;item;item;item;item;item;item;item;item;item;item;item;item;item;item;item;item;item;item;item;item;item;item","false"
"domain_compendium.snbt","7C0DE10000000066","Create 1","item;item;item;item;item;item;item;item;item;item;item;item;item;item;item;item;item;item;item;item;item;item;item;item;item;item;item;item;item;item;item;item;item;item;item;item;item;item;item;item","false"
"domain_compendium.snbt","7C0DE10000000067","Create 2","item;item;item;item;item;item;item;item;item;item;item;item;item;item;item;item;item;item;item;item;item;item;item;item;item;item;item;item;item;item;item;item;item;item;item;item;item;item;item;item","false"
"domain_compendium.snbt","7C0DE10000000068","Create 3","item;item;item;item;item;item;item;item;item;item;item;item;item;item;item;item;item;item;item;item;item;item;item;item;item;item;item;item;item;item;item;item;item;item;item;item;item;item;item;item","false"
"domain_compendium.snbt","7C0DE10000000069","Create 4","item;item;item;item;item;item;item;item;item;item;item;item;item;item;item;item;item;item;item;item;item;item;item;item;item;item;item;item;item;item;item;item;item;item;item;item;item;item;item;item","false"
"domain_compendium.snbt","7C0DE1000000006A","Create 5","item;item;item;item;item;item;item;item;item;item;item;item;item;item;item;item;item;item;item;item;item;item;item;item;item;item;item;item;item;item;item;item;item;item;item;item;item;item;item;item","false"
"domain_compendium.snbt","7C0DE1000000006B","Create 6","item;item;item;item;item;item;item;item;item;item;item;item;item;item;item;item;item;item;item;item;item;item;item;item;item;item;item;item;item;item;item;item;item;item;item;item;item;item;item;item","false"
"domain_compendium.snbt","7C0DE1000000006C","Create 7","item;item;item;item;item;item;item;item;item;item;item;item;item;item;item;item;item;item;item;item;item;item;item;item;item;item;item;item;item;item;item;item;item;item;item;item;item;item;item;item","false"
"domain_compendium.snbt","7C0DE1000000006D","Create 8","item;item;item;item;item;item;item;item;item;item;item;item;item;item;item;item;item;item;item;item;item;item;item;item;item;item;item;item;item;item;item;item;item;item;item;item;item;item;item;item","false"
"domain_compendium.snbt","7C0DE1000000006E","Create 9","item;item;item;item;item;item;item;item;item;item;item;item;item;item;item;item;item;item;item;item;item;item;item;item;item;item;item;item;item;item;item;item;item;item;item;item;item;item;item;item","false"
"domain_compendium.snbt","7C0DE1000000006F","Create 10","item;item;item;item;item;item;item;item;item;item;item;item;item;item;item;item;item;item;item;item;item;item;item;item;item;item;item;item;item;item;item;item;item;item;item;item;item;item;item;item","false"
"domain_compendium.snbt","7C0DE10000000070","Create 11","item;item;item;item;item;item;item;item;item;item;item;item;item;item;item;item;item;item;item;item;item;item;item;item;item;item;item;item;item;item;item;item;item;item;item;item;item;item;item;item","false"
"domain_compendium.snbt","7C0DE10000000071","Create 12","item;item;item;item;item;item;item;item;item;item;item;item;item;item;item;item;item;item;item;item;item;item;item;item;item;item;item;item;item;item;item;item;item;item;item;item;item;item;item;item","false"
"domain_compendium.snbt","7C0DE10000000072","Create 13","item;item;item;item;item;item;item;item;item;item;item;item;item;item;item;item;item;item;item;item;item;item;item;item;item;item;item;item;item;item;item;item;item;item;item;item;item;item;item;item","false"
"domain_compendium.snbt","7C0DE10000000073","Create 14","item;item;item;item;item;item;item;item;item;item;item;item;item;item;item;item;item;item;item;item;item;item;item;item;item;item;item;item;item;item;item;item;item;item;item;item;item;item;item;item","false"
"domain_compendium.snbt","7C0DE10000000074","Create 15","item;item;item;item;item;item;item;item;item;item;item;item;item;item;item;item;item;item;item;item;item;item;item;item;item;item;item;item;item;item;item;item;item;item;item;item;item;item;item;item","false"
"domain_compendium.snbt","7C0DE10000000075","Create 16","item;item;item;item;item;item;item;item;item;item;item;item;item;item;item;item;item;item;item;item;item;item;item;item;item;item;item;item;item;item;item;item;item;item;item;item;item;item;item;item","false"
"domain_compendium.snbt","7C0DE10000000076","Create 17","item;item;item;item;item;item;item;item;item;item;item;item;item;item;item;item;item;item;item;item;item;item","false"
"domain_compendium.snbt","7C0DE10000000077","Create: The Factory Must Grow 1","item;item;item;item;item;item;item;item;item;item;item;item;item;item;item;item;item;item;item;item;item;item;item;item;item;item;item;item;item;item;item;item;item;item;item;item;item;item;item;item","false"
"domain_compendium.snbt","7C0DE10000000078","Create: The Factory Must Grow 2","item;item;item;item;item;item;item;item;item;item;item;item;item;item;item;item;item;item;item;item;item;item;item;item;item;item;item;item;item;item;item;item;item;item;item;item;item;item;item;item","false"
"domain_compendium.snbt","7C0DE10000000079","Create: The Factory Must Grow 3","item;item;item;item;item;item;item;item;item;item;item;item;item;item;item;item;item;item;item;item;item;item;item;item;item;item;item;item;item;item;item;item;item;item;item;item;item;item;item;item","false"
"domain_compendium.snbt","7C0DE1000000007A","Create: The Factory Must Grow 4","item;item;item;item;item;item;item;item;item;item;item;item;item;item;item;item;item;item;item;item;item;item;item;item;item;item;item;item;item;item;item;item;item;item;item;item;item;item;item;item","false"
"domain_compendium.snbt","7C0DE1000000007B","Create: The Factory Must Grow 5","item;item;item;item;item;item;item;item;item;item;item;item;item;item;item;item;item;item;item;item;item;item;item;item;item;item;item;item;item;item;item;item;item;item;item;item;item;item;item;item","false"
"domain_compendium.snbt","7C0DE1000000007C","Create: The Factory Must Grow 6","item;item;item;item;item;item;item;item;item;item;item;item;item;item;item;item;item;item;item;item;item;item;item;item;item;item;item;item;item;item;item;item;item;item;item;item;item;item;item;item","false"
"domain_compendium.snbt","7C0DE1000000007D","Create: The Factory Must Grow 7","item;item;item;item;item;item;item;item;item;item;item;item;item;item;item;item;item;item;item;item;item;item;item;item;item;item;item;item;item;item;item;item;item;item;item;item;item;item;item;item","false"
"domain_compendium.snbt","7C0DE1000000007E","Create: The Factory Must Grow 8","item;item;item;item;item;item;item;item;item;item;item;item;item;item;item;item;item;item;item;item;item;item;item;item;item;item;item;item;item;item;item;item;item;item;item;item;item;item;item;item","false"
"domain_compendium.snbt","7C0DE1000000007F","Create: The Factory Must Grow 9","item;item;item;item;item;item;item;item;item;item;item;item;item;item;item;item;item;item;item;item;item;item;item;item;item;item;item;item;item;item;item;item;item;item;item;item;item;item;item;item","false"
"domain_compendium.snbt","7C0DE10000000080","Create: The Factory Must Grow 10","item;item;item;item;item;item;item;item;item;item;item;item;item;item;item;item;item;item;item;item;item;item;item;item;item;item;item;item;item;item;item;item;item;item;item;item;item;item;item;item","false"
"domain_compendium.snbt","7C0DE10000000081","Create: The Factory Must Grow 11","item;item;item;item;item;item;item;item;item;item;item;item;item;item;item;item;item;item;item;item;item;item;item;item;item;item;item;item;item;item;item;item;item;item;item;item;item;item;item;item","false"
"domain_compendium.snbt","7C0DE10000000082","Create: The Factory Must Grow 12","item;item;item;item;item;item;item;item;item;item;item;item;item;item;item;item;item;item;item;item;item;item;item;item;item;item;item;item;item;item;item;item;item;item;item;item;item;item;item;item","false"
"domain_compendium.snbt","7C0DE10000000083","Create: The Factory Must Grow 13","item;item;item;item;item;item;item;item;item;item;item;item;item;item;item;item;item;item;item;item;item;item;item;item;item;item;item;item;item;item;item;item;item;item;item;item;item;item;item;item","false"
"domain_compendium.snbt","7C0DE10000000084","Create: The Factory Must Grow 14","item;item;item;item;item;item","false"
"domain_compendium.snbt","7C0DE10000000085","Immersive Engineering 1","item;item;item;item;item;item;item;item;item;item;item;item;item;item;item;item;item;item;item;item;item;item;item;item;item;item;item;item;item;item;item;item;item;item;item;item;item;item;item;item","false"
"domain_compendium.snbt","7C0DE10000000086","Immersive Engineering 2","item;item;item;item;item;item;item;item;item;item;item;item;item;item;item;item;item;item;item;item;item;item;item;item;item;item;item;item;item;item;item;item;item;item;item;item;item;item;item;item","false"
"domain_compendium.snbt","7C0DE10000000087","Immersive Engineering 3","item;item;item;item;item;item;item;item;item;item;item;item;item;item;item;item;item;item;item;item;item;item;item;item;item;item;item;item;item;item;item;item;item;item;item;item;item;item;item;item","false"
"domain_compendium.snbt","7C0DE10000000088","Immersive Engineering 4","item;item;item;item;item;item;item;item;item;item;item;item;item;item;item;item;item;item;item;item;item;item;item;item;item;item;item;item;item;item;item;item;item;item;item;item;item;item;item;item","false"
"domain_compendium.snbt","7C0DE10000000089","Immersive Engineering 5","item;item;item;item;item;item;item;item;item;item;item;item;item;item;item;item;item;item;item;item;item;item;item;item;item;item;item;item;item;item;item;item;item;item;item;item;item;item;item;item","false"
"domain_compendium.snbt","7C0DE1000000008A","Immersive Engineering 6","item;item;item;item;item;item;item;item;item;item;item;item;item;item;item;item;item;item;item;item;item;item;item;item;item;item;item;item;item;item;item;item;item;item;item;item;item;item;item;item","false"
"domain_compendium.snbt","7C0DE1000000008B","Immersive Engineering 7","item;item;item;item;item;item;item;item;item;item;item;item;item;item;item;item;item;item;item;item;item;item;item;item;item;item;item;item;item;item;item;item;item;item;item;item;item;item;item;item","false"
"domain_compendium.snbt","7C0DE1000000008C","Immersive Engineering 8","item;item;item;item;item;item;item;item;item;item;item;item;item;item;item;item;item;item;item;item;item;item;item;item;item;item;item;item;item;item;item;item;item;item;item;item;item;item;item;item","false"
"domain_compendium.snbt","7C0DE1000000008D","Immersive Engineering 9","item;item;item;item;item;item;item;item;item;item;item;item;item;item;item;item;item;item;item;item;item;item;item;item;item;item;item;item;item;item;item;item;item;item;item;item;item;item;item;item","false"
"domain_compendium.snbt","7C0DE1000000008E","Immersive Engineering 10","item;item;item;item;item;item;item;item;item;item;item;item;item;item;item;item;item;item;item;item;item;item;item;item;item;item;item;item;item;item;item;item;item;item;item;item;item;item;item;item","false"
"domain_compendium.snbt","7C0DE1000000008F","Immersive Engineering 11","item;item;item;item;item;item;item;item;item;item;item;item;item;item;item;item;item;item;item;item;item;item;item;item;item;item;item;item;item;item;item;item;item;item;item;item;item;item;item;item","false"
"domain_compendium.snbt","7C0DE10000000090","Immersive Engineering 12","item;item;item;item;item;item;item;item;item;item;item;item;item;item;item;item;item;item;item;item;item;item;item;item;item;item;item;item;item;item","false"
"domain_compendium.snbt","7C0DE10000000091","Ice and Fire: Dragons Port 1","item;item;item;item;item;item;item;item;item;item;item;item;item;item;item;item;item;item;item;item;item;item;item;item;item;item;item;item;item;item;item;item;item;item;item;item;item;item;item;item","false"
"domain_compendium.snbt","7C0DE10000000092","Ice and Fire: Dragons Port 2","item;item;item;item;item;item;item;item;item;item;item;item;item;item;item;item;item;item;item;item;item;item;item;item;item;item;item;item;item;item;item;item;item;item;item;item;item;item;item;item","false"
"domain_compendium.snbt","7C0DE10000000093","Ice and Fire: Dragons Port 3","item;item;item;item;item;item;item;item;item;item;item;item;item;item;item;item;item;item;item;item;item;item;item;item;item;item;item;item;item;item;item;item;item;item;item;item;item;item;item;item","false"
"domain_compendium.snbt","7C0DE10000000094","Ice and Fire: Dragons Port 4","item;item;item;item;item;item;item;item;item;item;item;item;item;item;item;item;item;item;item;item;item;item;item;item;item;item;item;item;item;item;item;item;item;item;item;item;item;item;item;item","false"
"domain_compendium.snbt","7C0DE10000000095","Ice and Fire: Dragons Port 5","item;item;item;item;item;item;item;item;item;item;item;item;item;item;item;item;item;item;item;item;item;item;item;item;item;item;item;item;item;item;item;item;item;item;item;item;item;item;item;item","false"
"domain_compendium.snbt","7C0DE10000000096","Ice and Fire: Dragons Port 6","item;item;item;item;item;item;item;item;item;item;item;item;item;item;item;item;item;item;item;item;item;item;item;item;item;item;item;item;item;item;item;item;item;item;item;item;item;item;item;item","false"
"domain_compendium.snbt","7C0DE10000000097","Ice and Fire: Dragons Port 7","item;item;item;item;item;item;item;item;item;item;item;item;item;item;item;item;item;item;item;item;item;item;item;item;item;item;item;item;item;item;item;item;item;item;item;item;item;item;item;item","false"
"domain_compendium.snbt","7C0DE10000000098","Ice and Fire: Dragons Port 8","item;item;item;item;item;item;item;item;item;item;item;item;item;item;item;item;item;item;item;item;item;item;item;item;item;item;item;item;item;item;item;item;item;item;item;item;item;item;item;item","false"
"domain_compendium.snbt","7C0DE10000000099","Ice and Fire: Dragons Port 9","item;item;item;item;item;item;item;item;item;item;item;item;item;item;item;item;item;item;item;item;item;item;item;item;item;item;item;item;item;item;item;item;item;item;item;item;item;item;item;item","false"
"domain_compendium.snbt","7C0DE1000000009A","Ice and Fire: Dragons Port 10","item;item;item;item;item;item;item;item;item;item;item;item;item;item;item;item;item;item;item;item;item;item;item;item;item;item;item;item;item;item;item;item;item;item;item;item;item;item;item;item","false"
"domain_compendium.snbt","7C0DE1000000009B","Ice and Fire: Dragons Port 11","item;item;item;item","false"
"domain_compendium.snbt","7C0DE1000000009C","Applied Energistics 2 1","item;item;item;item;item;item;item;item;item;item;item;item;item;item;item;item;item;item;item;item;item;item;item;item;item;item;item;item;item;item;item;item;item;item;item;item;item;item;item;item","false"
"domain_compendium.snbt","7C0DE1000000009D","Applied Energistics 2 2","item;item;item;item;item;item;item;item;item;item;item;item;item;item;item;item;item;item;item;item;item;item;item;item;item;item;item;item;item;item;item;item;item;item;item;item;item;item;item;item","false"
"domain_compendium.snbt","7C0DE1000000009E","Applied Energistics 2 3","item;item;item;item;item;item;item;item;item;item;item;item;item;item;item;item;item;item;item;item;item;item;item;item;item;item;item;item;item;item;item;item;item;item;item;item;item;item;item;item","false"
"domain_compendium.snbt","7C0DE1000000009F","Applied Energistics 2 4","item;item;item;item;item;item;item;item;item;item;item;item;item;item;item;item;item;item;item;item;item;item;item;item;item;item;item;item;item;item;item;item;item;item;item;item;item;item;item;item","false"
"domain_compendium.snbt","7C0DE100000000A0","Applied Energistics 2 5","item;item;item;item;item;item;item;item;item;item;item;item;item;item;item;item;item;item;item;item;item;item;item;item;item;item;item;item;item;item;item;item;item;item;item;item;item;item;item;item","false"
"domain_compendium.snbt","7C0DE100000000A1","Applied Energistics 2 6","item;item;item;item;item;item;item;item;item;item;item;item;item;item;item;item;item;item;item;item;item;item;item;item;item;item;item;item;item;item;item;item;item;item;item;item;item;item;item;item","false"
"domain_compendium.snbt","7C0DE100000000A2","Applied Energistics 2 7","item;item;item;item;item;item;item;item;item;item;item;item;item;item;item;item;item;item;item;item;item;item;item;item;item;item;item;item;item;item;item;item;item;item;item;item;item;item;item;item","false"
"domain_compendium.snbt","7C0DE100000000A3","Applied Energistics 2 8","item;item;item;item;item;item;item;item;item;item;item;item;item;item;item;item;item;item;item;item;item;item;item;item;item;item;item;item;item;item;item;item;item;item;item;item;item;item;item;item","false"
"domain_compendium.snbt","7C0DE100000000A4","Applied Energistics 2 9","item;item;item;item;item;item;item;item;item;item;item;item;item","false"
"domain_compendium.snbt","7C0DE100000000A5","Cybernetics 1","item;item;item;item;item;item;item;item;item;item;item;item;item;item;item;item;item;item;item;item;item;item;item;item;item;item;item;item;item;item;item;item;item;item;item;item;item;item;item;item","false"
"domain_compendium.snbt","7C0DE100000000A6","Cybernetics 2","item;item;item;item;item;item;item;item;item;item;item;item;item;item;item;item;item;item;item;item;item;item;item;item;item;item;item;item;item;item;item;item;item;item;item;item;item;item;item;item","false"
"domain_compendium.snbt","7C0DE100000000A7","Cybernetics 3","item;item;item;item;item;item;item;item;item;item;item;item;item;item;item;item;item;item;item;item;item;item;item;item;item;item;item;item;item;item;item;item;item;item;item;item;item;item;item;item","false"
"domain_compendium.snbt","7C0DE100000000A8","Cybernetics 4","item;item;item;item;item;item;item;item;item;item;item;item;item;item;item;item;item;item;item;item;item;item;item;item;item;item;item;item;item;item;item;item;item;item;item;item;item;item;item;item","false"
"domain_compendium.snbt","7C0DE100000000A9","Cybernetics 5","item;item;item;item;item;item;item;item;item;item;item;item;item;item;item;item;item;item;item;item;item;item;item;item;item;item;item;item;item;item;item;item;item;item;item;item;item;item;item;item","false"
"domain_compendium.snbt","7C0DE100000000AA","Cybernetics 6","item;item;item;item;item;item;item;item;item;item;item;item;item;item;item;item;item;item;item;item;item;item;item;item;item;item;item;item;item;item;item;item;item;item;item;item;item;item;item;item","false"
"domain_compendium.snbt","7C0DE100000000AB","Cybernetics 7","item;item;item;item;item;item;item;item;item;item;item;item;item;item;item;item;item;item;item;item;item;item;item;item;item;item;item;item;item;item;item;item;item;item;item;item;item","false"
"domain_compendium.snbt","7C0DE100000000AC","Stellaris 1","item;item;item;item;item;item;item;item;item;item;item;item;item;item;item;item;item;item;item;item;item;item;item;item;item;item;item;item;item;item;item;item;item;item;item;item;item;item;item;item","false"
"domain_compendium.snbt","7C0DE100000000AD","Stellaris 2","item;item;item;item;item;item;item;item;item;item;item;item;item;item;item;item;item;item;item;item;item;item;item;item;item;item;item;item;item;item;item;item;item;item;item;item;item;item;item;item","false"
"domain_compendium.snbt","7C0DE100000000AE","Stellaris 3","item;item;item;item;item;item;item;item;item;item;item;item;item;item;item;item;item;item;item;item;item;item;item;item;item;item;item;item;item;item;item;item;item;item;item;item;item;item;item;item","false"
"domain_compendium.snbt","7C0DE100000000AF","Stellaris 4","item;item;item;item;item;item;item;item;item;item;item;item;item;item;item;item;item;item;item;item;item;item;item;item;item;item;item;item;item;item;item;item;item;item;item;item;item;item;item;item","false"
"domain_compendium.snbt","7C0DE100000000B0","Stellaris 5","item;item;item;item;item;item;item;item;item;item;item;item;item;item;item;item;item;item;item;item;item;item;item;item;item;item;item;item;item;item;item;item;item;item;item;item;item;item;item;item","false"
"domain_compendium.snbt","7C0DE100000000B1","Stellaris 6","item;item;item;item;item;item;item;item;item;item;item;item;item;item;item;item;item;item;item;item;item;item;item;item;item;item;item;item;item;item;item;item;item;item;item;item;item;item;item;item","false"
"domain_compendium.snbt","7C0DE100000000B2","Stellaris 7","item;item;item;item;item","false"
"domain_compendium.snbt","7C0DE100000000B3","Oritech 1","item;item;item;item;item;item;item;item;item;item;item;item;item;item;item;item;item;item;item;item;item;item;item;item;item;item;item;item;item;item;item;item;item;item;item;item;item;item;item;item","false"
"domain_compendium.snbt","7C0DE100000000B4","Oritech 2","item;item;item;item;item;item;item;item;item;item;item;item;item;item;item;item;item;item;item;item;item;item;item;item;item;item;item;item;item;item;item;item;item;item;item;item;item;item;item;item","false"
"domain_compendium.snbt","7C0DE100000000B5","Oritech 3","item;item;item;item;item;item;item;item;item;item;item;item;item;item;item;item;item;item;item;item;item;item;item;item;item;item;item;item;item;item;item;item;item;item;item;item;item;item;item;item","false"
"domain_compendium.snbt","7C0DE100000000B6","Oritech 4","item;item;item;item;item;item;item;item;item;item;item;item;item;item;item;item;item;item;item;item;item;item;item;item;item;item;item;item;item;item;item;item;item;item;item;item;item;item;item;item","false"
"domain_compendium.snbt","7C0DE100000000B7","Oritech 5","item;item;item;item;item;item;item;item;item;item;item;item;item;item;item;item;item;item;item;item;item;item;item;item;item;item;item;item;item;item;item;item;item;item;item;item;item;item;item;item","false"
"domain_compendium.snbt","7C0DE100000000B8","Oritech 6","item;item;item;item;item;item;item;item;item;item;item;item;item;item;item;item;item;item;item;item;item;item;item;item;item;item;item;item;item;item;item;item;item;item","false"
"domain_compendium.snbt","7C0DE100000000B9","Supplementaries 1","item;item;item;item;item;item;item;item;item;item;item;item;item;item;item;item;item;item;item;item;item;item;item;item;item;item;item;item;item;item;item;item;item;item;item;item;item;item;item;item","false"
"domain_compendium.snbt","7C0DE100000000BA","Supplementaries 2","item;item;item;item;item;item;item;item;item;item;item;item;item;item;item;item;item;item;item;item;item;item;item;item;item;item;item;item;item;item;item;item;item;item;item;item;item;item;item;item","false"
"domain_compendium.snbt","7C0DE100000000BB","Supplementaries 3","item;item;item;item;item;item;item;item;item;item;item;item;item;item;item;item;item;item;item;item;item;item;item;item;item;item;item;item;item;item;item;item;item;item;item;item;item;item;item;item","false"
"domain_compendium.snbt","7C0DE100000000BC","Supplementaries 4","item;item;item;item;item;item;item;item;item;item;item;item;item;item;item;item;item;item;item;item;item;item;item;item;item;item;item;item;item;item;item;item;item;item;item;item;item;item;item;item","false"
"domain_compendium.snbt","7C0DE100000000BD","Supplementaries 5","item;item;item;item;item;item;item;item;item;item;item;item;item;item;item;item;item;item;item;item;item;item;item;item;item;item;item;item;item;item;item;item;item;item;item","false"
"domain_compendium.snbt","7C0DE100000000BE","ZV-Houses 1","item;item;item;item;item;item;item;item;item;item;item;item;item;item;item;item;item;item;item;item;item;item;item;item;item;item;item;item;item;item;item;item;item;item;item;item;item;item;item;item","false"
"domain_compendium.snbt","7C0DE100000000BF","ZV-Houses 2","item;item;item;item;item;item;item;item;item;item;item;item;item;item;item;item;item;item;item;item;item;item;item;item;item;item;item;item;item;item;item;item;item;item;item;item;item;item;item;item","false"
"domain_compendium.snbt","7C0DE100000000C0","ZV-Houses 3","item;item;item;item;item;item;item;item;item;item;item;item;item;item;item;item;item;item;item;item;item;item;item;item;item;item;item;item;item;item;item;item;item;item;item;item;item;item;item;item","false"
"domain_compendium.snbt","7C0DE100000000C1","ZV-Houses 4","item;item;item;item;item;item;item;item;item;item;item;item;item;item;item;item;item;item;item;item;item;item;item;item;item;item;item;item;item;item;item;item;item;item;item;item;item;item;item;item","false"
"domain_compendium.snbt","7C0DE100000000C2","ZV-Houses 5","item;item;item;item;item;item;item;item;item;item;item;item;item;item;item;item;item;item;item;item;item;item;item;item;item;item;item;item;item;item","false"
"domain_compendium.snbt","7C0DE100000000C3","Farmer's Delight 1","item;item;item;item;item;item;item;item;item;item;item;item;item;item;item;item;item;item;item;item;item;item;item;item;item;item;item;item;item;item;item;item;item;item;item;item;item;item;item;item","false"
"domain_compendium.snbt","7C0DE100000000C4","Farmer's Delight 2","item;item;item;item;item;item;item;item;item;item;item;item;item;item;item;item;item;item;item;item;item;item;item;item;item;item;item;item;item;item;item;item;item;item;item;item;item;item;item;item","false"
"domain_compendium.snbt","7C0DE100000000C5","Farmer's Delight 3","item;item;item;item;item;item;item;item;item;item;item;item;item;item;item;item;item;item;item;item;item;item;item;item;item;item;item;item;item;item;item;item;item;item;item;item;item;item;item;item","false"
"domain_compendium.snbt","7C0DE100000000C6","Farmer's Delight 4","item;item;item;item;item;item;item;item;item;item;item;item;item;item;item;item;item;item;item;item;item;item;item;item;item;item;item;item;item;item;item;item;item;item;item;item;item;item;item;item","false"
"domain_compendium.snbt","7C0DE100000000C7","Farmer's Delight 5","item;item;item;item;item;item;item;item;item;item;item;item;item;item;item;item;item","false"
"domain_compendium.snbt","7C0DE100000000C8","Fungal Infection: Spore 1","item;item;item;item;item;item;item;item;item;item;item;item;item;item;item;item;item;item;item;item;item;item;item;item;item;item;item;item;item;item;item;item;item;item;item;item;item;item;item;item","false"
"domain_compendium.snbt","7C0DE100000000C9","Fungal Infection: Spore 2","item;item;item;item;item;item;item;item;item;item;item;item;item;item;item;item;item;item;item;item;item;item;item;item;item;item;item;item;item;item;item;item;item;item;item;item;item;item;item;item","false"
"domain_compendium.snbt","7C0DE100000000CA","Fungal Infection: Spore 3","item;item;item;item;item;item;item;item;item;item;item;item;item;item;item;item;item;item;item;item;item;item;item;item;item;item;item;item;item;item;item;item;item;item;item;item;item;item;item;item","false"
"domain_compendium.snbt","7C0DE100000000CB","Fungal Infection: Spore 4","item;item;item;item;item;item;item;item;item;item;item;item;item;item;item;item;item;item;item;item;item;item;item;item;item;item;item;item;item;item;item;item;item;item;item;item;item;item;item;item","false"
"domain_compendium.snbt","7C0DE100000000CC","Fungal Infection: Spore 5","item;item;item;item;item;item;item;item;item;item;item","false"
"domain_compendium.snbt","7C0DE100000000CD","AE2 Lightning Tech 1","item;item;item;item;item;item;item;item;item;item;item;item;item;item;item;item;item;item;item;item;item;item;item;item;item;item;item;item;item;item;item;item;item;item;item;item;item;item;item;item","false"
"domain_compendium.snbt","7C0DE100000000CE","AE2 Lightning Tech 2","item;item;item;item;item;item;item;item;item;item;item;item;item;item;item;item;item;item;item;item;item;item;item;item;item;item;item;item;item;item;item;item;item;item;item;item;item;item;item;item","false"
"domain_compendium.snbt","7C0DE100000000CF","AE2 Lightning Tech 3","item;item;item;item;item;item;item;item;item;item;item;item;item;item;item;item;item;item;item;item;item;item;item;item;item;item;item;item;item;item;item;item;item;item;item;item;item;item;item;item","false"
"domain_compendium.snbt","7C0DE100000000D0","AE2 Lightning Tech 4","item;item;item;item;item;item;item;item;item;item;item;item;item;item;item;item;item;item;item;item;item;item;item;item;item;item;item;item;item;item;item;item;item;item;item;item;item;item;item;item","false"
"domain_compendium.snbt","7C0DE100000000D1","AE2 Lightning Tech 5","item;item;item;item;item;item;item;item","false"
"domain_compendium.snbt","7C0DE100000000D2","Create Big Cannons 1","item;item;item;item;item;item;item;item;item;item;item;item;item;item;item;item;item;item;item;item;item;item;item;item;item;item;item;item;item;item;item;item;item;item;item;item;item;item;item;item","false"
"domain_compendium.snbt","7C0DE100000000D3","Create Big Cannons 2","item;item;item;item;item;item;item;item;item;item;item;item;item;item;item;item;item;item;item;item;item;item;item;item;item;item;item;item;item;item;item;item;item;item;item;item;item;item;item;item","false"
"domain_compendium.snbt","7C0DE100000000D4","Create Big Cannons 3","item;item;item;item;item;item;item;item;item;item;item;item;item;item;item;item;item;item;item;item;item;item;item;item;item;item;item;item;item;item;item;item;item;item;item;item;item;item;item;item","false"
"domain_compendium.snbt","7C0DE100000000D5","Create Big Cannons 4","item;item;item;item;item;item;item;item;item;item;item;item;item;item;item;item;item;item;item;item;item;item;item;item;item;item;item;item;item;item;item;item;item;item;item;item;item;item;item;item","false"
"domain_compendium.snbt","7C0DE100000000D7","Ex Deorum 1","item;item;item;item;item;item;item;item;item;item;item;item;item;item;item;item;item;item;item;item;item;item;item;item;item;item;item;item;item;item;item;item;item;item;item;item;item;item;item;item","false"
"domain_compendium.snbt","7C0DE100000000D8","Ex Deorum 2","item;item;item;item;item;item;item;item;item;item;item;item;item;item;item;item;item;item;item;item;item;item;item;item;item;item;item;item;item;item;item;item;item;item;item;item;item;item;item;item","false"
"domain_compendium.snbt","7C0DE100000000D9","Ex Deorum 3","item;item;item;item;item;item;item;item;item;item;item;item;item;item;item;item;item;item;item;item;item;item;item;item;item;item;item;item;item;item;item;item;item;item;item;item;item;item;item;item","false"
"domain_compendium.snbt","7C0DE100000000DA","Ex Deorum 4","item;item;item;item;item;item;item;item;item;item;item;item;item;item;item;item;item;item;item;item;item","false"
"domain_compendium.snbt","7C0DE100000000DB","The Wasteland 1","item;item;item;item;item;item;item;item;item;item;item;item;item;item;item;item;item;item;item;item;item;item;item;item;item;item;item;item;item;item;item;item;item;item;item;item;item;item;item;item","false"
"domain_compendium.snbt","7C0DE100000000DC","The Wasteland 2","item;item;item;item;item;item;item;item;item;item;item;item;item;item;item;item;item;item;item;item;item;item;item;item;item;item;item;item;item;item;item;item;item;item;item;item;item;item;item;item","false"
"domain_compendium.snbt","7C0DE100000000DD","The Wasteland 3","item;item;item;item;item;item;item;item;item;item;item;item;item;item;item;item;item;item;item;item;item;item;item;item;item;item;item;item;item;item;item;item;item;item;item;item;item;item;item;item","false"
"domain_compendium.snbt","7C0DE100000000DE","The Wasteland 4","item;item;item","false"
"domain_compendium.snbt","7C0DE100000000DF","Create Nuclear 1","item;item;item;item;item;item;item;item;item;item;item;item;item;item;item;item;item;item;item;item;item;item;item;item;item;item;item;item;item;item;item;item;item;item;item;item;item;item;item;item","false"
"domain_compendium.snbt","7C0DE100000000E0","Create Nuclear 2","item;item;item;item;item;item;item;item;item;item;item;item;item;item;item;item;item;item;item;item;item;item;item;item;item;item;item;item;item;item;item;item;item;item;item;item;item;item;item;item","false"
"domain_compendium.snbt","7C0DE100000000E1","Create Nuclear 3","item;item;item;item;item;item;item;item;item;item;item;item;item;item;item;item;item;item;item;item;item;item;item;item;item;item;item;item;item;item;item;item;item;item;item;item","false"
"domain_compendium.snbt","7C0DE100000000E2","The Graveyard (Unofficial Port) 1","item;item;item;item;item;item;item;item;item;item;item;item;item;item;item;item;item;item;item;item;item;item;item;item;item;item;item;item;item;item;item;item;item;item;item;item;item;item;item;item","false"
"domain_compendium.snbt","7C0DE100000000E3","The Graveyard (Unofficial Port) 2","item;item;item;item;item;item;item;item;item;item;item;item;item;item;item;item;item;item;item;item;item;item;item;item;item;item;item;item;item;item;item;item;item;item;item;item;item;item;item;item","false"
"domain_compendium.snbt","7C0DE100000000E4","The Graveyard (Unofficial Port) 3","item;item;item;item;item;item;item;item;item;item;item;item;item;item;item;item;item;item;item;item","false"
"domain_compendium.snbt","7C0DE100000000E8","Create: Power Grid 1","item;item;item;item;item;item;item;item;item;item;item;item;item;item;item;item;item;item;item;item;item;item;item;item;item;item;item;item;item;item;item;item;item;item;item;item;item;item;item;item","false"
"domain_compendium.snbt","7C0DE100000000E9","Create: Power Grid 2","item;item;item;item;item;item;item;item;item;item;item;item;item;item;item;item;item;item;item;item;item;item;item;item;item;item;item;item;item;item;item;item;item;item;item;item;item;item;item;item","false"
"domain_compendium.snbt","7C0DE100000000EA","Create: Power Grid 3","item;item;item;item;item;item;item;item","false"
"domain_compendium.snbt","7C0DE100000000EB","Basic Nether Ores [Forge/Fabric] 1","item;item;item;item;item;item;item;item;item;item;item;item;item;item;item;item;item;item;item;item;item;item;item;item;item;item;item;item;item;item;item;item;item;item;item;item;item;item;item;item","false"
"domain_compendium.snbt","7C0DE100000000EC","Basic Nether Ores [Forge/Fabric] 2","item;item;item;item;item;item;item;item;item;item;item;item;item;item;item;item;item;item;item;item;item;item;item;item;item;item;item;item;item;item;item;item;item;item;item;item;item;item;item;item","false"
"domain_compendium.snbt","7C0DE100000000ED","Basic Nether Ores [Forge/Fabric] 3","item;item;item;item;item","false"
"domain_compendium.snbt","7C0DE100000000EE","Sophisticated Storage 1","item;item;item;item;item;item;item;item;item;item;item;item;item;item;item;item;item;item;item;item;item;item;item;item;item;item;item;item;item;item;item;item;item;item;item;item;item;item;item;item","false"
"domain_compendium.snbt","7C0DE100000000EF","Sophisticated Storage 2","item;item;item;item;item;item;item;item;item;item;item;item;item;item;item;item;item;item;item;item;item;item;item;item;item;item;item;item;item;item;item;item;item;item;item","false"
"domain_compendium.snbt","7C0DE100000000E5","Create: Metallurgy 1","item;item;item;item;item;item;item;item;item;item;item;item;item;item;item;item;item;item;item;item;item;item;item;item;item;item;item;item;item;item;item;item;item;item;item;item;item;item;item;item","false"
"domain_compendium.snbt","7C0DE100000000E6","Create: Metallurgy 2","item;item;item;item;item;item;item;item;item;item;item;item;item;item;item;item;item;item;item;item;item;item;item;item;item;item;item;item;item;item;item","false"
"domain_compendium.snbt","7C0DE100000000F0","Cyberware: Reforged 1","item;item;item;item;item;item;item;item;item;item;item;item;item;item;item;item;item;item;item;item;item;item;item;item;item;item;item;item;item;item;item;item;item;item;item;item;item;item;item;item","false"
"domain_compendium.snbt","7C0DE100000000F1","Cyberware: Reforged 2","item;item;item;item;item;item;item;item;item;item;item;item;item;item;item;item;item;item;item;item;item;item;item;item;item;item;item;item;item","false"
"domain_compendium.snbt","7C0DE100000000F2","Create: Brewing 1","item;item;item;item;item;item;item;item;item;item;item;item;item;item;item;item;item;item;item;item;item;item;item;item;item;item;item;item;item;item;item;item;item;item;item;item;item;item;item;item","false"
"domain_compendium.snbt","7C0DE100000000F3","Create: Brewing 2","item;item;item;item;item;item;item;item;item;item;item;item;item;item;item;item;item;item;item;item;item;item;item;item;item;item;item;item","false"
"domain_compendium.snbt","7C0DE100000000F4","infinite_domain_cyberware 1","item;item;item;item;item;item;item;item;item;item;item;item;item;item;item;item;item;item;item;item;item;item;item;item;item;item;item;item;item;item;item;item;item;item;item;item;item;item;item;item","false"
"domain_compendium.snbt","7C0DE100000000F5","infinite_domain_cyberware 2","item;item;item;item;item;item;item;item;item;item;item;item;item;item;item;item;item;item;item;item;item;item;item;item","false"
"domain_compendium.snbt","7C0DE100000000F8","Create Aeronautics: Gadgets & Gizmos 1","item;item;item;item;item;item;item;item;item;item;item;item;item;item;item;item;item;item;item;item;item;item;item;item;item;item;item;item;item;item;item;item;item;item;item;item;item;item;item;item","false"
"domain_compendium.snbt","7C0DE100000000F9","Create Aeronautics: Gadgets & Gizmos 2","item;item;item;item;item;item;item;item;item;item;item","false"
"domain_compendium.snbt","7C0DE100000000FA","Create: New Age 1","item;item;item;item;item;item;item;item;item;item;item;item;item;item;item;item;item;item;item;item;item;item;item;item;item;item;item;item;item;item;item;item;item;item;item;item;item;item;item;item","false"
"domain_compendium.snbt","7C0DE100000000FB","Create: New Age 2","item;item;item;item;item;item;item;item;item;item","false"
"domain_compendium.snbt","7C0DE100000000FE","Create: Numismatics","item;item;item;item;item;item;item;item;item;item;item;item;item;item;item;item;item;item;item;item;item;item;item;item;item;item;item;item;item;item;item;item;item;item;item;item;item;item","false"
"domain_compendium.snbt","7C0DE100000000F6","Create: Diesel Generators","item;item;item;item;item;item;item;item;item;item;item;item;item;item;item;item;item;item;item;item;item;item;item;item;item;item;item;item;item;item;item;item;item;item;item;item;item","false"
"domain_compendium.snbt","7C0DE100000000FF","Create: Bells & Whistles","item;item;item;item;item;item;item;item;item;item;item;item;item;item;item;item;item;item;item;item;item;item;item;item;item;item;item;item;item;item;item;item;item;item;item;item","false"
"domain_compendium.snbt","7C0DE10000000100","Create Propulsion: Simulated","item;item;item;item;item;item;item;item;item;item;item;item;item;item;item;item;item;item;item;item;item;item;item;item;item;item;item;item;item;item;item;item;item;item;item","false"
"domain_compendium.snbt","7C0DE10000000101","Create ReAutomated","item;item;item;item;item;item;item;item;item;item;item;item;item;item;item;item;item;item;item;item;item;item;item;item;item;item;item;item;item;item;item;item;item;item","false"
"domain_compendium.snbt","7C0DE10000000102","Yet Another Gravestone [YAGM]","item;item;item;item;item;item;item;item;item;item;item;item;item;item;item;item;item;item;item;item;item;item;item;item;item;item;item;item;item;item","false"
"domain_compendium.snbt","7C0DE10000000104","Mining Gadgets","item;item;item;item;item;item;item;item;item;item;item;item;item;item;item;item;item;item;item;item;item;item;item;item;item;item;item","false"
"domain_compendium.snbt","7C0DE10000000105","Nether Depths Upgrade","item;item;item;item;item;item;item;item;item;item;item;item;item;item;item;item;item;item;item;item;item;item;item;item;item;item;item","false"
"domain_compendium.snbt","7C0DE100000000FC","Create: Petrochem","item;item;item;item;item;item;item;item;item;item;item;item;item;item;item;item;item;item;item;item;item;item;item;item;item;item","false"
"domain_compendium.snbt","7C0DE10000000106","Primitive Start","item;item;item;item;item;item;item;item;item;item;item;item;item;item;item;item;item;item;item;item;item;item;item;item","false"
"domain_compendium.snbt","7C0DE10000000107","Cyberspace","item;item;item;item;item;item;item;item;item;item;item;item;item;item;item;item;item;item;item;item;item;item;item","false"
"domain_compendium.snbt","7C0DE10000000108","Create: Winery","item;item;item;item;item;item;item;item;item;item;item;item;item;item;item;item;item;item;item;item;item;item","false"
"domain_compendium.snbt","7C0DE10000000103","Create: Jaffabricate","item;item;item;item;item;item;item;item;item;item;item;item;item;item;item;item;item;item;item;item;item","false"
"domain_compendium.snbt","7C0DE10000000109","Create: Radars","item;item;item;item;item;item;item;item;item;item;item;item;item;item;item;item;item;item;item;item","false"
"domain_compendium.snbt","7C0DE1000000010A","Create  Deep Seas","item;item;item;item;item;item;item;item;item;item;item;item;item;item;item;item","false"
"domain_compendium.snbt","7C0DE1000000010B","Create: Some Assembly Required","item;item;item;item;item;item;item;item;item;item;item;item;item;item;item;item","false"
"domain_compendium.snbt","7C0DE1000000010C","EnviroMine Lite","item;item;item;item;item;item;item;item;item;item;item;item;item","false"
"domain_compendium.snbt","7C0DE1000000010D","Create: Mind the Gap","item;item;item;item;item;item;item;item;item;item;item;item","false"
"domain_compendium.snbt","7C0DE1000000010E","Mutant Monsters","item;item;item;item;item;item;item;item;item;item;item;item","false"
"domain_compendium.snbt","7C0DE1000000010F","Create Aeronautics: Transmission & Linkage","item;item;item;item;item;item;item;item;item","false"
"domain_compendium.snbt","7C0DE10000000110","Mekanite Mobs","item;item;item;item;item;item;item;item;item","false"
"domain_compendium.snbt","7C0DE10000000111","Create: Chimneys","item;item;item;item;item;item;item;item","false"
"domain_compendium.snbt","7C0DE10000000112","Gateway of Doom","item;item;item;item;item;item;item;item","false"
"domain_compendium.snbt","7C0DE10000000113","Wasteland-NewLife","item;item;item;item;item;item;item;item","false"
"domain_compendium.snbt","7C0DE10000000114","Create: Aquatic Ambitions","item;item;item;item;item;item;item","false"
"domain_compendium.snbt","7C0DE10000000115","Create: Hypertubes","item;item;item;item;item;item;item","false"
"domain_compendium.snbt","7C0DE10000000116","Create Aeronautics: Delivery Required","item;item;item;item;item;item;item","false"
"domain_compendium.snbt","7C0DE10000000117","FTB Quests (NeoForge)","item;item;item;item;item;item;item","false"
"domain_compendium.snbt","7C0DE10000000118","Create: Tracks","item;item;item;item;item;item;item","false"
"domain_compendium.snbt","7C0DE10000000119","Building Gadgets","item;item;item;item;item;item","false"
"domain_compendium.snbt","7C0DE1000000011A","Cybernetics: Cyberchems","item;item;item;item;item;item","false"
"domain_compendium.snbt","7C0DE1000000011B","Create: Linear Bearing","item;item;item;item;item;item","false"
"domain_compendium.snbt","7C0DE1000000011C","Spells & Spellcrafting","item;item;item;item;item","false"
"domain_compendium.snbt","7C0DE1000000011D","Create Aero Radars","item;item;item;item","false"
"domain_compendium.snbt","7C0DE1000000011E","Create Aeronautics: Automated Logistics","item;item;item;item","false"
"domain_compendium.snbt","7C0DE1000000011F","Create: PowerGrid batteries","item;item;item;item","false"
"domain_compendium.snbt","7C0DE10000000120","Zombie Village","item;item;item;item","false"
"domain_compendium.snbt","7C0DE10000000121","Create: Compact Gearbox - Transmisson","item;item;item","false"
"domain_compendium.snbt","7C0DE10000000122","Create Aeronautics: Throwable Rope Connector","item;item;item","false"
"domain_compendium.snbt","7C0DE10000000123","Create Aeronautics: Carworks","item;item;item","false"
"domain_compendium.snbt","7C0DE10000000124","Create Refueling Hose","item;item;item","false"
"domain_compendium.snbt","7C0DE10000000125","Create: Applied Kinetics","item;item","false"
"domain_compendium.snbt","7C0DE10000000126","Create: Escalated","item;item","false"
"domain_compendium.snbt","7C0DE0C0000000FF","The Domain, Catalogued","checkmark","true"
"environmental_survival_engineering.snbt","5D20000000000001","The Air Is Part of the Mine","checkmark","true"
"environmental_survival_engineering.snbt","5D2000000000000B","Commission the Mine Gallery","checkmark","true"
"environmental_survival_engineering.snbt","5D2000000000000E","Environmental Safety Charter","item;item","false"
"environmental_survival_engineering.snbt","5D2000000000000F","The Invisible Weather","checkmark","true"
"environmental_survival_engineering.snbt","5D20000000000015","Seventeen Pieces of Rubber Between You and Regret","item;item;item;item","false"
"environmental_survival_engineering.snbt","5D20000000000017","The Exposure-Control Drill","checkmark","true"
"graveyard_gateway_containment.snbt","6F30000000000001","The Graveyard Night Register","item;item","false"
"graveyard_gateway_containment.snbt","6F30000000000003","Four Graveyard Signatures","kill;kill;kill;kill","false"
"graveyard_gateway_containment.snbt","6F30000000000005","Dark-Iron Quarantine Hardware","item;item;item;item","false"
"graveyard_gateway_containment.snbt","6F30000000000007","Burial-Ground Recovery Drill","checkmark","true"
"graveyard_gateway_containment.snbt","6F30000000000008","Gateway of Doom Containment Desk","item;item","false"
"graveyard_gateway_containment.snbt","6F30000000000009","Easy Gate — Bounded Contact","checkmark","true"
"graveyard_gateway_containment.snbt","6F3000000000000A","Medium Gate — Reinforced Ward","item;item","false"
"graveyard_gateway_containment.snbt","6F3000000000000B","Medium Gate — Casualty Control","checkmark","true"
"graveyard_gateway_containment.snbt","6F3000000000000C","Hard Gate — Quantum Interlock","item;item","false"
"graveyard_gateway_containment.snbt","6F3000000000000D","Hard Gate — Abort Authority","checkmark","true"
"graveyard_gateway_containment.snbt","6F3000000000000E","Layered Portal Exclusion","item;item","false"
"graveyard_gateway_containment.snbt","6F3000000000000F","Two-Player Containment Continuity","checkmark","true"
"grid_storage_and_recovery.snbt","6C01000000000004","Switching and Metering Acceptance","item;item;item;checkmark","true"
"grid_storage_and_recovery.snbt","6C01000000000005","Substation Continuity Trial","item;checkmark","true"
"lets_get_started_shall_we.snbt","3AFBE38263D3351E","Shelter Before Ambition","checkmark","true"
"lets_get_started_shall_we.snbt","0FFBED0140C896F0","Life in the Dust","item;item","false"
"lets_get_started_shall_we.snbt","0D2120E425BA76F6","An Arsenal of Remains","item;item;item","false"
"lets_get_started_shall_we.snbt","1CE40D15564FEADC","Choose How You Will Survive","checkmark","true"
"lets_get_started_shall_we.snbt","2C1F9877A3002405","Emergency Stores","item;item;item","false"
"mastery_era_00.snbt","6010000000000001","Era 0 Mastery Project","checkmark","true"
"mastery_era_00.snbt","6010000000000002","Master of Era 0","","false"
"mastery_era_01.snbt","6110000000000001","Era 1 Mastery Project","checkmark","true"
"mastery_era_01.snbt","6110000000000002","Master of Era 1","","false"
"mastery_era_02.snbt","6210000000000001","Era 2 Mastery Project","checkmark","true"
"mastery_era_02.snbt","6210000000000002","Master of Era 2","","false"
"mastery_era_03.snbt","6310000000000001","Era 3 Mastery Project","checkmark","true"
"mastery_era_03.snbt","6310000000000002","Master of Era 3","","false"
"mastery_era_04.snbt","6410000000000001","Era 4 Mastery Project","checkmark","true"
"mastery_era_04.snbt","6410000000000002","Master of Era 4","","false"
"mastery_era_05.snbt","6510000000000001","Era 5 Mastery Project","checkmark","true"
"mastery_era_05.snbt","6510000000000002","Master of Era 5","","false"
"mastery_era_06.snbt","6610000000000001","Era 6 Mastery Project","checkmark","true"
"mastery_era_06.snbt","6610000000000002","Master of Era 6","","false"
"mastery_era_07.snbt","6710000000000001","Era 7 Mastery Project","checkmark","true"
"mastery_era_07.snbt","6710000000000002","Master of Era 7","","false"
"mastery_era_08.snbt","6810000000000001","Era 8 Mastery Project","checkmark","true"
"mastery_era_08.snbt","6810000000000002","Master of Era 8","","false"
"mutant_and_mekanite_threat_dossier.snbt","5F20000000000006","Zombie Termination Procedure","kill;item","false"
"mutant_and_mekanite_threat_dossier.snbt","5F2000000000000A","Determination: Mutant-Class Threat","kill;kill;kill;kill","false"
"mutant_and_mekanite_threat_dossier.snbt","5F20000000000018","Self-Dividing Chassis","kill;kill;kill","false"
"mutant_and_mekanite_threat_dossier.snbt","5F2000000000001A","Determination: Mekanite Extermination Doctrine","kill;kill;kill;kill","false"
"old_world_investigation.snbt","4F57000000000000","Read the Ground First","checkmark","true"
"old_world_investigation.snbt","4F57000000000003","THEY WERE HERE FIRST","item;item","false"
"old_world_investigation.snbt","4F57000000000012","Food for a Billion — First Evidence","item;item","false"
"old_world_investigation.snbt","4F57000000000022","The Interval Collapses","item;item","false"
"old_world_investigation.snbt","4F57000000000016","The Crop Was Already Everywhere","item;item","false"
"old_world_investigation.snbt","4F57000000000024","Four Times Is a Result","item;item","false"
"parallel_factory_paths.snbt","5D30000000000001","A Factory Must Grow","checkmark","true"
"parallel_factory_paths.snbt","5D30000000000002","The Reconfigurable Line","item;item;item","false"
"parallel_factory_paths.snbt","5D30000000000003","Stone Without a Quarry","item;item;item","false"
"parallel_factory_paths.snbt","5D30000000000004","An Industrial Palette","item;item;item;item","false"
"parallel_factory_paths.snbt","5D30000000000005","Crushing for Recovery","item;item;item","false"
"parallel_factory_paths.snbt","5D30000000000006","Nether Reclamation Line","item;item","false"
"parallel_factory_paths.snbt","5D30000000000007","A Furnace Built as a Building","item;item","false"
"parallel_factory_paths.snbt","5D30000000000008","Creosote Becomes Structure","item;item","false"
"parallel_factory_paths.snbt","5D30000000000009","Belts and Pipes at Plant Scale","item;item;item","false"
"parallel_factory_paths.snbt","5D3000000000000A","The Mechanism Inside the Masonry","item;item;item","false"
"parallel_factory_paths.snbt","5D3000000000000B","Commission the Metal Press","checkmark","true"
"parallel_factory_paths.snbt","5D3000000000000C","A Measured Low-Voltage Grid","item;item;item;item","false"
"parallel_factory_paths.snbt","5D3000000000000D","Plant Oil and Fermentation","item;item","false"
"parallel_factory_paths.snbt","5D3000000000000E","Commission the Refinery","checkmark","true"
"parallel_factory_paths.snbt","5D3000000000000F","Fuel Must Answer to Load","checkmark","true"
"parallel_factory_paths.snbt","5D30000000000010","Agriculture Inside the Works","item;item","false"
"parallel_factory_paths.snbt","5D30000000000011","Commission the Excavator","checkmark","true"
"parallel_factory_paths.snbt","5D30000000000012","Commission the Arc Furnace","checkmark","true"
"parallel_factory_paths.snbt","5D30000000000013","High Voltage, High Consequence","item;item;item","false"
"parallel_factory_paths.snbt","5D30000000000014","Create Feeds the Fixed Plant","checkmark","true"
"parallel_factory_paths.snbt","5D30000000000015","Design for Failure, Not Just Speed","checkmark","true"
"parallel_factory_paths.snbt","5D30000000000016","Parallel Factory Charter","item;item;item","false"
"powered_field_engineering.snbt","6F60000000000001","Powered Field Engineering Charter","item;item;item","false"
"powered_field_engineering.snbt","6F60000000000003","Baseline Beam Qualification","checkmark","true"
"powered_field_engineering.snbt","6F60000000000004","Endurance Module Ladder","item;item;item","false"
"powered_field_engineering.snbt","6F60000000000005","Recovery and Illumination Modules","item;item;item","false"
"powered_field_engineering.snbt","6F60000000000006","Selective Extraction Modules","item;item","false"
"powered_field_engineering.snbt","6F60000000000007","Waste and Freeze Controls","item;item","false"
"powered_field_engineering.snbt","6F60000000000008","Selective Mining Acceptance","checkmark","true"
"powered_field_engineering.snbt","6F60000000000009","Extended Survey Geometry","item;item","false"
"powered_field_engineering.snbt","6F6000000000000A","Large-Volume Extraction Permit","checkmark","true"
"powered_field_engineering.snbt","6F6000000000000C","Exchange and Removal Tools","item;item","false"
"powered_field_engineering.snbt","6F6000000000000F","Field Works Continuity Trial","checkmark","true"
"spawn_exchange.snbt","6E01000000000001","Quartermaster — Lost Survivors","checkmark","true"
"spawn_exchange.snbt","6E01000000000002","Mechanist — Mechanical Reconstruction","checkmark","true"
"spawn_exchange.snbt","6E01000000000003","Foundry Broker — Heavy Industry","checkmark","true"
"spawn_exchange.snbt","6E01000000000004","Chemical Cooperative — Petrochemical Civilization","checkmark","true"
"spawn_exchange.snbt","6E01000000000005","Grid Supply — The Electrical Grid","checkmark","true"
"spawn_exchange.snbt","6E01000000000006","Systems Exchange — Automated Industry","checkmark","true"
"spawn_exchange.snbt","6E01000000000007","Containment Office — High Energy Engineering","checkmark","true"
"spawn_exchange.snbt","6E01000000000008","Expedition Exchange — Orbital Industry","checkmark","true"
"spawn_exchange.snbt","6E01000000000009","Cybernetics Exchange - Automated Clinic","checkmark","true"
"supplementaries_civic_utility.snbt","6F40000000000001","Supplementaries Service Charter","item;item","false"
"supplementaries_civic_utility.snbt","6F40000000000003","Hoist Recovery Drill","checkmark","true"
"supplementaries_civic_utility.snbt","6F40000000000004","Measured Public Stores","item;item;item","false"
"supplementaries_civic_utility.snbt","6F40000000000006","Wayfinding and Work Orders","item;item;item","false"
"supplementaries_civic_utility.snbt","6F40000000000007","Relief Point Commissioning","checkmark","true"
"supplementaries_civic_utility.snbt","6F40000000000008","Mechanical Service Auxiliaries","item;item;item","false"
"supplementaries_civic_utility.snbt","6F40000000000009","Instrumented Service Station","item;item;item","false"
"supplementaries_civic_utility.snbt","6F4000000000000C","Civic Address Endpoint","item;item","false"
"supplementaries_civic_utility.snbt","6F4000000000000D","Secure Shared Custody","item;item","false"
"supplementaries_civic_utility.snbt","6F4000000000000E","Public Systems Continuity Drill","checkmark","true"
"the_rot_spore_threat_dossier.snbt","5F10000000000008","The Rot Has Inventory","item;item;item","false"
"the_rot_spore_threat_dossier.snbt","5F10000000000010","Specialized Anatomy","item;item;item;item","false"
"the_rot_spore_threat_dossier.snbt","5F10000000000016","Armor, Cores, and Spines","item;item;item;item","false"
"the_rot_spore_threat_dossier.snbt","5F1000000000001C","Organoid Anatomy","item;item;item","false"
"the_rot_spore_threat_dossier.snbt","5F10000000000025","Three Environments, One Appetite","item;item;item;item","false"
"the_rot_spore_threat_dossier.snbt","5F10000000000026","Murder the Hive Mind","kill;item","false"
"undead_settlement_automation.snbt","5D10000000000004","A Roof for the First Crew","item;checkmark","true"
"undead_settlement_automation.snbt","5D10000000000005","Food Beyond the Living","item;item","false"
"undead_settlement_automation.snbt","5D10000000000006","Tools for the Silent Shift","item;item","false"
"undead_settlement_automation.snbt","5D10000000000007","A Warehouse With Hands","item;item","false"
"undead_settlement_automation.snbt","5D1000000000000F","A Gate Needs a Return Path","item;item","false"
"undead_settlement_automation.snbt","5D10000000000010","Undead Settlement Charter","item;item;item","false"
