area,path,extension,bytes,sha256
kubejs/startup_scripts,kubejs/startup_scripts/abyssal_recovery_items.js,.js,1017,23d67afa9c83c994cc780a6bf3619e4d114e68c691ec0143a3e9d1baf836aeb1
kubejs/startup_scripts,kubejs/startup_scripts/era_mining_tiers.js,.js,7629,3c8b79722a30d58b92cb14c23f6165b0b3dd7b101c6d2ebad79a483426fb9a8b
kubejs/startup_scripts,kubejs/startup_scripts/hive_world_items.js,.js,5281,cc0d5ce594832e6908c86984396462b31f39885dd3cfbf28bc4c026a84760e7f
kubejs/startup_scripts,kubejs/startup_scripts/industrial_food_items.js,.js,4835,9d225edc5d9b1b4bd648f5e7384786c6d61cbfe374b300d39c347c56179402a3
kubejs/startup_scripts,kubejs/startup_scripts/main.js,.js,12917,e1e05f6459f4b5beb96988e22a3c937371d5eba6f01c39a0fc2674754132f445
kubejs/startup_scripts,kubejs/startup_scripts/mineral_trace_items.js,.js,2968,2bde6c0ce26946b5e7b5af35192792f1238fc2410232d6a9cffe0516315fa7d7
kubejs/startup_scripts,kubejs/startup_scripts/momg_tool_balance.js,.js,543,7aa9895234c381e55bf30b26f2dd3993adaf1cf57aef070dc7481486068904e0
kubejs/startup_scripts,kubejs/startup_scripts/nuclear_fuel_cycle_items.js,.js,3454,cd92a8d6e95dbe7e3303c5a2ec370e34816c5aafd0c61eca1395b9e133afee10
kubejs/startup_scripts,kubejs/startup_scripts/old_world_evidence_items.js,.js,926,acf03e96959c9a13b9bb0f97f23f5a1d25e337efa65281b5a69f9a08986034b9
kubejs/startup_scripts,kubejs/startup_scripts/old_world_narrative_items.js,.js,2121,9deb151e8b5b9a84c4a8ce0165c8d103c7573c092e84063e18e3ffd926aa9218
kubejs/startup_scripts,kubejs/startup_scripts/ruined_functional_blocks.js,.js,571,3fdb448d0d903fae63bac8fa915c1308fa82ec69be5a28715586bc368c13d03e
kubejs/startup_scripts,kubejs/startup_scripts/ruined_worldgen_furnaces.js,.js,4702,03dff7ab1a346f5730dd6933f603b537b5f3863e16b934da31e272f424acc72c
kubejs/startup_scripts,kubejs/startup_scripts/space_industry_catalog.js,.js,12844,287a11edaa2360ef4d5d23df8e8f1bbee245a40b3ae24cffb56ed4234859e0eb
kubejs/startup_scripts,kubejs/startup_scripts/vanilla_placeholder_tools.js,.js,628,ca8f5ea2bb43078bbb80703253a3e938031deaece7f32588904f1e783fcf0dbe
kubejs/server_scripts,kubejs/server_scripts/admin_spawn_claim.js,.js,9006,e6f4364f4e63e0275563c5b35102f746676c2649747bb0956726637332393428
kubejs/server_scripts,kubejs/server_scripts/antimatter_annihilation.js,.js,656,4b0839e585f9db88ddfa2368c59e6b921972d2dab6680f2cc5b697e880e8760f
kubejs/server_scripts,kubejs/server_scripts/create_ultimate_factory_progression.js,.js,662,6a0b2181a35666afe15abacfdf8821c80195a9d53d7cb8cf48f612ff691a8d2d
kubejs/server_scripts,kubejs/server_scripts/cyberware_system_conversion.js,.js,3401,2fe793220fb1646a7488b49dfe74effb9759afaca99759b0158c18ba5b97d6d3
kubejs/server_scripts,kubejs/server_scripts/darknet_anchor.js,.js,5613,3b71c33de7dc31af7c2180290f517fb2e3eb044705b3690b1460b928f8ba7ca8
kubejs/server_scripts,kubejs/server_scripts/darknet_session_injector.js,.js,5370,2f88b62d37de60b793c4fedda0281f0c3447c1b4ee448d220b8524d3f8854c76
kubejs/server_scripts,kubejs/server_scripts/era_reward_bags.js,.js,7879,46f726486fecd59d06ff86f339a3f82434cb0669dc28adc460cb04b42470c8af
kubejs/server_scripts,kubejs/server_scripts/gateway_of_doom_dimension_lock.js,.js,3277,4dd9c8cce2f45e87e9eb72d56f63196d53321439c4a8c3f4248bc84d7463f3b4
kubejs/server_scripts,kubejs/server_scripts/godtier_antimatter_capstones.js,.js,1347,93519350024713de5f9eb33830f0312d40d694c7a6466f9c857fdbcf043f66e0
kubejs/server_scripts,kubejs/server_scripts/hive_world_atmosphere_proto.js,.js,9027,f8e872e5e9de37374a307fff338998ffe72c60861f13188e177401a86e9116dd
kubejs/server_scripts,kubejs/server_scripts/hive_world_expedition.js,.js,12578,05242cbb322c934453181e692d48d8f09402a23d4a344d843d86a85aeeed84fb
kubejs/server_scripts,kubejs/server_scripts/industrial_food.js,.js,20878,9795a5a8bfa86ba89230755aaaf8ec10bbefdfaa50340ee12c8e2fd86428da52
kubejs/server_scripts,kubejs/server_scripts/industrial_food_containers.js,.js,469,6f2db5e892952aaa75a306fe6377bc4e58ec538723bb2fa7ee4a28c26ba41e53
kubejs/server_scripts,kubejs/server_scripts/main.js,.js,1765,15b27f319a02d347341e48a336c7dab3dbbf4cda62a8ecd794c8debd5e181830
kubejs/server_scripts,kubejs/server_scripts/mineral_trace_ore_processing.js,.js,3736,fa2da08f3d42ba946de026b1116b780ba0707ee4d77fb4981aac39c1480558db
kubejs/server_scripts,kubejs/server_scripts/mod_compat_patches.js,.js,1106,e4ec5559fe4a99614a0667e4b07cbc03a5cf29ee0039da20fea4ea1ac055c87e
kubejs/server_scripts,kubejs/server_scripts/nuclear_fuel_cycle.js,.js,7164,5cc67bd7f33283c0a503084e1c6a1c3cb53c279e7c01c49c1b9ca3457e4dc9c6
kubejs/server_scripts,kubejs/server_scripts/organic_metallurgy.js,.js,7143,c3d4705e64d3285dab1a4596a3da2ac9e09b392c3460c21076365bbd0bf1a5b3
kubejs/server_scripts,kubejs/server_scripts/organic_secondary_uses.js,.js,4375,3d931559d93e40cf17c1dce5851a11bd090491982871d5f1018d5acbb94a2ade
kubejs/server_scripts,kubejs/server_scripts/ruined_functional_blocks_recipes.js,.js,931,d70468bb5170e7a357a7fa1ce1a520079e032f545b0cba38e2c611da933167e2
kubejs/server_scripts,kubejs/server_scripts/space_industry_recipes.js,.js,17841,625ef9906e4e61ea8bb5348cd23c358754b8bab8977de5707e23b00bd4a77fa6
kubejs/server_scripts,kubejs/server_scripts/spawn_hub_hostile_protection.js,.js,1793,882af3e3a0556b30c3f287ab072dea3cb27aea13aea38554fa4b3bc5034b27f1
kubejs/server_scripts,kubejs/server_scripts/spore_analysis_samples.js,.js,2468,57810068bc0998da602e306e82c59c2c037756aa977fb1178bd0bba5ef9e95b9
kubejs/server_scripts,kubejs/server_scripts/worldgen_benchmark.js,.js,8116,f9c8ff17e32104b8a800398e5508e6ebdf25cb482f652f8fed8caa0a8b2e6e0d
kubejs/client_scripts,kubejs/client_scripts/cdr_contractor_ponder.js,.js,7020,59ae29ed1ea30b07b4df947d950d93c85f12e5136702c9d6ff9ecbedb411f1f1
kubejs/client_scripts,kubejs/client_scripts/cdr_market_ponder.js,.js,7905,239333030128701caf1c9efa114fbf1255ffedd0b29fd1391dd0105c624df0db
kubejs/client_scripts,kubejs/client_scripts/cdr_p2p_ponder.js,.js,3190,e6b3fda9bb3b0e20852ed20ace2e2db219534123fe5c84172bd53c252e365921
kubejs/client_scripts,kubejs/client_scripts/cinderstack_portal_ponder.js,.js,3917,49f1dab9424535340b3344fcf827f25db8259c04cccd28168ec9ce703a2c29e3
kubejs/client_scripts,kubejs/client_scripts/cyberware_system_conversion.js,.js,232,84410812c01b8f91ba17cfa0deaa232833a8ce8143f2a7fd6b91edaa0cd6aced
kubejs/client_scripts,kubejs/client_scripts/main.js,.js,116,3df46f0add819bf2602642215b5c62f0581ffdaaf97e77c80a8c4d966e05adcf
kubejs/client_scripts,kubejs/client_scripts/ruined_worldgen_assets.js,.js,5431,9c590525711e7f20c6d63de93d919f67eeba6da5b1129d11fb203fb2ff807f3a
scripts,scripts/__pycache__/analyze_worldgen_benchmark.cpython-314.pyc,.pyc,14401,7b3c744082a9094f2008fdc62071fab61cbb877fc4ee4588bca48d3f5fde8148
scripts,scripts/__pycache__/apply_deep_recipe_integrations.cpython-314.pyc,.pyc,15984,7f809a1a5f2105ab33411e458331bd285b2918787c9a6c0196f0c7ec5844447b
scripts,scripts/__pycache__/audit_graveyard_gateway_containment.cpython-314.pyc,.pyc,22591,78a4f9f8c9cd1992f8e38115fc8ea3dd1cfd88bc180c3aaf4f942ae84832c163
scripts,scripts/__pycache__/audit_powered_field_engineering.cpython-314.pyc,.pyc,20533,bd83d9337e737e1b1ff0870150e73a77eb8745f23a07db03788d5205e41464e8
scripts,scripts/__pycache__/audit_supplementaries_civic_utility.cpython-314.pyc,.pyc,17615,e3ab63dd11b56e111241a82a8dfeea57e0bcb36d68c0937f9dd98e19f60dc394
scripts,scripts/__pycache__/audit_terminal_quest_theme.cpython-314.pyc,.pyc,13913,06570d7fd298e6165c52cce0156b534589e612b83e15b1232f813994337ebc87
scripts,scripts/__pycache__/build_regional_programs.cpython-314.pyc,.pyc,50919,2be4682aeb9b0dd29197c4507b0ebb824aa0c41f530532b8bd8ac950361e2368
scripts,scripts/__pycache__/build_structure_provenance.cpython-314.pyc,.pyc,19092,591ad4a6c16c2630661827a4657483b024fa8eba318a19876b570fea02ad5eb5
scripts,scripts/__pycache__/build_structure_qa_world.cpython-314.pyc,.pyc,95196,40c8044a84d142ec1df7596df19126826ead65c587e86d652af04fc9a352c09f
scripts,scripts/__pycache__/compile_production_structure_pools.cpython-314.pyc,.pyc,15851,37d1d49d819e2cf9da75e54b68634acf67b2995dcbd88be5ae650115b9c643c2
scripts,scripts/__pycache__/convert_nbt_to_lostcities.cpython-314.pyc,.pyc,24306,b122f7e448a7c2c6c7c25af91defb773f2ce9d0a2ab4323ffd3b60cc3fd6768f
scripts,scripts/__pycache__/extraction_family.cpython-314.pyc,.pyc,19301,69e84c5a2ba61c164003ece9e861ce39f4c7db424147c386a955004b81890bcc
scripts,scripts/__pycache__/generate_karsic_sites.cpython-314.pyc,.pyc,19183,803773222db920698b912ccbb7dddb865d7ae779eb86948aa1d361082f1e799a
scripts,scripts/__pycache__/generate_wasteland_sites.cpython-314.pyc,.pyc,511985,bfaa53a60d08790b8b77564865f9a9aa15009bf011cc407a7a8c3b36256d68bb
scripts,scripts/__pycache__/habitation_family.cpython-314.pyc,.pyc,53715,0634eb95d6d7948389a906ecf21a6a76424f7d804fdd85b49c606dfb8566c48f
scripts,scripts/__pycache__/patch_regional_biome_routing.cpython-314.pyc,.pyc,8768,6875a7cac4c10b7a5432bff587f0917b63834d37fb7efffb9af483241575eb0d
scripts,scripts/__pycache__/render_structure_review.cpython-314.pyc,.pyc,30110,4fb028e22afac4321d6ae0fd0eeafd6d0d1e3bc233b948a03c49b87a66b29957
scripts,scripts/__pycache__/rural_processing_family.cpython-314.pyc,.pyc,17893,5620c722b87433f36c985b8ec96a93b113afd4940e1b5f7e6ca334085fd05b9c
scripts,scripts/__pycache__/structure_geometry_lint.cpython-314.pyc,.pyc,47449,21bab4626a86d9d5889598f01342cf260abc2cde6eee29aabf7a6ebb5a37e07b
scripts,scripts/__pycache__/structure_geometry_primitives_v2.cpython-314.pyc,.pyc,28695,35b57c35932160de1bc9089f18a6bcae674b2cd8ad1754be340c0b5fdd634e5b
scripts,scripts/__pycache__/test_worldgen_benchmark.cpython-314.pyc,.pyc,2947,e2d22d6a1ea637f20a2f0b8bb418174ad5a051a32c208b5a9d8afe7c1c32e22e
scripts,scripts/__pycache__/transit_family.cpython-314.pyc,.pyc,20666,4130546f1673a487208d17f249f5d82a2956b1b9b63492abc2accf542568f3ba
scripts,scripts/__pycache__/urban_commercial_family.cpython-314.pyc,.pyc,26690,29ba83c07e9b2454c4cb527b87d1ee99845867f4241d515c8fa450562fa532f4
scripts,scripts/__pycache__/utility_technology_family.cpython-314.pyc,.pyc,45637,bcce42d5e40656611064e1c84012516df8870d43318bcd8c58c6af2c1afe9ff1
scripts,scripts/__pycache__/validate_extraction_family.cpython-314.pyc,.pyc,8694,b9944d132d846e624c5cce1528456bedf02035857e608536dee6947aa64c06b0
scripts,scripts/__pycache__/validate_lostcities_conversion.cpython-314.pyc,.pyc,15410,55120b980ab3ffd7f2ffe9407a21f866f5cec0e26e513ea848a453fb66725a71
scripts,scripts/__pycache__/validate_overworld_geography.cpython-314.pyc,.pyc,29877,9fce0e2d47ab8d87579e438b855062dac490b1beac52709a70e5316e2b68839b
scripts,scripts/__pycache__/validate_production_integration.cpython-314.pyc,.pyc,16407,de3e78863cdca3f493a11384d2e6b00e2852da6bffc7ab2251ddfe3ef1152434
scripts,scripts/__pycache__/validate_regional_culture_gradient.cpython-314.pyc,.pyc,22727,846b2692d4cb1400a90aabb8a4c8d9a766008e6d547b54193381772a7a6a8b5b
scripts,scripts/__pycache__/validate_regional_structures.cpython-314.pyc,.pyc,26569,5a87d5f3d59c1e87bcac3241eae60c7acc8760f1f87a391a6bb2349f741e9e28
scripts,scripts/__pycache__/validate_settlement_archetypes.cpython-314.pyc,.pyc,8518,6f0e15611e0046f2ed8f24ffa3a280bf91029a8a290ce09f9b38dd137d2163df
scripts,scripts/__pycache__/validate_structure_corpus.cpython-314.pyc,.pyc,12722,f704094fc447bff44f54346aafbfccf3fff25afdfd7d6f9ddb8e234f93ae2771
scripts,scripts/__pycache__/validate_structure_placement_contracts.cpython-314.pyc,.pyc,10832,1a8f9e8bbfc430c8ed700cec435d416734f3b3a64110419e14416d47a2dde6ae
scripts,scripts/__pycache__/validate_transit_family.cpython-314.pyc,.pyc,8786,8a12bd0cb9d8694f207c3808764d0faa4dc3d73fd944348322f629f6c4280b61
scripts,scripts/__pycache__/validate_worldgen_benchmark_launcher.cpython-314.pyc,.pyc,13886,b98263611290c4e59015d92c2f3ed218ab15c0ead65a4ecf70758ccbd3284740
scripts,scripts/_old_world_narrative_structure_core.py,.py,65548,ba5e235627c2b2ca7864daecbd999f536f448d530d3a94e7938b00b33e5150ab
scripts,scripts/advance_old_world_heavy_rebuild_target.py,.py,5616,dce8027c8ab9d6703eb551e892df85b9f29395a580e23ff3fb43396d3d9201d2
scripts,scripts/analyze_more_ores_more_gems_ore_hosts.py,.py,3135,ac0925c2fe899ab5d09debf9d3e873956796276d489b5c5dd57d316a0884d746
scripts,scripts/analyze_ows001_gate_c_visuals.py,.py,10344,9e741ec8c4207e8b1692767bb7f0324d75e6c4e40d18e08ce5f766ea7caa85fd
scripts,scripts/analyze_ows001_gate_d_visuals.py,.py,7145,fc9a32efbd0bb352ec860d4b5fd0895e9e53c64f947314fa66e09b364bf528ea
scripts,scripts/analyze_ows002_gate_d_visuals.py,.py,7186,1b1daa7d113283ed49390d9a8cc93eca3c133433c82a7404dcf9fd34e76c092e
scripts,scripts/analyze_ows003_gate_c_visuals.py,.py,8192,f0ffb8fc3ba784ed7f5601762344eead16e327dc57dfacfd8c1b9e83e732f648
scripts,scripts/analyze_ows003_gate_d_visuals.py,.py,6116,66ec95a3a7f1f4753338d47ca8997d6cf04157a0ed54351ce09e6261841aa62a
scripts,scripts/analyze_ows004_gate_d_visuals.py,.py,6117,ccf234890c638da9b7016085dc6b8b8ba3660ae3e6ff47c62a830ab5ac5fa32f
scripts,scripts/analyze_ows005_gate_d_visuals.py,.py,4435,6e2893bb085eb7bf4eb4c9e09036e15a66eb96a30e0c0e4c542d8620a827d4c9
scripts,scripts/analyze_ows006_gate_d_visuals.py,.py,4447,ac4b5689a0235be6a35581ea112a285157c4c661865e150951e866eb15453b36
scripts,scripts/analyze_ows007_gate_d_visuals.py,.py,4956,993ead8e11ff9d8047842f48fa8ab0c4079d1d649eeabf718e4915783e50d7d6
scripts,scripts/analyze_ows008_gate_d_visuals.py,.py,5310,eee5952133489c5b24cd277504fb5fc09027a8438503edd4e81f056638e3a63e
scripts,scripts/analyze_ows009_gate_d_visuals.py,.py,6008,0652141ecf33730ea7f8bf1522e7825dfbddd569ced9739f245d824354aaebcc
scripts,scripts/analyze_worldgen_benchmark.py,.py,8760,05e18cdb763ff0a9a9c46eb5507994b316aa2c986c0172a80a07438b684ae309
scripts,scripts/apply_deep_recipe_integrations.py,.py,12777,6ea14312e7daf2e6f99c5ff909235844de0d5b663d5a2c73398278f755bcd4f8
scripts,scripts/approve_ows002_gate_c.py,.py,3589,10f753955e8098898cc486316da57eb188573cb7c0a69fdec6d57663fd610df6
scripts,scripts/audit_authored_asset_references.py,.py,2945,b5ec381598a6115975a4c8a8e46d29fb9c05f884ee602001d2ff4acc56b0b39a
scripts,scripts/audit_brewery_winery.py,.py,3311,8618a6ba3615ce1d973bdfcf9135cf73f9e23e61240d5776ec9ee31f144cb8c4
scripts,scripts/audit_companion_mod_packages.py,.py,7197,6462d2a7cbcba61b31e88c203f9ede7f35f83c13285e1624136901c3405dfcf9
scripts,scripts/audit_create_applied_kinetics_quests.py,.py,9610,1bcd0f7b89a6f3f7834fcdefa33858df7d35c2eb76a0e505069cd522964735b5
scripts,scripts/audit_create_big_cannons_quests.py,.py,13616,437c2cfff4ed36949f68fad8fb35fd37a2b6be07dff13d137ff4590816e11e09
scripts,scripts/audit_create_specialist_workshops.py,.py,15484,669601a061ef0cc5ed64359f6adec1938ae17014bd46a42fb106cdc3be5f8fef
scripts,scripts/audit_custom_content_inventory.py,.py,10682,dc8bd627653ed4f49488dd733dc6447996e94cb6d488ea3a6f472ad1224808cd
scripts,scripts/audit_custom_item_textures.ps1,.ps1,4700,27db8f8757e86b7891b3a516165544929d37980b02100d33094ed97c4f4b9b29
scripts,scripts/audit_cyberspace_darknet_campaign.py,.py,6032,bb27bf2871a0ff85ed2d23e96ab7d7645b9ea03c5c6634b169e824fad3ce5e04
scripts,scripts/audit_cyberware_mastery_expansion.py,.py,5590,2bb3246eaad187eee1920833cb8b3d89d04f17208c0164b2c6abfde9d72ed265
scripts,scripts/audit_darknet_anchor.py,.py,1874,c09c0cb62ffe2159724abe283d868125cd1d53be5e4fadde27205e726f3d7c97
scripts,scripts/audit_darknet_broker.py,.py,8069,71b664b4810f2996ec3b57fa0fe86740f48976010eef3a5f56a65fa8750f0e10
scripts,scripts/audit_darknet_data_nodes.py,.py,9482,274ffdf10c253595a5ff67acc744412c62f89ab89e35c8ec72d51cc59609ecb7
scripts,scripts/audit_darknet_ecology.py,.py,11733,3c8f528601c8095630e42825ae07d6b4b14b9dd38a65fe678d374406ec57164b
scripts,scripts/audit_darknet_worldgen.py,.py,10785,7ca1ed596ae5e9eb5a5516c648374d631b733fba3a5f4922d6433b6caef1a495
scripts,scripts/audit_datavore_dragon.py,.py,3881,5a19178be69aababb1c4908449aa5964eb8eac54ea66aa4fd97685dc98b1c2fb
scripts,scripts/audit_domain_compendium_candidates.py,.py,16903,3ce9df753852e98c949fdf15865b198e89801109a6b1deb756606c2fc42fe340
scripts,scripts/audit_domain_compendium_chapter.py,.py,7410,167cba3b809f467f680af0c46a041afbda687a78338cec22bf46072918ec5acd
scripts,scripts/audit_echo_stores.py,.py,4533,f262126c63354797e09ab3f319d840be566d6fcd4a6c0ceb7cff2995cdcefec2
scripts,scripts/audit_era0_pack_basics_quests.py,.py,12165,7740228c3c6cf6a40121244efc3d20de96b32c534bcac78d16f0ceb3c2aec8dc
scripts,scripts/audit_era_recipe_integration.py,.py,7299,37ccd2e86240a5b085fd9adb891eb631409091dd6451b16568b607cbfe59b3cd
scripts,scripts/audit_era_reward_bags.py,.py,3292,201c206645572b43aa98446365141b5f55ffcd11d47659e00ac7e9ad78defb4a
scripts,scripts/audit_ftbquests.js,.js,13346,965e85d9c0501b89baaa48dc8b79ec03df677d7a93c00fbf6426746fbb4baf68
scripts,scripts/audit_gateway_of_doom_config.py,.py,4933,c339665d9e2ab018170f201220f2d1a02080d82d96060aeecfc53bc5890a2711
scripts,scripts/audit_generated_state_values.py,.py,10273,0cf4a8b170a9c2130ba05f28464f15864a5e82688db1955dc42ed93e0d374f56
scripts,scripts/audit_graveyard_gateway_containment.py,.py,14761,5de0506b849f4267d116b885e859fc3351eb14ed0fda7dedfcbed3c838eea92b
scripts,scripts/audit_inbuilt_structures.py,.py,12452,f74c668c3590479d2b68889de178802167fe692df18c79016a3a3b7d8b5d8ba8
scripts,scripts/audit_industrial_food.py,.py,11624,392977b50c901e433b81b31fe73c05419cd664f04a9dd0b088545e11753c59d2
scripts,scripts/audit_industrial_food_balance.py,.py,9280,2a9039e1def42fd66df326d3f3efd732e8b7b319a13fc043c5a033fd25cdbaf8
scripts,scripts/audit_jaffa_quest_line.py,.py,4367,fbd06e42e723c7c1ba2d2d05c7b726569ff90952d6964d5ec1a996c98ef90aef
scripts,scripts/audit_loot_table_references.py,.py,2808,e7dff6826a92534e542ea9158e974b0be4ab8c14f20d6a95128d17c8470ba70f
scripts,scripts/audit_mineral_trace_ore_processing.py,.py,2435,2077080dfe0513c6e66b64ceef9d24c2ec0c9367b0fcd8856df7d700552f0f2c
scripts,scripts/audit_mod_signposting.js,.js,3953,f8a6f32eb16328625018e1c9914450808c4eba383e25cbc9bbaa7a2bfd3ef5cc
scripts,scripts/audit_more_ores_more_gems_texture_scope.py,.py,9454,92f6ba417d749e42697578a161a5c949b39b5bbe580624cd63069a15c8b420d1
scripts,scripts/audit_mutant_mekanite_threats.py,.py,2253,b8cae968998f39c6346ecb6984eda93fa243efd9a8737b067e961d9618a047da
scripts,scripts/audit_nuclear_fuel_cycle.py,.py,11734,7d9c19f1c2cdc371ec85bf58daa3687e00858dc4018abd9933126fe826d72393
scripts,scripts/audit_old_world_evidence.ps1,.ps1,2332,d65dee75ad0c5b10939368f008a131b533384c493695d6c6ab9ad7cc8fb5e4ba
scripts,scripts/audit_old_world_registry_conflicts.py,.py,1778,67afdc1e151abf7713396b3a2b482406e2b7b063feb79c2fcb167ac5fff81d87
scripts,scripts/audit_organic_metallurgy.py,.py,9608,d06cda16cecad6aec2587a36cfda0a0eedd7703ecd7b86dd440e58f6a45cc295
scripts,scripts/audit_organic_secondary_uses.py,.py,19056,0787e1fa363eec70bd641321a7dfe105463c94b71c8e542f9fdd78798576d5a3
scripts,scripts/audit_powered_field_engineering.py,.py,15020,61227ae87132fce6956daecadbca900ce6d9095a34622c0da7df43bf1468f952
scripts,scripts/audit_powergrid_batteries_quests.py,.py,4692,1e712936ec43615a792e429f50bcdb14f280404b582c225c75a7517053d878d8
scripts,scripts/audit_purified_water.py,.py,2360,0da9c668d970221dcf6d4534b16047e81bcacbd187450622d81820836d8b239b
scripts,scripts/audit_quest_tree_coherence.py,.py,48434,e41489712fdb8d1e31cef4ba62186fd909da5fb8240e6c1e2ac8ad54c79f4654
scripts,scripts/audit_quest_variety.js,.js,2892,cfbe0269391e7f97382e0810f83fdc4800429f8cd49def6e514e9843671d71bb
scripts,scripts/audit_reautomated_quest_line.py,.py,4098,25cd9dfc0544bf0fee02a1948db16179e6feb9df6c867d2c34f4c3f39e860741
scripts,scripts/audit_recipe_item_references.py,.py,4246,50d99004dfad139cc7676d0dc2e4303c9079114313fc53c8b16aaeaab648aa0b
scripts,scripts/audit_ruined_functional_blocks.py,.py,12985,87b59602265c5b508e74e2db779b3e1c769ab997e85f16961c38f0b368051f8e
scripts,scripts/audit_runtime_log_ownership.py,.py,1993,d93ffe165b2dd98d4cefaea459b7a26e1de5b3adb5f32e4cca813e6abf9fc665
scripts,scripts/audit_structure_block_fitness.py,.py,8887,ea41c1f22367f13d4e533c4410ad65573d5d5d8a617320e4df755642d8a715a2
scripts,scripts/audit_structure_pipeline_completion.py,.py,9705,f68b6affb0a80e811e1c35acf62ab0fcc2214b8d6f7c75c066b82b19d382799c
scripts,scripts/audit_supplementaries_civic_utility.py,.py,12278,7fc3475233e176c9ebd2a5bdcdb75718833a93d8ff73ba43f227117ca9c69033
scripts,scripts/audit_tag_references.py,.py,2205,981dae44fd84904d32216d8dcc9cde69c4bb52a821ef1256b30a98b488547d02
scripts,scripts/audit_terminal_quest_theme.py,.py,8403,68a62b0bcfbfb27e641006241fe69808178148ce0754b41ffe001d8d1e467bef
scripts,scripts/audit_texture_quality.py,.py,8809,2ed592e42703f8d7e84b3a62e7c12bbd1155de3d040598022b92f9934d883128
scripts,scripts/audit_unified_radiation.py,.py,4227,cac8524569fdee2a64dda5db3df104f794f26e15e579301d96ddce71d5d9600f
scripts,scripts/audit_vehicle_qualification_quests.py,.py,10943,512c99bc8b392d1360dbfe328843a204aee6a1ce5d9d7fbd8d51c217e9741f96
scripts,scripts/audit_wasteland_structure.py,.py,19823,60fef7ea9e990bee2d714f7bdb6ccb54355247857a2fe2d84d0f1387cb66e2b3
scripts,scripts/bootstrap_worldgen_benchmark_server.ps1,.ps1,2415,31a9b37af1aa36d467ac03173f31435fb82d24411e18112def00527c39844e0e
scripts,scripts/build_create_nuclear_balance.ps1,.ps1,2886,5bea33bd7cf3d15039dde3841dc2009706a217b2b6593af5b982572ae6a8b59b
scripts,scripts/build_creativelands_review_catalog.py,.py,4805,629b16e076745df0e814d4fea37039872554d49bd0fc0a71b0893387843c873f
scripts,scripts/build_cyberware_mastery_expansion.ps1,.ps1,2865,3928c3bcae25627168f559e19c325e9cc1e8165dcfe84eda3ed928466cbb0958
scripts,scripts/build_darknet_worldgen_patch.ps1,.ps1,3365,ecdd84c7f1ebc11f4b8a8b6afd85f69f7d9fe1c691bb9f2aaffc79be674584ae
scripts,scripts/build_echo_numismatics_bridge.ps1,.ps1,2942,e42cf07eb47c7011537f61475297b7ad44f383265e7fc67bec74e1892859de1b
scripts,scripts/build_effective_recipe_index.py,.py,16798,8d79b9d0ac224890e495016709296b269a1f7d6c8f94fcdc2f90777737abc289
scripts,scripts/build_hive_strain_roster.py,.py,11482,0a443c7f1711a11fdf8847a9773d2f056fe445a537d27f9de96f29892f13bdf2
scripts,scripts/build_hive_world_companion.ps1,.ps1,2670,8b566fe170cbab8db5dcc5e08ba0da0788617ea2bc28bdf3546551de09ef8746
scripts,scripts/build_industrial_food_assets.py,.py,12085,14377674829b4c9bfe561e9351e64d7ca966947645014723abb648ed64934b82
scripts,scripts/build_lostcities_highway_compat.ps1,.ps1,3249,90aee144fd89c22937c8d1352340993bc2a4a04d5f6241f13b452b448138415c
scripts,scripts/build_mod_index.py,.py,7529,2587b09718ec3270b31d893cc16996a1104229f9c2fafe8c3dc1188920f0ca1a
scripts,scripts/build_more_ores_more_gems_ore_variants.py,.py,8049,54b72b74adf5dacf39f0c77ff8549d53c03a139545c37a7fa7904866835116d4
scripts,scripts/build_old_world_narrative.py,.py,15052,fb7ce8db6b51dab16bad904758f9d4fa3ee64681dd3337412a0470e94016fc60
scripts,scripts/build_phase16_selection.py,.py,5055,12742ae161d65292893006cf542bb0013b0cec9b25654228b2676b71f4bcef15
scripts,scripts/build_progression_item_textures.py,.py,9144,7347f2732ef626f016f430dc4bf7f52e04a85625efb357f284ce6e76d817a692
scripts,scripts/build_recolored_item_families.py,.py,2545,e7b3ee28f406ca3ab521736a66aaf8e0a6b60394420b9bd2a640945f040044d8
scripts,scripts/build_regional_assignment.py,.py,7222,a1b0683345e2515ec0f2e7f3f3e77c1ae154b8500cff20f25e5f9c796132b169
scripts,scripts/build_regional_biomes.py,.py,9041,34cefc7b4b5b588f96741cbaeca2b6f622bb872b4cf4a8ed4012502a18f873ee
scripts,scripts/build_regional_programs.py,.py,58811,d44f8566e6aec5ebef7d7087c97990f04d3909055e3992f3ecd25bade4f1fe41
scripts,scripts/build_spawn_biome_preview.ps1,.ps1,3541,314a8de3fa8e9cf75a3ec5d033e5828ff1e3eba245dfefeda23217c2dba773e1
scripts,scripts/build_stellaris_space_industry.ps1,.ps1,3438,e0edf7acadefcd8efe91bfed631b93ef8a3649203a661d76fa48f65325ebb727
scripts,scripts/build_structure_provenance.py,.py,16351,4ae4e2b9ab6f225bb2ab79521ac7b1de70a45c9b47dce8047ee70a97559d47e2
scripts,scripts/build_structure_qa_world.py,.py,63542,d5f1ff5915016c4b583ab6f476223aa267b4e523ee2f656886740a374ee83495
scripts,scripts/build_structure_review_ledgers.py,.py,3184,e623226dcccfd74578cf47c8ab6b510404ace0ba0ee2ae3c57fff424a534a731
scripts,scripts/build_unified_radiation.ps1,.ps1,2807,6b7104c07122fa98a1210c55c1da7525073916e2a28e4137ac4898442e2967df
scripts,scripts/capture_structure_runtime_review.py,.py,5007,a0b6e011d25becdc2cd95d97520b61b7e4fc09eb06f9588e08d4e115fce50642
scripts,scripts/compile_production_structure_pools.py,.py,10321,f044f81b5c017322781c8f20f793e4279302c3b70850de0e597922bab493b58b
scripts,scripts/continuity_offworld.py,.py,10318,c4f66dcef04a6708c5c4a2df019320918c16b85a9fb4b088c1d382cf671b7b9c
scripts,scripts/convert_nbt_to_lostcities.py,.py,15948,2883bb6a5696efe7506f276bbfded7638999c74eaf98fdff40cbb1580739b867
scripts,scripts/CyberwareTextureGenerator.java,.java,5901,11d148e6bab1e778e6fafc0490179a5c045ab3520a80b6dd3f6fff9f0581d03b
scripts,scripts/DarknetOverlayTextureGenerator.java,.java,2738,a0e0780766d41c9f87b268858e33ee34a5c59a17d79e91ae254146681c1ec1e8
scripts,scripts/DatavoreSkinGenerator.java,.java,2448,4c5635b4818464dac62c27827abaabd6f59fbb4999acc20e4736aaf1a0725cc6
scripts,scripts/DragonTextureGenerator.java,.java,4353,1e4771a603d47a903519dc5774f9387b920eab1a9f82788da16b7148f833cea0
scripts,scripts/endgame/__pycache__/generate_hive_world_band_districts.cpython-314.pyc,.pyc,8877,957498ef367e7387961325e4ccc6fa3b894e622cbb69b5cbc09b48983484bc47
scripts,scripts/endgame/__pycache__/generate_hive_world_biome_routing.cpython-314.pyc,.pyc,6129,23ef72b4ba4fd786507c0bf0845155f9f547f95ee00d1888a7618deba5d36526
scripts,scripts/endgame/__pycache__/generate_hive_world_biomes.cpython-314.pyc,.pyc,8547,96b50f52f43e3e71d00b942382c72cd56805d0f520df471d36d9a3cfb2058c96
scripts,scripts/endgame/__pycache__/generate_hive_world_noise.cpython-314.pyc,.pyc,6617,3e3da7a8e58424ca40ab1de15562dcbccf430151da759f4f7d99c69f15fe4c84
scripts,scripts/endgame/__pycache__/generate_hive_world_structures.cpython-314.pyc,.pyc,19264,6f9ad294523948b21a5b1fff98bde6d7c2bfb3c7f6b4c2eeb378ae4e73e19308
scripts,scripts/endgame/__pycache__/validate_hive_world_biome_routing.cpython-314.pyc,.pyc,26208,29b95e538813c585e7f145c85c67b905df05a74146774540d4930b2efbc68d37
scripts,scripts/endgame/__pycache__/validate_hive_world_modules.cpython-314.pyc,.pyc,18351,eeb8b7106dc4fd12d01e7e1b518e48c5c9baaf97e78c6272ecdd6524b24658f5
scripts,scripts/endgame/__pycache__/validate_hive_world_smoke.cpython-314.pyc,.pyc,23991,2936451c14624f6d7d22a4f622ca9e10bddd31ce21b53eb22ccdc609db68d642
scripts,scripts/endgame/generate_hive_world_acid.py,.py,2295,7a08c83e5b49e4f980f2e78d470db499ba84340658c8dcc9fee6d965be47aadf
scripts,scripts/endgame/generate_hive_world_band_districts.py,.py,5284,ab84cc4d7ca49a64c276f5eec96d6cbc553b9e4a30dc03e250abae0bac401444
scripts,scripts/endgame/generate_hive_world_biome_routing.py,.py,4451,3cb88669015e27e46b5d5b67b5b7ab8c7f8fd85cdbbe437ad925df36793f4cbd
scripts,scripts/endgame/generate_hive_world_biomes.py,.py,8097,a54917d473ff9afdaa65f9f7fcdce4fd864b4c9684d1b5b711bf87db73912337
scripts,scripts/endgame/generate_hive_world_density.py,.py,5616,4ab25de4cd555041b7f6e6ef5abafd9e41813015c3baec6c36207437c6d1aefc
scripts,scripts/endgame/generate_hive_world_features.py,.py,3105,7b06536e7753ee31d7d53a01bb63674544aaf2f7d0f9ee3228907155991495ae
scripts,scripts/endgame/generate_hive_world_noise.py,.py,6456,bb4a57d558b8ed323c939a06bf9b80465e222d9ea7a86d5b75989fe7f5312467
scripts,scripts/endgame/generate_hive_world_structures.py,.py,13008,41dd0848d368460e87c715e3551935ea690457973c2c8a6b40087634da96ce1d
scripts,scripts/endgame/remove_hive_world_spike.py,.py,3845,764ed55612ae7f23e318a3d83161510f2a723757c0ad4e9ef9cc9b28410ed64b
scripts,scripts/endgame/validate_hive_world_biome_routing.py,.py,19623,b2cfe316ff14537d314f62d292513dc606f8e2f0c052960eedf9dab1ef65bc8a
scripts,scripts/endgame/validate_hive_world_modules.py,.py,10860,0cf486f8606aae4f1ecbaf92a0abdfaae20d4089e4f30a7090c6d1bb164fc9fe
scripts,scripts/endgame/validate_hive_world_smoke.py,.py,16361,ce57c342e30a3f5984efb633804a2ab21cef787c1394b86a2da0e43d3ee83bea
scripts,scripts/enforce_explorer_map_handoffs.js,.js,5499,eb0ff1f241b27c6da395243804727204fbb0ed9a929e2523af6b6c4f315dd218
scripts,scripts/extract_creativelands_nbt.py,.py,8285,19d6aacc14523513041191bad70bf4cd8e82f4d064f0b86c6bbfddf91ec38063
scripts,scripts/extract_generated_checkerboard_alpha.py,.py,4133,447e53a6588bab7ca47c41cdd157f7e20a5141fd060d359f69c82c59893ba819
scripts,scripts/extract_modular_structure_kits.py,.py,8949,4b1b022d770ca6cb7f77cd017e372ae61806d102052161f5acafff6ce595f9ac
scripts,scripts/extraction_family.py,.py,15070,5aa770863361078e283e1676e53adf267b8d4c027bcc852278193b5e4b02ea87
scripts,scripts/generate_alien_structures.py,.py,21289,a6e4efeb661cbcc647e1c06ae2053d0ab1dee5e363939f783ce2d4544f27a4b8
scripts,scripts/generate_continuity_offworld_expansion.py,.py,15347,9a104a3848d1d725a254fe48bc85f9918a3fefbf0c989e81c71edf4e010736bd
scripts,scripts/generate_cyberware_mastery_resources.ps1,.ps1,11995,1a3edf0861898f73aa7bb995092a41a5bcdf0a0b86c4019507bef20dd11bcfc8
scripts,scripts/generate_darknet_broker_art.ps1,.ps1,6168,c675885f7455390ed25942ab856a03a6e0d743941b5ceb5cfba03a31b38eca76
scripts,scripts/generate_darknet_data_node_textures.ps1,.ps1,4911,f9f7ca8a5d88499f95699aa0335a94ef616fb23ab7a868fa1407aff629201e7a
scripts,scripts/generate_darknet_ecology_art.ps1,.ps1,7315,2e37cfb25c0a88b39c2deb5b6b7f1d04c7593b2578df18a57e65e1f3ed11ff0a
scripts,scripts/generate_deep_sea_structures.py,.py,153905,a81b5d47b37b41f5de37e9164332676f6704f3c803435cde2c0d22e097268b61
scripts,scripts/generate_gemstone_glitter.py,.py,15619,68a6e72456c6cc2e08b4e699f87a82b012493f0440b0cc87cd16bb91e8c9e69d
scripts,scripts/generate_hive_strain_textures.py,.py,6965,c428d4259790aacc720d884de3f82bd01b3041b4637c7e4e17f30a27b06b6d45
scripts,scripts/generate_karsic_sites.py,.py,12306,d666d9bae679056ae99521c57f3b59773f8e13f81572371855f062c03e0b696c
scripts,scripts/generate_lava_ocean_nether.js,.js,1385,21a44a2ed8e7d52d1c0a66d4f584c5d0c69e48b1e57dd8c28e75598c0c868a13
scripts,scripts/generate_minor_exoplanet_sites.py,.py,17589,c6654b9045e4b29fa2cc49da69571e86691bce99d0590af3e2a89fc68353f581
scripts,scripts/generate_old_world_narrative_structures.py,.py,37574,30ca71c174816c5433479469109f52c7a1d4b12a84b724175c9fee8016bf55b1
scripts,scripts/generate_road_module_corpus.py,.py,12635,d94f19c5aab70d3b04da7939eb67e44225a33117db23e93834f5dcd947abbb13
scripts,scripts/generate_spawn_hospital_terrain.py,.py,2969,84449fd78553afab03ef9dddff97c3e6dc584af3b76c09c7535bb25add159134
scripts,scripts/generate_wasteland_sites.py,.py,428301,2d0c84757fa37d7c4b91a40bfc4f984d1564159845641eb7a83895a0c436e6f3
scripts,scripts/generators/apply_charles_voice_templates.py,.py,5321,cd3aa624091f518166ef590ccc4eb7cdeccb706021afb25ea20b92612fe31c29
scripts,scripts/generators/apply_era_mining_quest_progression.js,.js,4867,806d0582747171a5c5d8598efd8f2a0475cccc84e32be7d0f16c314e34287df3
scripts,scripts/generators/assign_era_reward_bags.py,.py,6343,7fef0aee831023b47c639f16cc5babc9e0dc64f527b8a2574cebbfe3eb3af45e
scripts,scripts/generators/build_coffee_tea_quests.py,.py,1703,aec862dd1f925a744f02fcdbc5cc7cd80bbdbdc908cca67e03c7eada074a29a2
scripts,scripts/generators/build_create_big_cannons_quests.js,.js,11135,eb5061eccf549a3d0f23ba8747fd29b5c51e3277f0fee489b9e08e8ea2a40ccb
scripts,scripts/generators/build_cyberspace_darknet_campaign.py,.py,28981,f7314eb5c4d1544a3f5e2455e48ba1aae452a3ab6a8bb3f0d2124550d6e79032
scripts,scripts/generators/build_domain_compendium_chapter.py,.py,10184,12012a012c6a2ae9acc1c1b2b657f69099fa3c1ece28b28137294d2225931300
scripts,scripts/generators/build_era0_pack_basics_quests.js,.js,2211,e8e15a82501f72b18ff2e6bda9687008345c1a2e4b5d590ce73d9721dcf46d75
scripts,scripts/generators/build_graveyard_gateway_containment.js,.js,13676,6b45a5382b96ea197cda26f4a18484d70e5ebc03d8db4b0db30e33477ec4c9f7
scripts,scripts/generators/build_industrial_food_quests.py,.py,5505,14e8c08b849c1b6081e2ac7a9a6b2374b6a57e6874884e051c7e119d79f36b37
scripts,scripts/generators/build_jaffa_quest_line.js,.js,6440,d0cc925240d47ab192cfb1bff082e6fd9dd2af3d797209ba837cb97d8b7b1592
scripts,scripts/generators/build_mutant_mekanite_threat_quests.py,.py,20270,9d31988f0d8dcb9a52923c3ed394ca5e9d9ec986c9f762509b369df9ee537ef8
scripts,scripts/generators/build_organic_metallurgy_quests.js,.js,12077,fedb8f5a8e4169abf5e05094eb575ed02be58ce48bdb34e018f4970816bf300c
scripts,scripts/generators/build_powered_field_engineering.js,.js,11779,b896684f0c1ac77e25c6fbbd16f654d4f3733a81774d8a51be6ce82d90648844
scripts,scripts/generators/build_quest_expansion.js,.js,32346,10f860d3c7c521ad38469065f9a4e8cc9cdfe337d4c44b67acc0341f50d9a07f
scripts,scripts/generators/build_reautomated_quest_line.js,.js,7253,86193d4f2042f49ce9501a2b51e1ef2a10d3957e5cdb29ec0bddd1539c7fb305
scripts,scripts/generators/build_spore_structure_loot.py,.py,5202,6b6a601b7a90212749a3269143f297928575859924fd0b5c8b3b304fac0c65d9
scripts,scripts/generators/build_spore_threat_quests.py,.py,22878,66849b8a8d3fe63679ba0fdba55a6181372e9717ee68f596d77fec6561a13aa9
scripts,scripts/generators/build_supplementaries_civic_utility.js,.js,10786,24d92754dd91a921b69f68cd345cff567e2119b6ed5fc344ca57f37132029413
scripts,scripts/generators/dedupe_ftbquest_localization.py,.py,1391,28cc282a763fab7e7115608f313be5019d424ef9ddab13d5e3f01e0688b91776
scripts,scripts/generators/ensure_ftbquest_icons.js,.js,6253,5d53c6e5260c59abfaa895d6403b19a6d0dfac372c4656bb040a5f6ab38d8ebb
scripts,scripts/generators/generate_eras_2_8.js,.js,61224,42866a6d680b2ccda36fbcd136d6c2ac70bb42706c1efc300ddffc1fa8b6745e
scripts,scripts/generators/generate_mastery_quests.js,.js,15668,df7bd8777ffa5721972d10ec46e470ccbf1099e454298cbe5a4d8d210be3efe0
scripts,scripts/generators/generate_stellaris_space_industry.py,.py,58345,d5773c1c00301905b0fa381437e6d184c354d8526b5682a387272c3d78400d9e
scripts,scripts/generators/localize_quest_item_names.py,.py,2882,c4bd8cdb71a5d16603ea23fd4913397618b44f168a9ff693d85bbab2bd23d699
scripts,scripts/generators/README.md,.md,3290,61f573c11d0b49b8b42764633259df102c70eb348a5c27476f792a425144fff3
scripts,scripts/generators/repair_era0_quests.js,.js,6529,5f51204bea7cfdb477e9b315ef1a3367735f9fb3c033315ae6b36f716539e6da
scripts,scripts/generators/repair_era1_quests.js,.js,11532,9004d955bfe230bd500b31bfedc13e181b7f3bb240dc78b3e8afc26f4dd3b8dc
scripts,scripts/habitation_family.py,.py,37971,6a4b5144ee1be8f72eaf57a5a3763e177dee29dcb19d08c5ad8475951bf756cc
scripts,scripts/inspect_structure_nbt.py,.py,3475,dd7b7fcd1352dae50e9be3e9e82c329c5105138c6aaad92784b67c498bf31454
scripts,scripts/install_createnuclear_reactor_core_textures.py,.py,5867,2fc71d58ab35d6ec7fab2f78c7d2a6137b04925ce7e2392900759c02adadc8e8
scripts,scripts/install_generated_item_texture.py,.py,1670,96428cde7da94011a261e90b8b811f9cdce3dcc18bfcae13f92d89741e7b1a43
scripts,scripts/install_more_ores_more_gems_derived_textures.py,.py,26459,8a1baec364588cab2e1e7bdda95969365a734508ac8e5ee3b9a02aa92eee5206
scripts,scripts/install_space_industry_reused_icons.py,.py,13992,bfacb7ce4701064eb79ecdf347f0a8031d5a1a8a816f312482e6e0119c4052e6
scripts,scripts/inventory_creativelands.py,.py,8888,76a739b2cf6b1dfbc5c70e19629753893ae6cd9f37f15370ad61372e9fb987f0
scripts,scripts/lint_lyran.py,.py,1397,fb0f43a97b52c50eba80ec1bcc9753011c3a6ed54584bb7c6a26fe2dff63f366
scripts,scripts/lyran_extract_plan.py,.py,6516,ff8b5c2f7794fb1941c6b3a075c6f61058807490c436aa852c4699459bb81ed6
scripts,scripts/lyran_research.py,.py,49501,6cf5745773e7145d6e11766acc4cfe11fe250dc7368ade0c8a1fda5c2a79b61d
scripts,scripts/normalize_industrial_food_textures.py,.py,1481,5b292ef2a02e9eda3d955465acc1c5833d4f615de93c07e91cbae9870143ae16
scripts,scripts/old_world_crisis_waves.py,.py,26635,0fd79f4e036da991fd093f43c914f45fb2f62e827677971cf2286b9461ab7df5
scripts,scripts/old_world_final_waves.py,.py,27540,e95dc663e1cdf65d60c0c3b8ef607f0f2754d1618dec9cef1444c0c702285a89
scripts,scripts/old_world_institution_waves.py,.py,26256,c388ea1864f65bc5c4d165ee960314e89f4065571de031d19d440df9e505352d
scripts,scripts/old_world_later_waves.py,.py,660,e1899776a47f8c10c85024a66e3e754445d11ed87a888334e658e05a76242a26
scripts,scripts/old_world_narrative_core.py,.py,12149,4e2c1222e8950c2ffb6b8e701691c9d84bd3ed60f7ab09ea3c48cda4f5f08f4b
scripts,scripts/old_world_narrative_package_core.py,.py,39228,1a7b0c6ddb1a41e449157d4ee79be874f3ac9f32e520a9713ffaa379a230dec0
scripts,scripts/old_world_ows001_final.py,.py,18652,7b9d14f24bc4103a517054b041bdea00af4fd4dfa0b3f9ba419a4131b6457c61
scripts,scripts/old_world_ows002_final.py,.py,24434,7e2add8dd66aff835bd887082e197443a2374600173f1bdb07c07efd8bf07c44
scripts,scripts/old_world_ows003_final.py,.py,26563,37f7047b4a2aee6fe8386aa0571c156d4d47fcfda3123008dd7eaa6dc53e9106
scripts,scripts/old_world_ows004_final.py,.py,24746,202374cbbe379e13f931015ebaf6afe4ef369d86e5df7f566358753da179f55c
scripts,scripts/old_world_ows005_final.py,.py,2593,d3d8ecf50c60d4ba85836c4b4ce2bf06056688be82e433775095c80dc2cba6fe
scripts,scripts/old_world_ows005_geometry.py,.py,28006,2e7e08e353f3c94384b2e265fb2e385f56fe6fb1e6cea233a4e58d9701f9afef
scripts,scripts/old_world_ows006_final.py,.py,35069,74d60da363e2836b66053a451cc8ce722357b860e1948bcfa45578347de4b6a7
scripts,scripts/old_world_ows007_final.py,.py,27103,7cc6045ff24580870381bd51b354b184d8e0d14326016ea14a614d602f25fa82
scripts,scripts/old_world_ows008_final.py,.py,29348,cbd3ff834519fc1423fbd0f90e1bddb6f1b43853e42893fcf972f1c75cdd88ef
scripts,scripts/old_world_ows009_final.py,.py,25930,d3623e13582c26d4797f44049e5ce99a48b0df4a699fde776ac5ec67022c02b0
scripts,scripts/old_world_ows010_final.py,.py,45765,10c0859a67d2c2c4b33e93aa8350e984d04178bb1cd3f82bbd9c7c1fabb10bec
scripts,scripts/patch_regional_biome_routing.py,.py,5616,5c721d71aee652e78abf1cf28a3b12ad5f98acd79787db4eede670641152516b
scripts,scripts/patch_regional_worldstyle.py,.py,7224,4f5b318a2450a13cad2b526ea096598ad408efb5d73cd56ea153904f46b3d352
scripts,scripts/profile_structure_performance.py,.py,2801,5206c7a56fc4d794a4e2fefffd0da065a1f4a322830bbf37159e223301be92cb
scripts,scripts/quest_explorer_map_standard.js,.js,1212,f1f3a3745506d9b89cfa94fed0b5e5effa6a0f25825ad46e6459c457d9236c0d
scripts,scripts/read_level_spawn.py,.py,2451,92cc424c3d7094628af7afa898e2c34ff614fcd66bb7e9c062bcc71194d66745
scripts,scripts/recolor_darknet_anchor.ps1,.ps1,1671,898ac96e31caea0f3809f3de7af54545c29aa24ff8881097a5c2e3d0e26ce5fd
scripts,scripts/recolor_generic_gem_containment_unit.py,.py,6309,d78c5b0a537f51de7f3dd4454bcfdb02a29da4f08cd876239cd6ccdfe70858d1
scripts,scripts/recolor_generic_metal_ore_container.py,.py,8031,5f9c92ff49bc7fe6ea0b1a9cdf2bf375b58d5ee5921f90057bdb31f04ed1534e
scripts,scripts/record_active_gate_a_review.py,.py,3638,e7378d4ded7746c7911818518eddcef553af72584692a47851ffb47630c2026c
scripts,scripts/record_active_gate_b_review.py,.py,7523,cf14f1f31cb852742392035cfcd10d155392825665317ae85169d5e30a239c01
scripts,scripts/record_old_world_gate_a_review.py,.py,3715,71a9891bb73e73102b96dff097f82cdb11a9a83c7d4469d5d720bbf75d39adf6
scripts,scripts/record_old_world_gate_c_planning_passes.py,.py,4570,25511ad9ebe156afc23c71fe02505ac86b9afa347114e2493734b9cbee73743d
scripts,scripts/record_old_world_intact_planning_passes.py,.py,4912,ad2ad3b0e280a600bae4e241635cb437994645e7bfdd1d8fd360279bfa0828d6
scripts,scripts/record_old_world_phase0_review.py,.py,3556,f7521f4ff4c9ea50da36b9c828f2e7b4924227db1c286e38371fff4b698e3bab
scripts,scripts/record_old_world_planning_passes.py,.py,3222,670bbb363297e238d80ca485ba088eca2b9c9b0e3b14e4e2c446db12a5e0f679
scripts,scripts/record_ows002_final_quality.py,.py,7462,2c909523aa37abb7122d308efb843e6fe012455cea5806006bda40e6f220525e
scripts,scripts/record_ows002_gate_c_r2.py,.py,3991,28a4218abacb6be90a727015ee5b2947300390937406dc0344b6d525cff7e6c8
scripts,scripts/record_ows003_final_quality.py,.py,8309,37c51b2130520e98bc9409c0f36af37464480dc5238aa85f457f144332b0fd5d
scripts,scripts/record_ows003_gate_b_r7.py,.py,3425,6bc801751a2d0f9dd511546a51f69c2990b0a3be5ed0051528215ab516b50c09
scripts,scripts/record_ows003_gate_c_r3_review.py,.py,4855,fef1008a705ddd123c2b6552f0cd6a49d8d7dff73af17c4b85ab6b53726c490d
scripts,scripts/record_ows004_final_quality.py,.py,8456,cff6c04755480e56395b17eac3b7fa3e09dd0ad42bf24b9cc636cfa04ca5baa0
scripts,scripts/record_ows004_gate_c_r4_review.py,.py,5266,096a31cf74a306b462cc1ce62641010a5dfb478dbd3ddab2584f7c11515fbb36
scripts,scripts/record_ows004_planning.py,.py,10134,eb4566c10c0bb0af9b243da1a73e367166616b97d5fa3cb8c7277f9b78a9fbc0
scripts,scripts/regional/__init__.py,.py,7607,963bf3876f9a41448906a53406147a86eeb3d1d8ad4653be28af42c0b7dc1287
scripts,scripts/regional/__pycache__/__init__.cpython-314.pyc,.pyc,16135,f74c37761d0b6a49e3a780a80d97a19e8f1f5a79ec011b0d2aa7798b0f59a69c
scripts,scripts/regional/__pycache__/karsic_damage.cpython-314.pyc,.pyc,16348,030f52b1fc8ad3fd7dd4d324a3f9e59902c98719514ef053d4170a592bd811ea
scripts,scripts/regional/__pycache__/karsic_massing.cpython-314.pyc,.pyc,73197,6657e6ba792255aa4771c4117998c3a82dd813bb5ff74b2427238e985f93732b
scripts,scripts/regional/karsic_damage.py,.py,10556,069c3091667736d32a22822c50bd4136b9e63fef3c16d27264004775542bfee8
scripts,scripts/regional/karsic_massing.py,.py,48656,a688336f6b19c7855a98933c654b6ba1acd40b84318b8658474fb7fe2393b547
scripts,scripts/render_createnuclear_reactor_core_face.py,.py,3594,9fb2a3dc6c6963ba71f55d2a11601b9acf654f59a1a0671e862d79557f948501
scripts,scripts/render_deep_sea_review.py,.py,24542,40e7bc432125ab7d0cc2344004d63bd159b3a93fef7e0156f3769e73d0894f0b
scripts,scripts/render_lyran_review.py,.py,4654,8b8c51c70759e9341168cbcbedb5f7c4b7ad9e2b49670c20869149a0f073d152
scripts,scripts/render_old_world_heavy_rebuild_review.py,.py,12944,c478a351aa62bc9dac3ae80be7e2c5422269e3192b5da60be7bebec682e75a2d
scripts,scripts/render_ows001_gate_a_massing.py,.py,9874,31a2f6b0760959e536ab58478af65e884de8151932b97851d36110a159da2d3a
scripts,scripts/render_ows001_gate_b_intact.py,.py,14953,e03985e01b04dce87538e3a55b3d3a632cc38b669a2b874b7391b703c282b246
scripts,scripts/render_ows001_gate_c_damage_states.py,.py,13257,c8c9156bb58b26d6b2b9f9b4787924ebf2b5dca8a01cf66ab3814913be0082db
scripts,scripts/render_ows001_gate_d_final.py,.py,7330,6ae3d540affa9cc70ddab64a8e1b0c911ccbc358f82dc54f64f9b631f3e3369f
scripts,scripts/render_ows002_gate_a_massing.py,.py,9599,b94669ea8f6ca48e9686958087001a5f1ed5e11ed26cd5bc1779904a7a574203
scripts,scripts/render_ows002_gate_b_intact.py,.py,21201,73922181b0060746c11f084dc1408404a8f44358a53867fa7a3484bd637af134
scripts,scripts/render_ows002_gate_c_damage_states.py,.py,18165,7e3243b9766e606f1ad51c4e5c614eabaa6c7a3b5b22ea507ee3f7b7c57876a1
scripts,scripts/render_ows002_gate_c_damage_states_r2.py,.py,12835,26434d85022def208e410324115c74c9fe7451e1574a54952af00d8c5882c9d4
scripts,scripts/render_ows002_gate_d_final.py,.py,7855,ac6770c186d8d099af96137f8b3038f9381fac9c2f09e4867e2f80ec151ada46
scripts,scripts/render_ows003_gate_a_massing.py,.py,9359,4a435ec3d07a70ac674ff62e8bc5ac9e014c825dc388ea2728c33905c396c7cd
scripts,scripts/render_ows003_gate_b_intact.py,.py,21115,478772b5496d19e99a8f8da8efcd910920bfe25f9d730dd234f2764d8395e2be
scripts,scripts/render_ows003_gate_b_intact_r2.py,.py,6029,fe1a4bdb4912d6cacbcc4ffff2f2927ef666a9867afcc4578c86e996fac4d83b
scripts,scripts/render_ows003_gate_b_intact_r3.py,.py,5909,aea1b8c54ce24214af574f321f55aa9e9e15b43990daf982f605a6eae05bc305
scripts,scripts/render_ows003_gate_b_intact_r4.py,.py,5716,3d7c064ed2abde3ded15994b247b59a1df4e219458240ded2638300f6141ac67
scripts,scripts/render_ows003_gate_b_intact_r5.py,.py,5398,1743369ca8e20f6c66efab7b5c242ac6a10aab1905f3875756b46e6c61991321
scripts,scripts/render_ows003_gate_b_intact_r6.py,.py,5510,3471b602a1871db82928e342d8a032a6930787dac2ce6c901192fc1bd19b86c4
scripts,scripts/render_ows003_gate_b_intact_r7.py,.py,5580,f489d9aa998735f93cbd7ea06ba3f2b7de3e03a4052b30f7edb6214a1d4cd876
scripts,scripts/render_ows003_gate_c_damage_states.py,.py,15815,ba4e3767006f6b55945e3226140b3192ab998f8d638d1029ee5a409040f2b9a0
scripts,scripts/render_ows003_gate_c_damage_states_r2.py,.py,7638,b47d9a4cbd843270770cc2a0226f20e7bdbebffa5c080814fa4e99e713a01c65
scripts,scripts/render_ows003_gate_c_damage_states_r3.py,.py,8408,47f7e8d47f081c86bfc270b71cbcec6b1a7011bc4c6289b48c621e2592af774f
scripts,scripts/render_ows003_gate_d_final.py,.py,7035,3a902a58885ffb5b707cc8d656c495af5b9ddfdb13d71c88f7e7655a3d0ee288
scripts,scripts/render_ows004_gate_a_massing.py,.py,9395,702c9a0a1bb37b4c415dde6614d4819b8f1850aadb039c631fcdd61c0215bb7d
scripts,scripts/render_ows004_gate_b_intact.py,.py,11270,384115bc5672c4f858b4b0da4a6d7df685afaa438c48d2b2caeb00638b733623
scripts,scripts/render_ows004_gate_b_intact_r2.py,.py,4171,2c463df8541d41b8aa12a566e8f77fcbeb5d5440565befbc0c31d0a82d6c3efe
scripts,scripts/render_ows004_gate_b_intact_r3.py,.py,11047,ea9b3b0e074f1a1249d212dc06145d0c6603d3b46cff66b3ca0a18647e95dfdd
scripts,scripts/render_ows004_gate_b_intact_r4.py,.py,6457,a5db98bbadb7806d2ba8d174899e5b37e7f1c38956d40fbe1d063470337edb6a
scripts,scripts/render_ows004_gate_c_damage_states.py,.py,15548,5ce1f989fa14f76b5dc478cdd492137c5319ad0e6bca147293fc93fbaac0041e
scripts,scripts/render_ows004_gate_c_damage_states_r2.py,.py,9194,5ee9e4ed697367f02050adf48d825dd47a73c9ce428c872fdf9e3ca308d316a7
scripts,scripts/render_ows004_gate_c_damage_states_r3.py,.py,6529,52c6b333ade3f40d1219cf3e98d46450b8125851993d240aebd9b3a3c6ff7908
scripts,scripts/render_ows004_gate_c_damage_states_r4.py,.py,9610,a90d8dd8ff00eb03e6aa026ad7483633b18649e21ecde7f4727ae946dd8bf8de
scripts,scripts/render_ows004_gate_d_final.py,.py,7108,6124fedf9a1dc04f26e56a71e6afce6d000b12543bbcfdc88556ab4b6d60c3a2
scripts,scripts/render_ows005_baseline.py,.py,2164,eabc712779cac36d60bf22230412abcf7ae89c8a42a6040ffec24be70c420129
scripts,scripts/render_ows005_gate_a_massing.py,.py,2413,9071fb58db901c6576f8cef535daac03317041621d0042d508f6cf424d6c4d4c
scripts,scripts/render_ows005_gate_b_intact.py,.py,2664,1c28ccbb91c1094d7dc6838999d73e019307baa6885eccaed5411923084c47cc
scripts,scripts/render_ows005_gate_c_damage_states.py,.py,7815,4085d6f9495df4554a4e623cb32c521f0d4f7f84418205e0867b82fd1733e82d
scripts,scripts/render_ows005_gate_d_final.py,.py,6440,2933dd1cc85655390f519a1f56f4f088e38fa6e2ae55638421ebb838ae49f43b
scripts,scripts/render_ows006_gate_a_massing.py,.py,10225,7e875dc5b4885259e99b7f897c7faeb782918e7791b061691a62f7ed4fc5f266
scripts,scripts/render_ows006_gate_b_intact.py,.py,21711,373cd82cacd35ebddc11ed9177f7b6875fe48b9e96addd2ea6b79d073f8f8c5c
scripts,scripts/render_ows006_gate_c_damage_states.py,.py,18238,6b952abd703a3030a2e517bff918c89e9cc1df39b672dcf90273d450f1c0c450
scripts,scripts/render_ows006_gate_d_final.py,.py,6531,ce8b636128b1c787ecb479b9971a03dd9ae7fdf7300940654606d772c58f4f92
scripts,scripts/render_ows006_phase0_baseline.py,.py,2371,1d0875380dcbfde81e36b2d807e9774e01a9b0eb3dda21b6ac289c23feaf0518
scripts,scripts/render_ows007_gate_a_massing.py,.py,11927,e1599becec6077174af926128439b97da862bda976046c7c472e47aa1f9ae905
scripts,scripts/render_ows007_gate_b_intact.py,.py,21098,e7bd82beb80efd2e2fbb66bbda77158072656ffce2bd13e6d4f29985d69ea0e2
scripts,scripts/render_ows007_gate_b_intact_r2.py,.py,5677,3cd7d05772fc87ee411c87ec2737517ae9bebcb91bcac5807b3a29decbe4561e
scripts,scripts/render_ows007_gate_c_damage_states.py,.py,18360,c5c0f41a07e0082466750a2cbe2b7f50688c58845af4220a7d8184ba4f297f38
scripts,scripts/render_ows007_gate_c_damage_states_r2.py,.py,12376,58db253cde1d7a91bb33156ed4308dd2bd8cabb93f347744ac8cd25d3b8847dc
scripts,scripts/render_ows007_gate_d_final.py,.py,8155,2198cd2dd3daf30269aef7def947d820855b4b0fff9bd2ef901f48439b96d134
scripts,scripts/render_ows008_gate_a_massing.py,.py,14333,252a7898afba6d8cd6cfe76aa84ef398765e1c612ea8f3112aa62f27bbe20d81
scripts,scripts/render_ows008_gate_a_massing_r2.py,.py,14103,1b9b1fbfd6ea01d672b19bc063516b1a8f03960d9da4bea2ed547bd60764e081
scripts,scripts/render_ows008_gate_b_intact.py,.py,27169,53438d698f850f51f25cd245d3d44c9fa6b205f1d9f99af66db8957993ad62ce
scripts,scripts/render_ows008_gate_c_damage_states.py,.py,23327,96e4ad536209b0464e20472058184d2c680d20f5ce7ad7cbeb0613d4c4517ec2
scripts,scripts/render_ows008_gate_d_final.py,.py,13288,40fac87cefafff92e53d1f7e6073c59b1812026f3e7f9b5f53877f7daf3dc50c
scripts,scripts/render_ows008_phase0_baseline.py,.py,2380,a8f1cf6bb4d5a5d1e5bc7d10a3ce81207c2039750459ebe438a67a2d0275dae8
scripts,scripts/render_ows009_gate_a_massing.py,.py,12155,d02e700720527e0b75b6c1ac1c00ca4f8df38212d097a463d86a4f02848efbaf
scripts,scripts/render_ows009_gate_a_massing_r2.py,.py,9462,4eabfdc2916c464a7f27d4717a0a7b40acad3852957c26858e139c48f5d02c62
scripts,scripts/render_ows009_gate_b_intact.py,.py,22055,0fa662cfea2b1cc4586b864911bc598745f574980a31ed7a479eb71466b3c0b5
scripts,scripts/render_ows009_gate_c_damage_states.py,.py,22149,649f7bf8a4347463714b40a3a2fd6198caaf9a7fb9fa8de4812863c58d4fa39e
scripts,scripts/render_ows009_gate_d_final.py,.py,13065,d3a12d750cf0806830afee68987d87d196fb5e6138294103835d0534fa693e42
scripts,scripts/render_ows009_phase0_baseline.py,.py,2846,bc8239ab7801758bd4bbc7a4701bc6bfb03ef75d66d8f90b00e722fa4774e9fc
scripts,scripts/render_ows010_gate_a_massing.py,.py,13964,9bd20e78db7e335611480a94b64ec346db605d818137df5b57a7bb7f019f425a
scripts,scripts/render_ows010_gate_a_massing_r2.py,.py,14388,4f27e0ba8fd95fdaa99ff6e2b177ad8ef2c9ffec3572c70a1e7dcb450ad8ad66
scripts,scripts/render_ows010_gate_b_intact.py,.py,30442,1eefc4cb55f87bea669328ff337119cf1ad6d1aa6853c64613e2bf53ef3f3327
scripts,scripts/render_ows010_gate_c_damage_states.py,.py,25843,f03808145903a4dfe96ed5f1996668d1b25c5e0b3eb0b09284192e585e5973fb
scripts,scripts/render_ows010_phase0_baseline.py,.py,2847,8bd262faea9195c401e481ec2596646ebe1a7e7f8a494beb094b3eca079dd0fb
scripts,scripts/render_structure_review.py,.py,18493,f489706c7307a4dc9d615fcc4b4b9963254fc004978f08a34a2a471031d7ddf0
scripts,scripts/run_active_heavy_rebuild_review.py,.py,6435,3744d3b342ad6e77b485c8151d5ff79c44f15f3c30759850ae917e90ddddd664
scripts,scripts/run_worldgen_benchmark.ps1,.ps1,20224,3331c38858e1a98c2da0b66ec42a5d5e3eb5b4de89a147e5f1e44fc37cfa5012
scripts,scripts/rural_processing_family.py,.py,13121,872c264d738fa5382d839749485a62b76b927e53c2371973536c9f1c49e7ac97
scripts,scripts/smoke_launch_pack.ps1,.ps1,3319,f5621452cdeac71cf06b8e439ce632570b5ceac45e39df89a964009908fe41ed
scripts,scripts/structure_geometry_lint.py,.py,39044,1e544d33af37dcad7c6acc94b4487e135ccf1906e7b898b653831fcf479eee59
scripts,scripts/structure_geometry_primitives_v2.py,.py,20808,fc421211a10acc6a147603f45ac56f3e9c64f68c19d16844129e3ce1b980a99c
scripts,scripts/sync_rebuild_family_catalog.py,.py,2983,bbe8c0f6f9e57152550efd0bf37275f8bd5291c1f04d0daf5079330acf7806ee
scripts,scripts/test_worldgen_benchmark.py,.py,1969,e040b88c215fdd6e06ae9e1e5d763f403e01f66c6cda7bf4d3f46f9e778016f6
scripts,scripts/transit_family.py,.py,16718,4375aed466cc23122067b9b34ad7d4325e83dddf6358585ccf94f9f2016d8b7b
scripts,scripts/urban_commercial_family.py,.py,18793,78f7650d42428924eb1d0936e4c398cc198304dc5a25ff04172ad9c464673946
scripts,scripts/utility_technology_family.py,.py,28319,618537ae4c421b58371725a314e4a0594c0af72d5f53db51b6e32f37a8779d1b
scripts,scripts/validate_central_interior_mask.py,.py,13329,dc059aabfeee2590d2d8fb8406aac1afeef79056ed9b3646270e0a2db6db1f64
scripts,scripts/validate_creativelands_extraction.py,.py,3277,487c8defd5673b21550ff139ee4491e1fa055b7ab69d7cfda6ac875c0e52a9a6
scripts,scripts/validate_deep_sea_structures.py,.py,50050,17a99e863e053b474a932d0ecc0352e42c49fd7143c06c61907a9de6d969b197
scripts,scripts/validate_extraction_family.py,.py,4270,26ee51dd579feb96237709bce36882f151aebe2c4d9dfb0283ce22721d4d0d68
scripts,scripts/validate_gemstone_glitter.py,.py,6431,f6e826fcfca02ac3f46c3e32685ffc2497641104c77c9e198ec72e36ae74140d
scripts,scripts/validate_habitation_family.py,.py,5825,1eb4e37a594eff708e378373010db829d76415d72c84a82b282c71306a0ba9e5
scripts,scripts/validate_hive_strain_assets.py,.py,10326,44c88ebf59e3fb679d178cfb3a740dae88b25aef3b4bec0851d1d72029993149
scripts,scripts/validate_karsic_citystyle.py,.py,13671,95a2c9add9e52b4d8e95b956f9ac8eb7aee0821f28196e5e10b3cb530016055b
scripts,scripts/validate_karsic_panel_block.py,.py,17033,89cfce9a2622c7be30dee45463c6b5e103910bbda41e75815ab0af7d662a4995
scripts,scripts/validate_karsic_service_plinth.py,.py,20546,e42b91d9de524ef52e83abdc6dad3e34f7840d3809fc79e08143e708f3a45989
scripts,scripts/validate_karsic_standard_site_kit.py,.py,15992,0fb8bb84e1482ea996cb36167bf873f7f514becac3bbb5dc684b4e2d39aa468d
scripts,scripts/validate_karsic_vertical_utilities.py,.py,13468,6662d2238a66f3f1d2141d2c7022fa57c710de2f5840a96a37a5e6e15ed05a0c
scripts,scripts/validate_lostcities_conversion.py,.py,9562,d89c14485db141720d737869d96c7fed13ca1a037327e63d60b91b7747f51b72
scripts,scripts/validate_material_profile.py,.py,8913,043cfbe058709c42df4a99f28d0d6572a56cdb81951764885836bb975b165939
scripts,scripts/validate_modular_structure_kits.py,.py,8083,4371ee9bf8abcac233405fca07474c9154eec980837a49c3fb2883c9927a8e20
scripts,scripts/validate_more_ores_more_gems_derived_textures.py,.py,4610,45b0570a34ead1a2e8f5c230b354b5df73ec688df978b2cc3afd93d9732dcac5
scripts,scripts/validate_old_world_narrative.py,.py,20431,d1dc53e6238e18c3edb94abf62fc4e755fff321056cb268693894f8f0b0c2cc1
scripts,scripts/validate_overworld_geography.py,.py,23478,c848754c67d66d1f8718cc6f582dbfa9b3164413cea6ea6364175e34d79724b1
scripts,scripts/validate_ows008_route_repair.py,.py,4292,49c090eb835f95819b017deb4061ddb54afe261934de75f9de6b1fa5a4ee3ac0
scripts,scripts/validate_ows009_final_builder.py,.py,4837,40fec9900d39f8fe5ccf2d975d4b1585e65eda557f4f8225d8bc9bd67f2f6886
scripts,scripts/validate_ows009_pass2_5_plan.py,.py,4873,a75ad438d8c9cc0e4a2ace1330fb1f0af5ea38290f5321ab48f255181152526f
scripts,scripts/validate_ows010_final_builder.py,.py,4872,12ddbc09c6d80f13806112b904fe62dd547a8cabeb390186d1c65b2e534c4497
scripts,scripts/validate_phase16_selection.py,.py,2006,aceca7c7e959c78c373ce3b3b5a63e38e4936c60fb8abb2b42be9bde74f8239e
scripts,scripts/validate_production_integration.py,.py,12541,000c0ee1db9fe7133c9e6f40b5cafd569061127680998c10594d426252ac2355
scripts,scripts/validate_rebuild_family_roadmap.py,.py,3290,78d79b11245f2a9157835dfa856a51ca1fcdbc9389e30a9fdd380440a7559e9f
scripts,scripts/validate_regional_assignment.py,.py,8761,b3de1d207d82833a5013b70c0a3dbfa7b2412c380a66c13975bd5fa68cda6a9f
scripts,scripts/validate_regional_culture_gradient.py,.py,17140,65dc2a47a9c15e4a2e49c1456c81a8c7f3b124c70f123ef7cb913cb3e9703a73
scripts,scripts/validate_regional_structures.py,.py,18070,26171e887b0b3418694809cd27f16b4c940972094d860d20cee3886edff9b462
scripts,scripts/validate_road_module_corpus.py,.py,9265,bbb69430a6a12fd95683db818040f99d7831407705116eba2e5e1af6813628d9
scripts,scripts/validate_roadside_family.py,.py,5784,72cd8fc44fcf0f69f7faa7daef2f149f777968649c1407013709cc6d815d8d3f
scripts,scripts/validate_rural_processing_family.py,.py,3753,044e312b2cae6866272a8bffcac21f1786e417acee8e6d31bb99787c7fdb7679
scripts,scripts/validate_settlement_archetypes.py,.py,5186,2cba3041a641299b588e3a616f5649b77178d4728f4ed0e81db0971a496678ae
scripts,scripts/validate_structure_corpus.py,.py,7108,5c1fbddc37f180ba3687c30840274a1e9b0945c00637d8d50664f48a70040204
scripts,scripts/validate_structure_designer_primitives.py,.py,5616,e36ad6362ffdfcd4a2509541ccde40a5cf9dcf60affb9a6c669d2fc74b0b07c7
scripts,scripts/validate_structure_placement_contracts.py,.py,7340,17925fbfba670a7533cd1c0a0f3608953e600ef7f0df1d8afacc52b5ce7154f2
scripts,scripts/validate_structure_programs.py,.py,167901,30e77d82225f0c1b05e9ff134c143def8a3aee6939a98e3ed103ba24b4df5846
scripts,scripts/validate_structure_provenance.py,.py,5096,ac1964df847a81165ee7a83d63bd69b271fb8929a379dd8e1ce120f70fb087db
scripts,scripts/validate_structure_qa_world.py,.py,11656,4d7918696f91e7cf93219803e439d4633211179bfe7fdce169d77a42feba8bf6
scripts,scripts/validate_structure_review_ledgers.py,.py,3486,3de714aaa28a70540b11fd9ff94cbdb2afb5a2a8afe0add3fa5301e93bce8f0a
scripts,scripts/validate_structure_seating.py,.py,7406,0e77272d3dd424467954276491aaa8f2368dc3050a106d1bacee02657878a49a
scripts,scripts/validate_structure_separation.py,.py,7976,98004bf9053ce083d3a1fa3c0b8da5d617fef7378c105a4b2e6b165fc57f24af
scripts,scripts/validate_transit_family.py,.py,4546,cf7b456bcfac68c44d21fe019279d39ef460f99763280a83e3f9a9e08e691979
scripts,scripts/validate_urban_commercial_family.py,.py,4094,c5379afc32c7c871ac60b337b65f2ca6ed52c79b480aab8c868c7417051e1259
scripts,scripts/validate_utility_technology_family.py,.py,4869,36c5c1cf01938e0a417b2fd7f8a5054ddafe5b8ca006357e5579280131c310a2
scripts,scripts/validate_worldgen_benchmark_launcher.py,.py,8641,370ece25c5d6d340d6d03e35389ae9e6fac061472d37ba2565d0f0d94d6ed4c8
scripts,scripts/verify_lyran.py,.py,8794,a910d0e5cd94b226c3f810193b919cca1c7a3bfa948fb73a52ef6f7e1922e3dd
scripts,scripts/worldgen_benchmark_matrix.json,.json,3333,af7be50c497c533af213e48226593bca4aaa0d0f0a46c061e828ab7b3782eb53
scripts,scripts/worldgen_benchmark_server_mod_policy.json,.json,674,5ddface9462f4fbbbdb2ae27ca6ca222821b1d2018c4971c26529aa80aeebf8f
