TargetPath,LegacySheet,SourceBox,BackupPath,Action
textures/gui/hanging_signs/acacia.png,textures/gui/hanging_signs/acacia.png,"0,0,16,16",ROOT_tools\vanilla_reconciliation_backup\gui_placeholders\textures\gui\hanging_signs\acacia.png,ExtractedExactVanillaMappedSprite
textures/gui/hanging_signs/bamboo.png,textures/gui/hanging_signs/bamboo.png,"0,0,16,16",ROOT_tools\vanilla_reconciliation_backup\gui_placeholders\textures\gui\hanging_signs\bamboo.png,ExtractedExactVanillaMappedSprite
textures/gui/hanging_signs/birch.png,textures/gui/hanging_signs/birch.png,"0,0,16,16",ROOT_tools\vanilla_reconciliation_backup\gui_placeholders\textures\gui\hanging_signs\birch.png,ExtractedExactVanillaMappedSprite
textures/gui/hanging_signs/cherry.png,textures/gui/hanging_signs/cherry.png,"0,0,16,16",ROOT_tools\vanilla_reconciliation_backup\gui_placeholders\textures\gui\hanging_signs\cherry.png,ExtractedExactVanillaMappedSprite
textures/gui/hanging_signs/crimson.png,textures/gui/hanging_signs/crimson.png,"0,0,16,16",ROOT_tools\vanilla_reconciliation_backup\gui_placeholders\textures\gui\hanging_signs\crimson.png,ExtractedExactVanillaMappedSprite
textures/gui/hanging_signs/dark_oak.png,textures/gui/hanging_signs/dark_oak.png,"0,0,16,16",ROOT_tools\vanilla_reconciliation_backup\gui_placeholders\textures\gui\hanging_signs\dark_oak.png,ExtractedExactVanillaMappedSprite
textures/gui/hanging_signs/jungle.png,textures/gui/hanging_signs/jungle.png,"0,0,16,16",ROOT_tools\vanilla_reconciliation_backup\gui_placeholders\textures\gui\hanging_signs\jungle.png,ExtractedExactVanillaMappedSprite
textures/gui/hanging_signs/mangrove.png,textures/gui/hanging_signs/mangrove.png,"0,0,16,16",ROOT_tools\vanilla_reconciliation_backup\gui_placeholders\textures\gui\hanging_signs\mangrove.png,ExtractedExactVanillaMappedSprite
textures/gui/hanging_signs/oak.png,textures/gui/hanging_signs/oak.png,"0,0,16,16",ROOT_tools\vanilla_reconciliation_backup\gui_placeholders\textures\gui\hanging_signs\oak.png,ExtractedExactVanillaMappedSprite
textures/gui/hanging_signs/spruce.png,textures/gui/hanging_signs/spruce.png,"0,0,16,16",ROOT_tools\vanilla_reconciliation_backup\gui_placeholders\textures\gui\hanging_signs\spruce.png,ExtractedExactVanillaMappedSprite
textures/gui/hanging_signs/warped.png,textures/gui/hanging_signs/warped.png,"0,0,16,16",ROOT_tools\vanilla_reconciliation_backup\gui_placeholders\textures\gui\hanging_signs\warped.png,ExtractedExactVanillaMappedSprite
textures/gui/sprites/advancements/box_obtained.png,textures/gui/advancements/widgets.png,"0,0,200,26",ROOT_tools\vanilla_reconciliation_backup\gui_placeholders\textures\gui\sprites\advancements\box_obtained.png,ExtractedExactVanillaMappedSprite
textures/gui/sprites/advancements/box_unobtained.png,textures/gui/advancements/widgets.png,"0,26,200,52",ROOT_tools\vanilla_reconciliation_backup\gui_placeholders\textures\gui\sprites\advancements\box_unobtained.png,ExtractedExactVanillaMappedSprite
textures/gui/sprites/advancements/challenge_frame_obtained.png,textures/gui/advancements/widgets.png,"26,128,52,154",ROOT_tools\vanilla_reconciliation_backup\gui_placeholders\textures\gui\sprites\advancements\challenge_frame_obtained.png,ExtractedExactVanillaMappedSprite
textures/gui/sprites/advancements/challenge_frame_unobtained.png,textures/gui/advancements/widgets.png,"26,154,52,180",ROOT_tools\vanilla_reconciliation_backup\gui_placeholders\textures\gui\sprites\advancements\challenge_frame_unobtained.png,ExtractedExactVanillaMappedSprite
textures/gui/sprites/advancements/goal_frame_obtained.png,textures/gui/advancements/widgets.png,"52,128,78,154",ROOT_tools\vanilla_reconciliation_backup\gui_placeholders\textures\gui\sprites\advancements\goal_frame_obtained.png,ExtractedExactVanillaMappedSprite
textures/gui/sprites/advancements/goal_frame_unobtained.png,textures/gui/advancements/widgets.png,"52,154,78,180",ROOT_tools\vanilla_reconciliation_backup\gui_placeholders\textures\gui\sprites\advancements\goal_frame_unobtained.png,ExtractedExactVanillaMappedSprite
textures/gui/sprites/advancements/tab_above_left_selected.png,textures/gui/advancements/tabs.png,"0,64,56,128",ROOT_tools\vanilla_reconciliation_backup\gui_placeholders\textures\gui\sprites\advancements\tab_above_left_selected.png,ExtractedExactVanillaMappedSprite
textures/gui/sprites/advancements/tab_above_left.png,textures/gui/advancements/tabs.png,"0,0,56,64",ROOT_tools\vanilla_reconciliation_backup\gui_placeholders\textures\gui\sprites\advancements\tab_above_left.png,ExtractedExactVanillaMappedSprite
textures/gui/sprites/advancements/tab_above_middle_selected.png,textures/gui/advancements/tabs.png,"56,64,112,128",ROOT_tools\vanilla_reconciliation_backup\gui_placeholders\textures\gui\sprites\advancements\tab_above_middle_selected.png,ExtractedExactVanillaMappedSprite
textures/gui/sprites/advancements/tab_above_middle.png,textures/gui/advancements/tabs.png,"56,0,112,64",ROOT_tools\vanilla_reconciliation_backup\gui_placeholders\textures\gui\sprites\advancements\tab_above_middle.png,ExtractedExactVanillaMappedSprite
textures/gui/sprites/advancements/tab_above_right_selected.png,textures/gui/advancements/tabs.png,"112,64,168,128",ROOT_tools\vanilla_reconciliation_backup\gui_placeholders\textures\gui\sprites\advancements\tab_above_right_selected.png,ExtractedExactVanillaMappedSprite
textures/gui/sprites/advancements/tab_above_right.png,textures/gui/advancements/tabs.png,"112,0,168,64",ROOT_tools\vanilla_reconciliation_backup\gui_placeholders\textures\gui\sprites\advancements\tab_above_right.png,ExtractedExactVanillaMappedSprite
textures/gui/sprites/advancements/tab_below_left_selected.png,textures/gui/advancements/tabs.png,"168,64,224,128",ROOT_tools\vanilla_reconciliation_backup\gui_placeholders\textures\gui\sprites\advancements\tab_below_left_selected.png,ExtractedExactVanillaMappedSprite
textures/gui/sprites/advancements/tab_below_left.png,textures/gui/advancements/tabs.png,"168,0,224,64",ROOT_tools\vanilla_reconciliation_backup\gui_placeholders\textures\gui\sprites\advancements\tab_below_left.png,ExtractedExactVanillaMappedSprite
textures/gui/sprites/advancements/tab_below_middle_selected.png,textures/gui/advancements/tabs.png,"224,64,280,128",ROOT_tools\vanilla_reconciliation_backup\gui_placeholders\textures\gui\sprites\advancements\tab_below_middle_selected.png,ExtractedExactVanillaMappedSprite
textures/gui/sprites/advancements/tab_below_middle.png,textures/gui/advancements/tabs.png,"224,0,280,64",ROOT_tools\vanilla_reconciliation_backup\gui_placeholders\textures\gui\sprites\advancements\tab_below_middle.png,ExtractedExactVanillaMappedSprite
textures/gui/sprites/advancements/tab_below_right_selected.png,textures/gui/advancements/tabs.png,"280,64,336,128",ROOT_tools\vanilla_reconciliation_backup\gui_placeholders\textures\gui\sprites\advancements\tab_below_right_selected.png,ExtractedExactVanillaMappedSprite
textures/gui/sprites/advancements/tab_below_right.png,textures/gui/advancements/tabs.png,"280,0,336,64",ROOT_tools\vanilla_reconciliation_backup\gui_placeholders\textures\gui\sprites\advancements\tab_below_right.png,ExtractedExactVanillaMappedSprite
textures/gui/sprites/advancements/tab_left_bottom_selected.png,textures/gui/advancements/tabs.png,"128,184,192,240",ROOT_tools\vanilla_reconciliation_backup\gui_placeholders\textures\gui\sprites\advancements\tab_left_bottom_selected.png,ExtractedExactVanillaMappedSprite
textures/gui/sprites/advancements/tab_left_middle_selected.png,textures/gui/advancements/tabs.png,"64,184,128,240",ROOT_tools\vanilla_reconciliation_backup\gui_placeholders\textures\gui\sprites\advancements\tab_left_middle_selected.png,ExtractedExactVanillaMappedSprite
textures/gui/sprites/advancements/tab_left_top_selected.png,textures/gui/advancements/tabs.png,"0,184,64,240",ROOT_tools\vanilla_reconciliation_backup\gui_placeholders\textures\gui\sprites\advancements\tab_left_top_selected.png,ExtractedExactVanillaMappedSprite
textures/gui/sprites/advancements/tab_right_bottom_selected.png,textures/gui/advancements/tabs.png,"320,184,384,240",ROOT_tools\vanilla_reconciliation_backup\gui_placeholders\textures\gui\sprites\advancements\tab_right_bottom_selected.png,ExtractedExactVanillaMappedSprite
textures/gui/sprites/advancements/tab_right_middle_selected.png,textures/gui/advancements/tabs.png,"256,184,320,240",ROOT_tools\vanilla_reconciliation_backup\gui_placeholders\textures\gui\sprites\advancements\tab_right_middle_selected.png,ExtractedExactVanillaMappedSprite
textures/gui/sprites/advancements/tab_right_top_selected.png,textures/gui/advancements/tabs.png,"192,184,256,240",ROOT_tools\vanilla_reconciliation_backup\gui_placeholders\textures\gui\sprites\advancements\tab_right_top_selected.png,ExtractedExactVanillaMappedSprite
textures/gui/sprites/advancements/task_frame_obtained.png,textures/gui/advancements/widgets.png,"0,128,26,154",ROOT_tools\vanilla_reconciliation_backup\gui_placeholders\textures\gui\sprites\advancements\task_frame_obtained.png,ExtractedExactVanillaMappedSprite
textures/gui/sprites/advancements/task_frame_unobtained.png,textures/gui/advancements/widgets.png,"0,154,26,180",ROOT_tools\vanilla_reconciliation_backup\gui_placeholders\textures\gui\sprites\advancements\task_frame_unobtained.png,ExtractedExactVanillaMappedSprite
textures/gui/sprites/advancements/title_box.png,textures/gui/advancements/widgets.png,"0,52,200,78",ROOT_tools\vanilla_reconciliation_backup\gui_placeholders\textures\gui\sprites\advancements\title_box.png,ExtractedExactVanillaMappedSprite
textures/gui/sprites/boss_bar/blue_background.png,textures/gui/bars.png,"0,20,364,30",ROOT_tools\vanilla_reconciliation_backup\gui_placeholders\textures\gui\sprites\boss_bar\blue_background.png,ExtractedExactVanillaMappedSprite
textures/gui/sprites/boss_bar/blue_progress.png,textures/gui/bars.png,"0,30,364,40",ROOT_tools\vanilla_reconciliation_backup\gui_placeholders\textures\gui\sprites\boss_bar\blue_progress.png,ExtractedExactVanillaMappedSprite
textures/gui/sprites/boss_bar/green_background.png,textures/gui/bars.png,"0,60,364,70",ROOT_tools\vanilla_reconciliation_backup\gui_placeholders\textures\gui\sprites\boss_bar\green_background.png,ExtractedExactVanillaMappedSprite
textures/gui/sprites/boss_bar/green_progress.png,textures/gui/bars.png,"0,70,364,80",ROOT_tools\vanilla_reconciliation_backup\gui_placeholders\textures\gui\sprites\boss_bar\green_progress.png,ExtractedExactVanillaMappedSprite
textures/gui/sprites/boss_bar/notched_10_background.png,textures/gui/bars.png,"0,180,364,190",ROOT_tools\vanilla_reconciliation_backup\gui_placeholders\textures\gui\sprites\boss_bar\notched_10_background.png,ExtractedExactVanillaMappedSprite
textures/gui/sprites/boss_bar/notched_10_progress.png,textures/gui/bars.png,"0,190,364,200",ROOT_tools\vanilla_reconciliation_backup\gui_placeholders\textures\gui\sprites\boss_bar\notched_10_progress.png,ExtractedExactVanillaMappedSprite
textures/gui/sprites/boss_bar/notched_12_background.png,textures/gui/bars.png,"0,200,364,210",ROOT_tools\vanilla_reconciliation_backup\gui_placeholders\textures\gui\sprites\boss_bar\notched_12_background.png,ExtractedExactVanillaMappedSprite
textures/gui/sprites/boss_bar/notched_12_progress.png,textures/gui/bars.png,"0,210,364,220",ROOT_tools\vanilla_reconciliation_backup\gui_placeholders\textures\gui\sprites\boss_bar\notched_12_progress.png,ExtractedExactVanillaMappedSprite
textures/gui/sprites/boss_bar/notched_20_background.png,textures/gui/bars.png,"0,220,364,230",ROOT_tools\vanilla_reconciliation_backup\gui_placeholders\textures\gui\sprites\boss_bar\notched_20_background.png,ExtractedExactVanillaMappedSprite
textures/gui/sprites/boss_bar/notched_20_progress.png,textures/gui/bars.png,"0,230,364,240",ROOT_tools\vanilla_reconciliation_backup\gui_placeholders\textures\gui\sprites\boss_bar\notched_20_progress.png,ExtractedExactVanillaMappedSprite
textures/gui/sprites/boss_bar/notched_6_background.png,textures/gui/bars.png,"0,160,364,170",ROOT_tools\vanilla_reconciliation_backup\gui_placeholders\textures\gui\sprites\boss_bar\notched_6_background.png,ExtractedExactVanillaMappedSprite
textures/gui/sprites/boss_bar/notched_6_progress.png,textures/gui/bars.png,"0,170,364,180",ROOT_tools\vanilla_reconciliation_backup\gui_placeholders\textures\gui\sprites\boss_bar\notched_6_progress.png,ExtractedExactVanillaMappedSprite
textures/gui/sprites/boss_bar/purple_background.png,textures/gui/bars.png,"0,100,364,110",ROOT_tools\vanilla_reconciliation_backup\gui_placeholders\textures\gui\sprites\boss_bar\purple_background.png,ExtractedExactVanillaMappedSprite
textures/gui/sprites/boss_bar/purple_progress.png,textures/gui/bars.png,"0,110,364,120",ROOT_tools\vanilla_reconciliation_backup\gui_placeholders\textures\gui\sprites\boss_bar\purple_progress.png,ExtractedExactVanillaMappedSprite
textures/gui/sprites/boss_bar/red_background.png,textures/gui/bars.png,"0,40,364,50",ROOT_tools\vanilla_reconciliation_backup\gui_placeholders\textures\gui\sprites\boss_bar\red_background.png,ExtractedExactVanillaMappedSprite
textures/gui/sprites/boss_bar/red_progress.png,textures/gui/bars.png,"0,50,364,60",ROOT_tools\vanilla_reconciliation_backup\gui_placeholders\textures\gui\sprites\boss_bar\red_progress.png,ExtractedExactVanillaMappedSprite
textures/gui/sprites/boss_bar/white_background.png,textures/gui/bars.png,"0,120,364,130",ROOT_tools\vanilla_reconciliation_backup\gui_placeholders\textures\gui\sprites\boss_bar\white_background.png,ExtractedExactVanillaMappedSprite
textures/gui/sprites/boss_bar/white_progress.png,textures/gui/bars.png,"0,130,364,140",ROOT_tools\vanilla_reconciliation_backup\gui_placeholders\textures\gui\sprites\boss_bar\white_progress.png,ExtractedExactVanillaMappedSprite
textures/gui/sprites/boss_bar/yellow_background.png,textures/gui/bars.png,"0,80,364,90",ROOT_tools\vanilla_reconciliation_backup\gui_placeholders\textures\gui\sprites\boss_bar\yellow_background.png,ExtractedExactVanillaMappedSprite
textures/gui/sprites/boss_bar/yellow_progress.png,textures/gui/bars.png,"0,90,364,100",ROOT_tools\vanilla_reconciliation_backup\gui_placeholders\textures\gui\sprites\boss_bar\yellow_progress.png,ExtractedExactVanillaMappedSprite
textures/gui/sprites/container/anvil/text_field_disabled.png,textures/gui/container/anvil.png,"0,364,220,396",ROOT_tools\vanilla_reconciliation_backup\gui_placeholders\textures\gui\sprites\container\anvil\text_field_disabled.png,ExtractedExactVanillaMappedSprite
textures/gui/sprites/container/anvil/text_field.png,textures/gui/container/anvil.png,"0,332,220,364",ROOT_tools\vanilla_reconciliation_backup\gui_placeholders\textures\gui\sprites\container\anvil\text_field.png,ExtractedExactVanillaMappedSprite
textures/gui/sprites/container/beacon/button_disabled.png,textures/gui/container/beacon.png,"88,438,132,482",ROOT_tools\vanilla_reconciliation_backup\gui_placeholders\textures\gui\sprites\container\beacon\button_disabled.png,ExtractedExactVanillaMappedSprite
textures/gui/sprites/container/beacon/button_highlighted.png,textures/gui/container/beacon.png,"132,438,176,482",ROOT_tools\vanilla_reconciliation_backup\gui_placeholders\textures\gui\sprites\container\beacon\button_highlighted.png,ExtractedExactVanillaMappedSprite
textures/gui/sprites/container/beacon/button_selected.png,textures/gui/container/beacon.png,"44,438,88,482",ROOT_tools\vanilla_reconciliation_backup\gui_placeholders\textures\gui\sprites\container\beacon\button_selected.png,ExtractedExactVanillaMappedSprite
textures/gui/sprites/container/beacon/button.png,textures/gui/container/beacon.png,"0,438,44,482",ROOT_tools\vanilla_reconciliation_backup\gui_placeholders\textures\gui\sprites\container\beacon\button.png,ExtractedExactVanillaMappedSprite
textures/gui/sprites/container/beacon/cancel.png,textures/gui/container/beacon.png,"224,440,260,476",ROOT_tools\vanilla_reconciliation_backup\gui_placeholders\textures\gui\sprites\container\beacon\cancel.png,ExtractedExactVanillaMappedSprite
textures/gui/sprites/container/beacon/confirm.png,textures/gui/container/beacon.png,"180,440,216,476",ROOT_tools\vanilla_reconciliation_backup\gui_placeholders\textures\gui\sprites\container\beacon\confirm.png,ExtractedExactVanillaMappedSprite
textures/gui/sprites/container/brewing_stand/brew_progress.png,textures/gui/container/brewing_stand.png,"352,0,370,56",ROOT_tools\vanilla_reconciliation_backup\gui_placeholders\textures\gui\sprites\container\brewing_stand\brew_progress.png,ExtractedExactVanillaMappedSprite
textures/gui/sprites/container/brewing_stand/bubbles.png,textures/gui/container/brewing_stand.png,"370,0,394,58",ROOT_tools\vanilla_reconciliation_backup\gui_placeholders\textures\gui\sprites\container\brewing_stand\bubbles.png,ExtractedExactVanillaMappedSprite
textures/gui/sprites/container/brewing_stand/fuel_length.png,textures/gui/container/brewing_stand.png,"352,58,388,66",ROOT_tools\vanilla_reconciliation_backup\gui_placeholders\textures\gui\sprites\container\brewing_stand\fuel_length.png,ExtractedExactVanillaMappedSprite
textures/gui/sprites/container/cartography_table/duplicated_map.png,textures/gui/container/cartography_table.png,"352,264,452,396",ROOT_tools\vanilla_reconciliation_backup\gui_placeholders\textures\gui\sprites\container\cartography_table\duplicated_map.png,ExtractedExactVanillaMappedSprite
textures/gui/sprites/container/cartography_table/locked.png,textures/gui/container/cartography_table.png,"104,428,124,456",ROOT_tools\vanilla_reconciliation_backup\gui_placeholders\textures\gui\sprites\container\cartography_table\locked.png,ExtractedExactVanillaMappedSprite
textures/gui/sprites/container/cartography_table/map.png,textures/gui/container/cartography_table.png,"352,0,484,132",ROOT_tools\vanilla_reconciliation_backup\gui_placeholders\textures\gui\sprites\container\cartography_table\map.png,ExtractedExactVanillaMappedSprite
textures/gui/sprites/container/cartography_table/scaled_map.png,textures/gui/container/cartography_table.png,"352,132,484,264",ROOT_tools\vanilla_reconciliation_backup\gui_placeholders\textures\gui\sprites\container\cartography_table\scaled_map.png,ExtractedExactVanillaMappedSprite
textures/gui/sprites/container/creative_inventory/tab_bottom_selected_1.png,textures/gui/container/creative_inventory/tabs.png,"0,192,52,256",ROOT_tools\vanilla_reconciliation_backup\gui_placeholders\textures\gui\sprites\container\creative_inventory\tab_bottom_selected_1.png,ExtractedExactVanillaMappedSprite
textures/gui/sprites/container/creative_inventory/tab_bottom_selected_7.png,textures/gui/container/creative_inventory/tabs.png,"312,192,364,256",ROOT_tools\vanilla_reconciliation_backup\gui_placeholders\textures\gui\sprites\container\creative_inventory\tab_bottom_selected_7.png,ExtractedExactVanillaMappedSprite
textures/gui/sprites/container/creative_inventory/tab_top_selected_1.png,textures/gui/container/creative_inventory/tabs.png,"0,64,52,128",ROOT_tools\vanilla_reconciliation_backup\gui_placeholders\textures\gui\sprites\container\creative_inventory\tab_top_selected_1.png,ExtractedExactVanillaMappedSprite
textures/gui/sprites/container/creative_inventory/tab_top_selected_7.png,textures/gui/container/creative_inventory/tabs.png,"312,64,364,128",ROOT_tools\vanilla_reconciliation_backup\gui_placeholders\textures\gui\sprites\container\creative_inventory\tab_top_selected_7.png,ExtractedExactVanillaMappedSprite
textures/gui/sprites/container/enchanting_table/enchantment_slot_disabled.png,textures/gui/container/enchanting_table.png,"0,370,216,408",ROOT_tools\vanilla_reconciliation_backup\gui_placeholders\textures\gui\sprites\container\enchanting_table\enchantment_slot_disabled.png,ExtractedExactVanillaMappedSprite
textures/gui/sprites/container/enchanting_table/enchantment_slot_highlighted.png,textures/gui/container/enchanting_table.png,"0,408,216,446",ROOT_tools\vanilla_reconciliation_backup\gui_placeholders\textures\gui\sprites\container\enchanting_table\enchantment_slot_highlighted.png,ExtractedExactVanillaMappedSprite
textures/gui/sprites/container/enchanting_table/enchantment_slot.png,textures/gui/container/enchanting_table.png,"0,332,216,370",ROOT_tools\vanilla_reconciliation_backup\gui_placeholders\textures\gui\sprites\container\enchanting_table\enchantment_slot.png,ExtractedExactVanillaMappedSprite
textures/gui/sprites/container/enchanting_table/level_1_disabled.png,textures/gui/container/enchanting_table.png,"0,478,32,510",ROOT_tools\vanilla_reconciliation_backup\gui_placeholders\textures\gui\sprites\container\enchanting_table\level_1_disabled.png,ExtractedExactVanillaMappedSprite
textures/gui/sprites/container/enchanting_table/level_1.png,textures/gui/container/enchanting_table.png,"0,446,32,478",ROOT_tools\vanilla_reconciliation_backup\gui_placeholders\textures\gui\sprites\container\enchanting_table\level_1.png,ExtractedExactVanillaMappedSprite
textures/gui/sprites/container/enchanting_table/level_2.png,textures/gui/container/enchanting_table.png,"32,446,64,478",ROOT_tools\vanilla_reconciliation_backup\gui_placeholders\textures\gui\sprites\container\enchanting_table\level_2.png,ExtractedExactVanillaMappedSprite
textures/gui/sprites/container/enchanting_table/level_3.png,textures/gui/container/enchanting_table.png,"64,446,96,478",ROOT_tools\vanilla_reconciliation_backup\gui_placeholders\textures\gui\sprites\container\enchanting_table\level_3.png,ExtractedExactVanillaMappedSprite
textures/gui/sprites/container/horse/armor_slot.png,textures/gui/container/horse.png,"0,440,36,476",ROOT_tools\vanilla_reconciliation_backup\gui_placeholders\textures\gui\sprites\container\horse\armor_slot.png,ExtractedExactVanillaMappedSprite
textures/gui/sprites/container/horse/llama_armor_slot.png,textures/gui/container/horse.png,"72,440,108,476",ROOT_tools\vanilla_reconciliation_backup\gui_placeholders\textures\gui\sprites\container\horse\llama_armor_slot.png,ExtractedExactVanillaMappedSprite
textures/gui/sprites/container/horse/saddle_slot.png,textures/gui/container/horse.png,"36,440,72,476",ROOT_tools\vanilla_reconciliation_backup\gui_placeholders\textures\gui\sprites\container\horse\saddle_slot.png,ExtractedExactVanillaMappedSprite
textures/gui/sprites/container/inventory/effect_background_large.png,textures/gui/container/inventory.png,"0,332,240,396",ROOT_tools\vanilla_reconciliation_backup\gui_placeholders\textures\gui\sprites\container\inventory\effect_background_large.png,ExtractedExactVanillaMappedSprite
textures/gui/sprites/container/loom/banner_slot.png,textures/gui/container/loom.png,"352,0,384,32",ROOT_tools\vanilla_reconciliation_backup\gui_placeholders\textures\gui\sprites\container\loom\banner_slot.png,ExtractedExactVanillaMappedSprite
textures/gui/sprites/container/loom/dye_slot.png,textures/gui/container/loom.png,"384,0,416,32",ROOT_tools\vanilla_reconciliation_backup\gui_placeholders\textures\gui\sprites\container\loom\dye_slot.png,ExtractedExactVanillaMappedSprite
textures/gui/sprites/container/loom/pattern_highlighted.png,textures/gui/container/loom.png,"0,388,28,416",ROOT_tools\vanilla_reconciliation_backup\gui_placeholders\textures\gui\sprites\container\loom\pattern_highlighted.png,ExtractedExactVanillaMappedSprite
textures/gui/sprites/container/loom/pattern_selected.png,textures/gui/container/loom.png,"0,360,28,388",ROOT_tools\vanilla_reconciliation_backup\gui_placeholders\textures\gui\sprites\container\loom\pattern_selected.png,ExtractedExactVanillaMappedSprite
textures/gui/sprites/container/loom/pattern_slot.png,textures/gui/container/loom.png,"416,0,448,32",ROOT_tools\vanilla_reconciliation_backup\gui_placeholders\textures\gui\sprites\container\loom\pattern_slot.png,ExtractedExactVanillaMappedSprite
textures/gui/sprites/container/loom/pattern.png,textures/gui/container/loom.png,"0,332,28,360",ROOT_tools\vanilla_reconciliation_backup\gui_placeholders\textures\gui\sprites\container\loom\pattern.png,ExtractedExactVanillaMappedSprite
textures/gui/sprites/container/stonecutter/recipe_highlighted.png,textures/gui/container/stonecutter.png,"0,404,32,440",ROOT_tools\vanilla_reconciliation_backup\gui_placeholders\textures\gui\sprites\container\stonecutter\recipe_highlighted.png,ExtractedExactVanillaMappedSprite
textures/gui/sprites/container/stonecutter/recipe_selected.png,textures/gui/container/stonecutter.png,"0,368,32,404",ROOT_tools\vanilla_reconciliation_backup\gui_placeholders\textures\gui\sprites\container\stonecutter\recipe_selected.png,ExtractedExactVanillaMappedSprite
textures/gui/sprites/container/stonecutter/recipe.png,textures/gui/container/stonecutter.png,"0,332,32,368",ROOT_tools\vanilla_reconciliation_backup\gui_placeholders\textures\gui\sprites\container\stonecutter\recipe.png,ExtractedExactVanillaMappedSprite
textures/gui/sprites/container/villager/discount_strikethrough.png,textures/gui/container/villager2.png,"0,352,18,356",ROOT_tools\vanilla_reconciliation_backup\gui_placeholders\textures\gui\sprites\container\villager\discount_strikethrough.png,ExtractedExactVanillaMappedSprite
textures/gui/sprites/container/villager/experience_bar_background.png,textures/gui/container/villager2.png,"0,372,204,382",ROOT_tools\vanilla_reconciliation_backup\gui_placeholders\textures\gui\sprites\container\villager\experience_bar_background.png,ExtractedExactVanillaMappedSprite
textures/gui/sprites/container/villager/experience_bar_current.png,textures/gui/container/villager2.png,"0,382,204,392",ROOT_tools\vanilla_reconciliation_backup\gui_placeholders\textures\gui\sprites\container\villager\experience_bar_current.png,ExtractedExactVanillaMappedSprite
textures/gui/sprites/container/villager/out_of_stock.png,textures/gui/container/villager2.png,"622,0,678,42",ROOT_tools\vanilla_reconciliation_backup\gui_placeholders\textures\gui\sprites\container\villager\out_of_stock.png,ExtractedExactVanillaMappedSprite
textures/gui/sprites/container/villager/scroller_disabled.png,textures/gui/container/villager2.png,"12,398,24,452",ROOT_tools\vanilla_reconciliation_backup\gui_placeholders\textures\gui\sprites\container\villager\scroller_disabled.png,ExtractedExactVanillaMappedSprite
textures/gui/sprites/container/villager/scroller.png,textures/gui/container/villager2.png,"0,398,12,452",ROOT_tools\vanilla_reconciliation_backup\gui_placeholders\textures\gui\sprites\container\villager\scroller.png,ExtractedExactVanillaMappedSprite
textures/gui/sprites/container/villager/trade_arrow_out_of_stock.png,textures/gui/container/villager2.png,"50,342,70,360",ROOT_tools\vanilla_reconciliation_backup\gui_placeholders\textures\gui\sprites\container\villager\trade_arrow_out_of_stock.png,ExtractedExactVanillaMappedSprite
textures/gui/sprites/container/villager/trade_arrow.png,textures/gui/container/villager2.png,"30,342,50,360",ROOT_tools\vanilla_reconciliation_backup\gui_placeholders\textures\gui\sprites\container\villager\trade_arrow.png,ExtractedExactVanillaMappedSprite
textures/gui/sprites/gamemode_switcher/selection.png,textures/gui/container/gamemode_switcher.png,"26,75,52,101",ROOT_tools\vanilla_reconciliation_backup\gui_placeholders\textures\gui\sprites\gamemode_switcher\selection.png,ExtractedExactVanillaMappedSprite
textures/gui/sprites/gamemode_switcher/slot.png,textures/gui/container/gamemode_switcher.png,"0,75,26,101",ROOT_tools\vanilla_reconciliation_backup\gui_placeholders\textures\gui\sprites\gamemode_switcher\slot.png,ExtractedExactVanillaMappedSprite
textures/gui/sprites/hud/air_bursting.png,textures/gui/icons.png,"50,36,68,54",ROOT_tools\vanilla_reconciliation_backup\gui_placeholders\textures\gui\sprites\hud\air_bursting.png,ExtractedExactVanillaMappedSprite
textures/gui/sprites/hud/air.png,textures/gui/icons.png,"32,36,50,54",ROOT_tools\vanilla_reconciliation_backup\gui_placeholders\textures\gui\sprites\hud\air.png,ExtractedExactVanillaMappedSprite
textures/gui/sprites/hud/armor_empty.png,textures/gui/icons.png,"32,18,50,36",ROOT_tools\vanilla_reconciliation_backup\gui_placeholders\textures\gui\sprites\hud\armor_empty.png,ExtractedExactVanillaMappedSprite
textures/gui/sprites/hud/armor_half.png,textures/gui/icons.png,"50,18,68,36",ROOT_tools\vanilla_reconciliation_backup\gui_placeholders\textures\gui\sprites\hud\armor_half.png,ExtractedExactVanillaMappedSprite
textures/gui/sprites/hud/crosshair_attack_indicator_background.png,textures/gui/icons.png,"72,188,104,196",ROOT_tools\vanilla_reconciliation_backup\gui_placeholders\textures\gui\sprites\hud\crosshair_attack_indicator_background.png,ExtractedExactVanillaMappedSprite
textures/gui/sprites/hud/crosshair_attack_indicator_full.png,textures/gui/icons.png,"136,188,168,220",ROOT_tools\vanilla_reconciliation_backup\gui_placeholders\textures\gui\sprites\hud\crosshair_attack_indicator_full.png,ExtractedExactVanillaMappedSprite
textures/gui/sprites/hud/crosshair_attack_indicator_progress.png,textures/gui/icons.png,"104,188,136,196",ROOT_tools\vanilla_reconciliation_backup\gui_placeholders\textures\gui\sprites\hud\crosshair_attack_indicator_progress.png,ExtractedExactVanillaMappedSprite
textures/gui/sprites/hud/effect_background_ambient.png,textures/gui/container/inventory.png,"330,332,378,380",ROOT_tools\vanilla_reconciliation_backup\gui_placeholders\textures\gui\sprites\hud\effect_background_ambient.png,ExtractedExactVanillaMappedSprite
textures/gui/sprites/hud/effect_background.png,textures/gui/container/inventory.png,"282,332,330,380",ROOT_tools\vanilla_reconciliation_backup\gui_placeholders\textures\gui\sprites\hud\effect_background.png,ExtractedExactVanillaMappedSprite
textures/gui/sprites/hud/experience_bar_background.png,textures/gui/icons.png,"0,128,364,138",ROOT_tools\vanilla_reconciliation_backup\gui_placeholders\textures\gui\sprites\hud\experience_bar_background.png,ExtractedExactVanillaMappedSprite
textures/gui/sprites/hud/experience_bar_progress.png,textures/gui/icons.png,"0,138,364,148",ROOT_tools\vanilla_reconciliation_backup\gui_placeholders\textures\gui\sprites\hud\experience_bar_progress.png,ExtractedExactVanillaMappedSprite
textures/gui/sprites/hud/food_empty_hunger.png,textures/gui/icons.png,"266,54,284,72",ROOT_tools\vanilla_reconciliation_backup\gui_placeholders\textures\gui\sprites\hud\food_empty_hunger.png,ExtractedExactVanillaMappedSprite
textures/gui/sprites/hud/food_empty.png,textures/gui/icons.png,"32,54,50,72",ROOT_tools\vanilla_reconciliation_backup\gui_placeholders\textures\gui\sprites\hud\food_empty.png,ExtractedExactVanillaMappedSprite
textures/gui/sprites/hud/food_full_hunger.png,textures/gui/icons.png,"176,54,194,72",ROOT_tools\vanilla_reconciliation_backup\gui_placeholders\textures\gui\sprites\hud\food_full_hunger.png,ExtractedExactVanillaMappedSprite
textures/gui/sprites/hud/food_full.png,textures/gui/icons.png,"104,54,122,72",ROOT_tools\vanilla_reconciliation_backup\gui_placeholders\textures\gui\sprites\hud\food_full.png,ExtractedExactVanillaMappedSprite
textures/gui/sprites/hud/food_half_hunger.png,textures/gui/icons.png,"194,54,212,72",ROOT_tools\vanilla_reconciliation_backup\gui_placeholders\textures\gui\sprites\hud\food_half_hunger.png,ExtractedExactVanillaMappedSprite
textures/gui/sprites/hud/food_half.png,textures/gui/icons.png,"122,54,140,72",ROOT_tools\vanilla_reconciliation_backup\gui_placeholders\textures\gui\sprites\hud\food_half.png,ExtractedExactVanillaMappedSprite
textures/gui/sprites/hud/heart/absorbing_full_blinking.png,textures/gui/icons.png,"320,0,338,18",ROOT_tools\vanilla_reconciliation_backup\gui_placeholders\textures\gui\sprites\hud\heart\absorbing_full_blinking.png,ExtractedExactVanillaMappedSprite
textures/gui/sprites/hud/heart/absorbing_full.png,textures/gui/icons.png,"320,0,338,18",ROOT_tools\vanilla_reconciliation_backup\gui_placeholders\textures\gui\sprites\hud\heart\absorbing_full.png,ExtractedExactVanillaMappedSprite
textures/gui/sprites/hud/heart/absorbing_half_blinking.png,textures/gui/icons.png,"338,0,356,18",ROOT_tools\vanilla_reconciliation_backup\gui_placeholders\textures\gui\sprites\hud\heart\absorbing_half_blinking.png,ExtractedExactVanillaMappedSprite
textures/gui/sprites/hud/heart/absorbing_half.png,textures/gui/icons.png,"338,0,356,18",ROOT_tools\vanilla_reconciliation_backup\gui_placeholders\textures\gui\sprites\hud\heart\absorbing_half.png,ExtractedExactVanillaMappedSprite
textures/gui/sprites/hud/heart/absorbing_hardcore_full_blinking.png,textures/gui/icons.png,"320,90,338,108",ROOT_tools\vanilla_reconciliation_backup\gui_placeholders\textures\gui\sprites\hud\heart\absorbing_hardcore_full_blinking.png,ExtractedExactVanillaMappedSprite
textures/gui/sprites/hud/heart/absorbing_hardcore_full.png,textures/gui/icons.png,"320,90,338,108",ROOT_tools\vanilla_reconciliation_backup\gui_placeholders\textures\gui\sprites\hud\heart\absorbing_hardcore_full.png,ExtractedExactVanillaMappedSprite
textures/gui/sprites/hud/heart/absorbing_hardcore_half_blinking.png,textures/gui/icons.png,"338,90,356,108",ROOT_tools\vanilla_reconciliation_backup\gui_placeholders\textures\gui\sprites\hud\heart\absorbing_hardcore_half_blinking.png,ExtractedExactVanillaMappedSprite
textures/gui/sprites/hud/heart/absorbing_hardcore_half.png,textures/gui/icons.png,"338,90,356,108",ROOT_tools\vanilla_reconciliation_backup\gui_placeholders\textures\gui\sprites\hud\heart\absorbing_hardcore_half.png,ExtractedExactVanillaMappedSprite
textures/gui/sprites/hud/heart/frozen_full_blinking.png,textures/gui/icons.png,"356,0,374,18",ROOT_tools\vanilla_reconciliation_backup\gui_placeholders\textures\gui\sprites\hud\heart\frozen_full_blinking.png,ExtractedExactVanillaMappedSprite
textures/gui/sprites/hud/heart/frozen_full.png,textures/gui/icons.png,"356,0,374,18",ROOT_tools\vanilla_reconciliation_backup\gui_placeholders\textures\gui\sprites\hud\heart\frozen_full.png,ExtractedExactVanillaMappedSprite
textures/gui/sprites/hud/heart/frozen_half_blinking.png,textures/gui/icons.png,"374,0,392,18",ROOT_tools\vanilla_reconciliation_backup\gui_placeholders\textures\gui\sprites\hud\heart\frozen_half_blinking.png,ExtractedExactVanillaMappedSprite
textures/gui/sprites/hud/heart/frozen_half.png,textures/gui/icons.png,"374,0,392,18",ROOT_tools\vanilla_reconciliation_backup\gui_placeholders\textures\gui\sprites\hud\heart\frozen_half.png,ExtractedExactVanillaMappedSprite
textures/gui/sprites/hud/heart/frozen_hardcore_full_blinking.png,textures/gui/icons.png,"356,90,374,108",ROOT_tools\vanilla_reconciliation_backup\gui_placeholders\textures\gui\sprites\hud\heart\frozen_hardcore_full_blinking.png,ExtractedExactVanillaMappedSprite
textures/gui/sprites/hud/heart/frozen_hardcore_full.png,textures/gui/icons.png,"356,90,374,108",ROOT_tools\vanilla_reconciliation_backup\gui_placeholders\textures\gui\sprites\hud\heart\frozen_hardcore_full.png,ExtractedExactVanillaMappedSprite
textures/gui/sprites/hud/heart/frozen_hardcore_half_blinking.png,textures/gui/icons.png,"374,90,392,108",ROOT_tools\vanilla_reconciliation_backup\gui_placeholders\textures\gui\sprites\hud\heart\frozen_hardcore_half_blinking.png,ExtractedExactVanillaMappedSprite
textures/gui/sprites/hud/heart/frozen_hardcore_half.png,textures/gui/icons.png,"374,90,392,108",ROOT_tools\vanilla_reconciliation_backup\gui_placeholders\textures\gui\sprites\hud\heart\frozen_hardcore_half.png,ExtractedExactVanillaMappedSprite
textures/gui/sprites/hud/heart/full_blinking.png,textures/gui/icons.png,"140,0,158,18",ROOT_tools\vanilla_reconciliation_backup\gui_placeholders\textures\gui\sprites\hud\heart\full_blinking.png,ExtractedExactVanillaMappedSprite
textures/gui/sprites/hud/heart/full.png,textures/gui/icons.png,"104,0,122,18",ROOT_tools\vanilla_reconciliation_backup\gui_placeholders\textures\gui\sprites\hud\heart\full.png,ExtractedExactVanillaMappedSprite
textures/gui/sprites/hud/heart/half_blinking.png,textures/gui/icons.png,"158,0,176,18",ROOT_tools\vanilla_reconciliation_backup\gui_placeholders\textures\gui\sprites\hud\heart\half_blinking.png,ExtractedExactVanillaMappedSprite
textures/gui/sprites/hud/heart/half.png,textures/gui/icons.png,"122,0,140,18",ROOT_tools\vanilla_reconciliation_backup\gui_placeholders\textures\gui\sprites\hud\heart\half.png,ExtractedExactVanillaMappedSprite
textures/gui/sprites/hud/heart/hardcore_full_blinking.png,textures/gui/icons.png,"140,90,158,108",ROOT_tools\vanilla_reconciliation_backup\gui_placeholders\textures\gui\sprites\hud\heart\hardcore_full_blinking.png,ExtractedExactVanillaMappedSprite
textures/gui/sprites/hud/heart/hardcore_full.png,textures/gui/icons.png,"104,90,122,108",ROOT_tools\vanilla_reconciliation_backup\gui_placeholders\textures\gui\sprites\hud\heart\hardcore_full.png,ExtractedExactVanillaMappedSprite
textures/gui/sprites/hud/heart/hardcore_half_blinking.png,textures/gui/icons.png,"158,90,176,108",ROOT_tools\vanilla_reconciliation_backup\gui_placeholders\textures\gui\sprites\hud\heart\hardcore_half_blinking.png,ExtractedExactVanillaMappedSprite
textures/gui/sprites/hud/heart/hardcore_half.png,textures/gui/icons.png,"122,90,140,108",ROOT_tools\vanilla_reconciliation_backup\gui_placeholders\textures\gui\sprites\hud\heart\hardcore_half.png,ExtractedExactVanillaMappedSprite
textures/gui/sprites/hud/heart/poisoned_full_blinking.png,textures/gui/icons.png,"212,0,230,18",ROOT_tools\vanilla_reconciliation_backup\gui_placeholders\textures\gui\sprites\hud\heart\poisoned_full_blinking.png,ExtractedExactVanillaMappedSprite
textures/gui/sprites/hud/heart/poisoned_full.png,textures/gui/icons.png,"176,0,194,18",ROOT_tools\vanilla_reconciliation_backup\gui_placeholders\textures\gui\sprites\hud\heart\poisoned_full.png,ExtractedExactVanillaMappedSprite
textures/gui/sprites/hud/heart/poisoned_half_blinking.png,textures/gui/icons.png,"230,0,248,18",ROOT_tools\vanilla_reconciliation_backup\gui_placeholders\textures\gui\sprites\hud\heart\poisoned_half_blinking.png,ExtractedExactVanillaMappedSprite
textures/gui/sprites/hud/heart/poisoned_half.png,textures/gui/icons.png,"194,0,212,18",ROOT_tools\vanilla_reconciliation_backup\gui_placeholders\textures\gui\sprites\hud\heart\poisoned_half.png,ExtractedExactVanillaMappedSprite
textures/gui/sprites/hud/heart/poisoned_hardcore_full_blinking.png,textures/gui/icons.png,"212,90,230,108",ROOT_tools\vanilla_reconciliation_backup\gui_placeholders\textures\gui\sprites\hud\heart\poisoned_hardcore_full_blinking.png,ExtractedExactVanillaMappedSprite
textures/gui/sprites/hud/heart/poisoned_hardcore_full.png,textures/gui/icons.png,"176,90,194,108",ROOT_tools\vanilla_reconciliation_backup\gui_placeholders\textures\gui\sprites\hud\heart\poisoned_hardcore_full.png,ExtractedExactVanillaMappedSprite
textures/gui/sprites/hud/heart/poisoned_hardcore_half_blinking.png,textures/gui/icons.png,"230,90,248,108",ROOT_tools\vanilla_reconciliation_backup\gui_placeholders\textures\gui\sprites\hud\heart\poisoned_hardcore_half_blinking.png,ExtractedExactVanillaMappedSprite
textures/gui/sprites/hud/heart/poisoned_hardcore_half.png,textures/gui/icons.png,"194,90,212,108",ROOT_tools\vanilla_reconciliation_backup\gui_placeholders\textures\gui\sprites\hud\heart\poisoned_hardcore_half.png,ExtractedExactVanillaMappedSprite
textures/gui/sprites/hud/heart/vehicle_container.png,textures/gui/icons.png,"104,18,122,36",ROOT_tools\vanilla_reconciliation_backup\gui_placeholders\textures\gui\sprites\hud\heart\vehicle_container.png,ExtractedExactVanillaMappedSprite
textures/gui/sprites/hud/heart/vehicle_full.png,textures/gui/icons.png,"176,18,194,36",ROOT_tools\vanilla_reconciliation_backup\gui_placeholders\textures\gui\sprites\hud\heart\vehicle_full.png,ExtractedExactVanillaMappedSprite
textures/gui/sprites/hud/heart/vehicle_half.png,textures/gui/icons.png,"194,18,212,36",ROOT_tools\vanilla_reconciliation_backup\gui_placeholders\textures\gui\sprites\hud\heart\vehicle_half.png,ExtractedExactVanillaMappedSprite
textures/gui/sprites/hud/heart/withered_full_blinking.png,textures/gui/icons.png,"284,0,302,18",ROOT_tools\vanilla_reconciliation_backup\gui_placeholders\textures\gui\sprites\hud\heart\withered_full_blinking.png,ExtractedExactVanillaMappedSprite
textures/gui/sprites/hud/heart/withered_full.png,textures/gui/icons.png,"248,0,266,18",ROOT_tools\vanilla_reconciliation_backup\gui_placeholders\textures\gui\sprites\hud\heart\withered_full.png,ExtractedExactVanillaMappedSprite
textures/gui/sprites/hud/heart/withered_half_blinking.png,textures/gui/icons.png,"302,0,320,18",ROOT_tools\vanilla_reconciliation_backup\gui_placeholders\textures\gui\sprites\hud\heart\withered_half_blinking.png,ExtractedExactVanillaMappedSprite
textures/gui/sprites/hud/heart/withered_half.png,textures/gui/icons.png,"266,0,284,18",ROOT_tools\vanilla_reconciliation_backup\gui_placeholders\textures\gui\sprites\hud\heart\withered_half.png,ExtractedExactVanillaMappedSprite
textures/gui/sprites/hud/heart/withered_hardcore_full_blinking.png,textures/gui/icons.png,"284,90,302,108",ROOT_tools\vanilla_reconciliation_backup\gui_placeholders\textures\gui\sprites\hud\heart\withered_hardcore_full_blinking.png,ExtractedExactVanillaMappedSprite
textures/gui/sprites/hud/heart/withered_hardcore_full.png,textures/gui/icons.png,"248,90,266,108",ROOT_tools\vanilla_reconciliation_backup\gui_placeholders\textures\gui\sprites\hud\heart\withered_hardcore_full.png,ExtractedExactVanillaMappedSprite
textures/gui/sprites/hud/heart/withered_hardcore_half_blinking.png,textures/gui/icons.png,"302,90,320,108",ROOT_tools\vanilla_reconciliation_backup\gui_placeholders\textures\gui\sprites\hud\heart\withered_hardcore_half_blinking.png,ExtractedExactVanillaMappedSprite
textures/gui/sprites/hud/heart/withered_hardcore_half.png,textures/gui/icons.png,"266,90,284,108",ROOT_tools\vanilla_reconciliation_backup\gui_placeholders\textures\gui\sprites\hud\heart\withered_hardcore_half.png,ExtractedExactVanillaMappedSprite
textures/gui/sprites/hud/hotbar_attack_indicator_background.png,textures/gui/icons.png,"0,188,36,224",ROOT_tools\vanilla_reconciliation_backup\gui_placeholders\textures\gui\sprites\hud\hotbar_attack_indicator_background.png,ExtractedExactVanillaMappedSprite
textures/gui/sprites/hud/hotbar_attack_indicator_progress.png,textures/gui/icons.png,"36,188,72,224",ROOT_tools\vanilla_reconciliation_backup\gui_placeholders\textures\gui\sprites\hud\hotbar_attack_indicator_progress.png,ExtractedExactVanillaMappedSprite
textures/gui/sprites/hud/hotbar_offhand_left.png,textures/gui/widgets.png,"48,44,106,92",ROOT_tools\vanilla_reconciliation_backup\gui_placeholders\textures\gui\sprites\hud\hotbar_offhand_left.png,ExtractedExactVanillaMappedSprite
textures/gui/sprites/hud/hotbar_offhand_right.png,textures/gui/widgets.png,"106,44,164,92",ROOT_tools\vanilla_reconciliation_backup\gui_placeholders\textures\gui\sprites\hud\hotbar_offhand_right.png,ExtractedExactVanillaMappedSprite
textures/gui/sprites/hud/hotbar_selection.png,textures/gui/widgets.png,"0,44,48,90",ROOT_tools\vanilla_reconciliation_backup\gui_placeholders\textures\gui\sprites\hud\hotbar_selection.png,ExtractedExactVanillaMappedSprite
textures/gui/sprites/hud/hotbar.png,textures/gui/widgets.png,"0,0,364,44",ROOT_tools\vanilla_reconciliation_backup\gui_placeholders\textures\gui\sprites\hud\hotbar.png,ExtractedExactVanillaMappedSprite
textures/gui/sprites/hud/jump_bar_background.png,textures/gui/icons.png,"0,168,364,178",ROOT_tools\vanilla_reconciliation_backup\gui_placeholders\textures\gui\sprites\hud\jump_bar_background.png,ExtractedExactVanillaMappedSprite
textures/gui/sprites/hud/jump_bar_progress.png,textures/gui/icons.png,"0,178,364,188",ROOT_tools\vanilla_reconciliation_backup\gui_placeholders\textures\gui\sprites\hud\jump_bar_progress.png,ExtractedExactVanillaMappedSprite
textures/gui/sprites/icon/draft_report.png,textures/gui/widgets.png,"364,48,394,78",ROOT_tools\vanilla_reconciliation_backup\gui_placeholders\textures\gui\sprites\icon\draft_report.png,ExtractedExactVanillaMappedSprite
textures/gui/sprites/icon/search.png,textures/gui/social_interactions.png,"243,1,255,13",ROOT_tools\vanilla_reconciliation_backup\gui_placeholders\textures\gui\sprites\icon\search.png,ExtractedExactVanillaMappedSprite
textures/gui/sprites/notification/1.png,textures/gui/widgets.png,"396,44,412,60",ROOT_tools\vanilla_reconciliation_backup\gui_placeholders\textures\gui\sprites\notification\1.png,ExtractedExactVanillaMappedSprite
textures/gui/sprites/notification/2.png,textures/gui/widgets.png,"412,44,428,60",ROOT_tools\vanilla_reconciliation_backup\gui_placeholders\textures\gui\sprites\notification\2.png,ExtractedExactVanillaMappedSprite
textures/gui/sprites/notification/3.png,textures/gui/widgets.png,"428,44,444,60",ROOT_tools\vanilla_reconciliation_backup\gui_placeholders\textures\gui\sprites\notification\3.png,ExtractedExactVanillaMappedSprite
textures/gui/sprites/notification/4.png,textures/gui/widgets.png,"444,44,460,60",ROOT_tools\vanilla_reconciliation_backup\gui_placeholders\textures\gui\sprites\notification\4.png,ExtractedExactVanillaMappedSprite
textures/gui/sprites/notification/5.png,textures/gui/widgets.png,"460,44,476,60",ROOT_tools\vanilla_reconciliation_backup\gui_placeholders\textures\gui\sprites\notification\5.png,ExtractedExactVanillaMappedSprite
textures/gui/sprites/recipe_book/button_highlighted.png,textures/gui/recipe_button.png,"0,19,20,37",ROOT_tools\vanilla_reconciliation_backup\gui_placeholders\textures\gui\sprites\recipe_book\button_highlighted.png,ExtractedExactVanillaMappedSprite
textures/gui/sprites/recipe_book/button.png,textures/gui/recipe_button.png,"0,0,20,18",ROOT_tools\vanilla_reconciliation_backup\gui_placeholders\textures\gui\sprites\recipe_book\button.png,ExtractedExactVanillaMappedSprite
textures/gui/sprites/recipe_book/crafting_overlay_disabled_highlighted.png,textures/gui/recipe_book.png,"356,208,404,256",ROOT_tools\vanilla_reconciliation_backup\gui_placeholders\textures\gui\sprites\recipe_book\crafting_overlay_disabled_highlighted.png,ExtractedExactVanillaMappedSprite
textures/gui/sprites/recipe_book/crafting_overlay_disabled.png,textures/gui/recipe_book.png,"356,156,404,204",ROOT_tools\vanilla_reconciliation_backup\gui_placeholders\textures\gui\sprites\recipe_book\crafting_overlay_disabled.png,ExtractedExactVanillaMappedSprite
textures/gui/sprites/recipe_book/crafting_overlay_highlighted.png,textures/gui/recipe_book.png,"304,208,352,256",ROOT_tools\vanilla_reconciliation_backup\gui_placeholders\textures\gui\sprites\recipe_book\crafting_overlay_highlighted.png,ExtractedExactVanillaMappedSprite
textures/gui/sprites/recipe_book/crafting_overlay.png,textures/gui/recipe_book.png,"304,156,352,204",ROOT_tools\vanilla_reconciliation_backup\gui_placeholders\textures\gui\sprites\recipe_book\crafting_overlay.png,ExtractedExactVanillaMappedSprite
textures/gui/sprites/recipe_book/filter_disabled_highlighted.png,textures/gui/recipe_book.png,"304,118,356,150",ROOT_tools\vanilla_reconciliation_backup\gui_placeholders\textures\gui\sprites\recipe_book\filter_disabled_highlighted.png,ExtractedExactVanillaMappedSprite
textures/gui/sprites/recipe_book/filter_disabled.png,textures/gui/recipe_book.png,"304,82,356,114",ROOT_tools\vanilla_reconciliation_backup\gui_placeholders\textures\gui\sprites\recipe_book\filter_disabled.png,ExtractedExactVanillaMappedSprite
textures/gui/sprites/recipe_book/filter_enabled_highlighted.png,textures/gui/recipe_book.png,"360,118,412,150",ROOT_tools\vanilla_reconciliation_backup\gui_placeholders\textures\gui\sprites\recipe_book\filter_enabled_highlighted.png,ExtractedExactVanillaMappedSprite
textures/gui/sprites/recipe_book/filter_enabled.png,textures/gui/recipe_book.png,"360,82,412,114",ROOT_tools\vanilla_reconciliation_backup\gui_placeholders\textures\gui\sprites\recipe_book\filter_enabled.png,ExtractedExactVanillaMappedSprite
textures/gui/sprites/recipe_book/furnace_filter_disabled_highlighted.png,textures/gui/recipe_book.png,"304,400,356,432",ROOT_tools\vanilla_reconciliation_backup\gui_placeholders\textures\gui\sprites\recipe_book\furnace_filter_disabled_highlighted.png,ExtractedExactVanillaMappedSprite
textures/gui/sprites/recipe_book/furnace_filter_disabled.png,textures/gui/recipe_book.png,"304,364,356,396",ROOT_tools\vanilla_reconciliation_backup\gui_placeholders\textures\gui\sprites\recipe_book\furnace_filter_disabled.png,ExtractedExactVanillaMappedSprite
textures/gui/sprites/recipe_book/furnace_filter_enabled_highlighted.png,textures/gui/recipe_book.png,"360,400,412,432",ROOT_tools\vanilla_reconciliation_backup\gui_placeholders\textures\gui\sprites\recipe_book\furnace_filter_enabled_highlighted.png,ExtractedExactVanillaMappedSprite
textures/gui/sprites/recipe_book/furnace_filter_enabled.png,textures/gui/recipe_book.png,"360,364,412,396",ROOT_tools\vanilla_reconciliation_backup\gui_placeholders\textures\gui\sprites\recipe_book\furnace_filter_enabled.png,ExtractedExactVanillaMappedSprite
textures/gui/sprites/recipe_book/furnace_overlay_disabled_highlighted.png,textures/gui/recipe_book.png,"356,312,404,360",ROOT_tools\vanilla_reconciliation_backup\gui_placeholders\textures\gui\sprites\recipe_book\furnace_overlay_disabled_highlighted.png,ExtractedExactVanillaMappedSprite
textures/gui/sprites/recipe_book/furnace_overlay_disabled.png,textures/gui/recipe_book.png,"356,260,404,308",ROOT_tools\vanilla_reconciliation_backup\gui_placeholders\textures\gui\sprites\recipe_book\furnace_overlay_disabled.png,ExtractedExactVanillaMappedSprite
textures/gui/sprites/recipe_book/furnace_overlay_highlighted.png,textures/gui/recipe_book.png,"304,312,352,360",ROOT_tools\vanilla_reconciliation_backup\gui_placeholders\textures\gui\sprites\recipe_book\furnace_overlay_highlighted.png,ExtractedExactVanillaMappedSprite
textures/gui/sprites/recipe_book/furnace_overlay.png,textures/gui/recipe_book.png,"304,260,352,308",ROOT_tools\vanilla_reconciliation_backup\gui_placeholders\textures\gui\sprites\recipe_book\furnace_overlay.png,ExtractedExactVanillaMappedSprite
textures/gui/sprites/recipe_book/overlay_recipe.png,textures/gui/recipe_book.png,"164,416,228,480",ROOT_tools\vanilla_reconciliation_backup\gui_placeholders\textures\gui\sprites\recipe_book\overlay_recipe.png,ExtractedExactVanillaMappedSprite
textures/gui/sprites/recipe_book/page_backward_highlighted.png,textures/gui/recipe_book.png,"28,452,52,486",ROOT_tools\vanilla_reconciliation_backup\gui_placeholders\textures\gui\sprites\recipe_book\page_backward_highlighted.png,ExtractedExactVanillaMappedSprite
textures/gui/sprites/recipe_book/page_backward.png,textures/gui/recipe_book.png,"28,416,52,450",ROOT_tools\vanilla_reconciliation_backup\gui_placeholders\textures\gui\sprites\recipe_book\page_backward.png,ExtractedExactVanillaMappedSprite
textures/gui/sprites/recipe_book/page_forward_highlighted.png,textures/gui/recipe_book.png,"2,452,26,486",ROOT_tools\vanilla_reconciliation_backup\gui_placeholders\textures\gui\sprites\recipe_book\page_forward_highlighted.png,ExtractedExactVanillaMappedSprite
textures/gui/sprites/recipe_book/page_forward.png,textures/gui/recipe_book.png,"2,416,26,450",ROOT_tools\vanilla_reconciliation_backup\gui_placeholders\textures\gui\sprites\recipe_book\page_forward.png,ExtractedExactVanillaMappedSprite
textures/gui/sprites/recipe_book/slot_craftable.png,textures/gui/recipe_book.png,"58,412,108,462",ROOT_tools\vanilla_reconciliation_backup\gui_placeholders\textures\gui\sprites\recipe_book\slot_craftable.png,ExtractedExactVanillaMappedSprite
textures/gui/sprites/recipe_book/slot_many_craftable.png,textures/gui/recipe_book.png,"58,462,108,512",ROOT_tools\vanilla_reconciliation_backup\gui_placeholders\textures\gui\sprites\recipe_book\slot_many_craftable.png,ExtractedExactVanillaMappedSprite
textures/gui/sprites/recipe_book/tab_selected.png,textures/gui/recipe_book.png,"376,4,446,58",ROOT_tools\vanilla_reconciliation_backup\gui_placeholders\textures\gui\sprites\recipe_book\tab_selected.png,ExtractedExactVanillaMappedSprite
textures/gui/sprites/recipe_book/tab.png,textures/gui/recipe_book.png,"306,4,376,58",ROOT_tools\vanilla_reconciliation_backup\gui_placeholders\textures\gui\sprites\recipe_book\tab.png,ExtractedExactVanillaMappedSprite
textures/gui/sprites/server_list/join_highlighted.png,textures/gui/server_selection.png,"0,64,64,128",ROOT_tools\vanilla_reconciliation_backup\gui_placeholders\textures\gui\sprites\server_list\join_highlighted.png,ExtractedExactVanillaMappedSprite
textures/gui/sprites/server_list/join.png,textures/gui/server_selection.png,"0,0,64,64",ROOT_tools\vanilla_reconciliation_backup\gui_placeholders\textures\gui\sprites\server_list\join.png,ExtractedExactVanillaMappedSprite
textures/gui/sprites/server_list/move_down_highlighted.png,textures/gui/server_selection.png,"128,64,192,128",ROOT_tools\vanilla_reconciliation_backup\gui_placeholders\textures\gui\sprites\server_list\move_down_highlighted.png,ExtractedExactVanillaMappedSprite
textures/gui/sprites/server_list/move_down.png,textures/gui/server_selection.png,"128,0,192,64",ROOT_tools\vanilla_reconciliation_backup\gui_placeholders\textures\gui\sprites\server_list\move_down.png,ExtractedExactVanillaMappedSprite
textures/gui/sprites/server_list/move_up.png,textures/gui/server_selection.png,"192,0,256,64",ROOT_tools\vanilla_reconciliation_backup\gui_placeholders\textures\gui\sprites\server_list\move_up.png,ExtractedExactVanillaMappedSprite
textures/gui/sprites/server_list/pinging_1.png,textures/gui/icons.png,"20,352,40,368",ROOT_tools\vanilla_reconciliation_backup\gui_placeholders\textures\gui\sprites\server_list\pinging_1.png,ExtractedExactVanillaMappedSprite
textures/gui/sprites/server_list/pinging_2.png,textures/gui/icons.png,"20,368,40,384",ROOT_tools\vanilla_reconciliation_backup\gui_placeholders\textures\gui\sprites\server_list\pinging_2.png,ExtractedExactVanillaMappedSprite
textures/gui/sprites/server_list/pinging_3.png,textures/gui/icons.png,"20,384,40,400",ROOT_tools\vanilla_reconciliation_backup\gui_placeholders\textures\gui\sprites\server_list\pinging_3.png,ExtractedExactVanillaMappedSprite
textures/gui/sprites/server_list/pinging_4.png,textures/gui/icons.png,"20,400,40,416",ROOT_tools\vanilla_reconciliation_backup\gui_placeholders\textures\gui\sprites\server_list\pinging_4.png,ExtractedExactVanillaMappedSprite
textures/gui/sprites/server_list/pinging_5.png,textures/gui/icons.png,"20,416,40,432",ROOT_tools\vanilla_reconciliation_backup\gui_placeholders\textures\gui\sprites\server_list\pinging_5.png,ExtractedExactVanillaMappedSprite
textures/gui/sprites/social_interactions/background.png,textures/gui/social_interactions.png,"1,1,237,35",ROOT_tools\vanilla_reconciliation_backup\gui_placeholders\textures\gui\sprites\social_interactions\background.png,ExtractedExactVanillaMappedSprite
textures/gui/sprites/social_interactions/mute_button_highlighted.png,textures/gui/social_interactions.png,"0,58,20,78",ROOT_tools\vanilla_reconciliation_backup\gui_placeholders\textures\gui\sprites\social_interactions\mute_button_highlighted.png,ExtractedExactVanillaMappedSprite
textures/gui/sprites/social_interactions/mute_button.png,textures/gui/social_interactions.png,"0,38,20,58",ROOT_tools\vanilla_reconciliation_backup\gui_placeholders\textures\gui\sprites\social_interactions\mute_button.png,ExtractedExactVanillaMappedSprite
textures/gui/sprites/social_interactions/unmute_button_highlighted.png,textures/gui/social_interactions.png,"20,58,40,78",ROOT_tools\vanilla_reconciliation_backup\gui_placeholders\textures\gui\sprites\social_interactions\unmute_button_highlighted.png,ExtractedExactVanillaMappedSprite
textures/gui/sprites/social_interactions/unmute_button.png,textures/gui/social_interactions.png,"20,38,40,58",ROOT_tools\vanilla_reconciliation_backup\gui_placeholders\textures\gui\sprites\social_interactions\unmute_button.png,ExtractedExactVanillaMappedSprite
textures/gui/sprites/spectator/close.png,textures/gui/spectator_widgets.png,"128,0,144,16",ROOT_tools\vanilla_reconciliation_backup\gui_placeholders\textures\gui\sprites\spectator\close.png,ExtractedExactVanillaMappedSprite
textures/gui/sprites/spectator/scroll_left.png,textures/gui/spectator_widgets.png,"144,0,160,16",ROOT_tools\vanilla_reconciliation_backup\gui_placeholders\textures\gui\sprites\spectator\scroll_left.png,ExtractedExactVanillaMappedSprite
textures/gui/sprites/spectator/scroll_right.png,textures/gui/spectator_widgets.png,"160,0,176,16",ROOT_tools\vanilla_reconciliation_backup\gui_placeholders\textures\gui\sprites\spectator\scroll_right.png,ExtractedExactVanillaMappedSprite
textures/gui/sprites/spectator/teleport_to_player.png,textures/gui/spectator_widgets.png,"0,0,16,16",ROOT_tools\vanilla_reconciliation_backup\gui_placeholders\textures\gui\sprites\spectator\teleport_to_player.png,ExtractedExactVanillaMappedSprite
textures/gui/sprites/spectator/teleport_to_team.png,textures/gui/spectator_widgets.png,"16,0,32,16",ROOT_tools\vanilla_reconciliation_backup\gui_placeholders\textures\gui\sprites\spectator\teleport_to_team.png,ExtractedExactVanillaMappedSprite
textures/gui/sprites/statistics/block_mined.png,textures/gui/container/stats_icons.png,"108,36,144,72",ROOT_tools\vanilla_reconciliation_backup\gui_placeholders\textures\gui\sprites\statistics\block_mined.png,ExtractedExactVanillaMappedSprite
textures/gui/sprites/statistics/header.png,textures/gui/container/stats_icons.png,"0,36,36,72",ROOT_tools\vanilla_reconciliation_backup\gui_placeholders\textures\gui\sprites\statistics\header.png,ExtractedExactVanillaMappedSprite
textures/gui/sprites/statistics/item_broken.png,textures/gui/container/stats_icons.png,"144,36,180,72",ROOT_tools\vanilla_reconciliation_backup\gui_placeholders\textures\gui\sprites\statistics\item_broken.png,ExtractedExactVanillaMappedSprite
textures/gui/sprites/statistics/item_crafted.png,textures/gui/container/stats_icons.png,"36,36,72,72",ROOT_tools\vanilla_reconciliation_backup\gui_placeholders\textures\gui\sprites\statistics\item_crafted.png,ExtractedExactVanillaMappedSprite
textures/gui/sprites/statistics/item_dropped.png,textures/gui/container/stats_icons.png,"216,36,252,72",ROOT_tools\vanilla_reconciliation_backup\gui_placeholders\textures\gui\sprites\statistics\item_dropped.png,ExtractedExactVanillaMappedSprite
textures/gui/sprites/statistics/item_picked_up.png,textures/gui/container/stats_icons.png,"180,36,216,72",ROOT_tools\vanilla_reconciliation_backup\gui_placeholders\textures\gui\sprites\statistics\item_picked_up.png,ExtractedExactVanillaMappedSprite
textures/gui/sprites/statistics/item_used.png,textures/gui/container/stats_icons.png,"72,36,108,72",ROOT_tools\vanilla_reconciliation_backup\gui_placeholders\textures\gui\sprites\statistics\item_used.png,ExtractedExactVanillaMappedSprite
textures/gui/sprites/transferable_list/move_down_highlighted.png,textures/gui/resource_packs.png,"128,64,192,128",ROOT_tools\vanilla_reconciliation_backup\gui_placeholders\textures\gui\sprites\transferable_list\move_down_highlighted.png,ExtractedExactVanillaMappedSprite
textures/gui/sprites/transferable_list/move_down.png,textures/gui/resource_packs.png,"128,0,192,64",ROOT_tools\vanilla_reconciliation_backup\gui_placeholders\textures\gui\sprites\transferable_list\move_down.png,ExtractedExactVanillaMappedSprite
textures/gui/sprites/transferable_list/move_up_highlighted.png,textures/gui/resource_packs.png,"192,64,256,128",ROOT_tools\vanilla_reconciliation_backup\gui_placeholders\textures\gui\sprites\transferable_list\move_up_highlighted.png,ExtractedExactVanillaMappedSprite
textures/gui/sprites/transferable_list/move_up.png,textures/gui/resource_packs.png,"192,0,256,64",ROOT_tools\vanilla_reconciliation_backup\gui_placeholders\textures\gui\sprites\transferable_list\move_up.png,ExtractedExactVanillaMappedSprite
textures/gui/sprites/transferable_list/select_highlighted.png,textures/gui/resource_packs.png,"0,64,64,128",ROOT_tools\vanilla_reconciliation_backup\gui_placeholders\textures\gui\sprites\transferable_list\select_highlighted.png,ExtractedExactVanillaMappedSprite
textures/gui/sprites/transferable_list/select.png,textures/gui/resource_packs.png,"0,0,64,64",ROOT_tools\vanilla_reconciliation_backup\gui_placeholders\textures\gui\sprites\transferable_list\select.png,ExtractedExactVanillaMappedSprite
textures/gui/sprites/widget/button_disabled.png,textures/gui/widgets.png,"0,92,400,132",ROOT_tools\vanilla_reconciliation_backup\gui_placeholders\textures\gui\sprites\widget\button_disabled.png,ExtractedExactVanillaMappedSprite
textures/gui/sprites/widget/button_highlighted.png,textures/gui/widgets.png,"0,172,400,212",ROOT_tools\vanilla_reconciliation_backup\gui_placeholders\textures\gui\sprites\widget\button_highlighted.png,ExtractedExactVanillaMappedSprite
textures/gui/sprites/widget/button.png,textures/gui/widgets.png,"0,132,400,172",ROOT_tools\vanilla_reconciliation_backup\gui_placeholders\textures\gui\sprites\widget\button.png,ExtractedExactVanillaMappedSprite
textures/gui/sprites/widget/checkbox_selected.png,textures/gui/checkbox.png,"0,20,20,40",ROOT_tools\vanilla_reconciliation_backup\gui_placeholders\textures\gui\sprites\widget\checkbox_selected.png,ExtractedExactVanillaMappedSprite
textures/gui/sprites/widget/checkbox.png,textures/gui/checkbox.png,"0,0,20,20",ROOT_tools\vanilla_reconciliation_backup\gui_placeholders\textures\gui\sprites\widget\checkbox.png,ExtractedExactVanillaMappedSprite
textures/gui/sprites/widget/locked_button_disabled.png,textures/gui/widgets.png,"0,372,40,412",ROOT_tools\vanilla_reconciliation_backup\gui_placeholders\textures\gui\sprites\widget\locked_button_disabled.png,ExtractedExactVanillaMappedSprite
textures/gui/sprites/widget/locked_button_highlighted.png,textures/gui/widgets.png,"0,332,40,372",ROOT_tools\vanilla_reconciliation_backup\gui_placeholders\textures\gui\sprites\widget\locked_button_highlighted.png,ExtractedExactVanillaMappedSprite
textures/gui/sprites/widget/locked_button.png,textures/gui/widgets.png,"0,292,40,332",ROOT_tools\vanilla_reconciliation_backup\gui_placeholders\textures\gui\sprites\widget\locked_button.png,ExtractedExactVanillaMappedSprite
textures/gui/sprites/widget/page_backward_highlighted.png,textures/gui/book.png,"46,410,92,436",ROOT_tools\vanilla_reconciliation_backup\gui_placeholders\textures\gui\sprites\widget\page_backward_highlighted.png,ExtractedExactVanillaMappedSprite
textures/gui/sprites/widget/page_backward.png,textures/gui/book.png,"0,410,46,436",ROOT_tools\vanilla_reconciliation_backup\gui_placeholders\textures\gui\sprites\widget\page_backward.png,ExtractedExactVanillaMappedSprite
textures/gui/sprites/widget/page_forward_highlighted.png,textures/gui/book.png,"46,384,92,410",ROOT_tools\vanilla_reconciliation_backup\gui_placeholders\textures\gui\sprites\widget\page_forward_highlighted.png,ExtractedExactVanillaMappedSprite
textures/gui/sprites/widget/page_forward.png,textures/gui/book.png,"0,384,46,410",ROOT_tools\vanilla_reconciliation_backup\gui_placeholders\textures\gui\sprites\widget\page_forward.png,ExtractedExactVanillaMappedSprite
textures/gui/sprites/widget/slider.png,textures/gui/widgets.png,"0,92,400,132",ROOT_tools\vanilla_reconciliation_backup\gui_placeholders\textures\gui\sprites\widget\slider.png,ExtractedExactVanillaMappedSprite
textures/gui/sprites/widget/unlocked_button_disabled.png,textures/gui/widgets.png,"40,372,80,412",ROOT_tools\vanilla_reconciliation_backup\gui_placeholders\textures\gui\sprites\widget\unlocked_button_disabled.png,ExtractedExactVanillaMappedSprite
textures/gui/sprites/widget/unlocked_button_highlighted.png,textures/gui/widgets.png,"40,332,80,372",ROOT_tools\vanilla_reconciliation_backup\gui_placeholders\textures\gui\sprites\widget\unlocked_button_highlighted.png,ExtractedExactVanillaMappedSprite
textures/gui/sprites/widget/unlocked_button.png,textures/gui/widgets.png,"40,292,80,332",ROOT_tools\vanilla_reconciliation_backup\gui_placeholders\textures\gui\sprites\widget\unlocked_button.png,ExtractedExactVanillaMappedSprite
textures/gui/sprites/world_list/error_highlighted.png,textures/gui/world_selection.png,"192,64,256,128",ROOT_tools\vanilla_reconciliation_backup\gui_placeholders\textures\gui\sprites\world_list\error_highlighted.png,ExtractedExactVanillaMappedSprite
textures/gui/sprites/world_list/error.png,textures/gui/world_selection.png,"192,0,256,64",ROOT_tools\vanilla_reconciliation_backup\gui_placeholders\textures\gui\sprites\world_list\error.png,ExtractedExactVanillaMappedSprite
textures/gui/sprites/world_list/marked_join_highlighted.png,textures/gui/world_selection.png,"64,64,128,128",ROOT_tools\vanilla_reconciliation_backup\gui_placeholders\textures\gui\sprites\world_list\marked_join_highlighted.png,ExtractedExactVanillaMappedSprite
textures/gui/sprites/world_list/marked_join.png,textures/gui/world_selection.png,"64,0,128,64",ROOT_tools\vanilla_reconciliation_backup\gui_placeholders\textures\gui\sprites\world_list\marked_join.png,ExtractedExactVanillaMappedSprite
textures/gui/sprites/world_list/warning_highlighted.png,textures/gui/world_selection.png,"128,64,192,128",ROOT_tools\vanilla_reconciliation_backup\gui_placeholders\textures\gui\sprites\world_list\warning_highlighted.png,ExtractedExactVanillaMappedSprite
textures/gui/sprites/world_list/warning.png,textures/gui/world_selection.png,"128,0,192,64",ROOT_tools\vanilla_reconciliation_backup\gui_placeholders\textures\gui\sprites\world_list\warning.png,ExtractedExactVanillaMappedSprite
textures/gui/title/minceraft.png,textures/gui/title/minceraft.png,"0,0,1024,256",ROOT_tools\vanilla_reconciliation_backup\gui_placeholders\textures\gui\title\minceraft.png,ExtractedExactVanillaMappedSprite
