TexturePath,Category,Classification,Explanation,Width,Height
textures/block/conduit.png,block,PreExistingUnconverted,"The same texture path existed in vanilla 1.20.1, but the upstream LAST DAYS pack did not override it.",16,16
textures/block/copper_bulb_lit_powered.png,block,NewOrChangedAfter1201,No same path or decoded-pixel-equivalent legacy texture was found in vanilla 1.20.1.,16,16
textures/block/copper_bulb_lit.png,block,NewOrChangedAfter1201,No same path or decoded-pixel-equivalent legacy texture was found in vanilla 1.20.1.,16,16
textures/block/copper_bulb_powered.png,block,NewOrChangedAfter1201,No same path or decoded-pixel-equivalent legacy texture was found in vanilla 1.20.1.,16,16
textures/block/copper_bulb.png,block,NewOrChangedAfter1201,No same path or decoded-pixel-equivalent legacy texture was found in vanilla 1.20.1.,16,16
textures/block/copper_door_bottom.png,block,NewOrChangedAfter1201,No same path or decoded-pixel-equivalent legacy texture was found in vanilla 1.20.1.,16,16
textures/block/copper_door_top.png,block,NewOrChangedAfter1201,No same path or decoded-pixel-equivalent legacy texture was found in vanilla 1.20.1.,16,16
textures/block/crafter_bottom.png,block,NewOrChangedAfter1201,No same path or decoded-pixel-equivalent legacy texture was found in vanilla 1.20.1.,16,16
textures/block/crafter_east_crafting.png,block,NewOrChangedAfter1201,No same path or decoded-pixel-equivalent legacy texture was found in vanilla 1.20.1.,16,16
textures/block/crafter_east_triggered.png,block,NewOrChangedAfter1201,No same path or decoded-pixel-equivalent legacy texture was found in vanilla 1.20.1.,16,16
textures/block/crafter_east.png,block,NewOrChangedAfter1201,No same path or decoded-pixel-equivalent legacy texture was found in vanilla 1.20.1.,16,16
textures/block/crafter_north_crafting.png,block,NewOrChangedAfter1201,No same path or decoded-pixel-equivalent legacy texture was found in vanilla 1.20.1.,16,16
textures/block/crafter_north.png,block,NewOrChangedAfter1201,No same path or decoded-pixel-equivalent legacy texture was found in vanilla 1.20.1.,16,16
textures/block/crafter_south_triggered.png,block,NewOrChangedAfter1201,No same path or decoded-pixel-equivalent legacy texture was found in vanilla 1.20.1.,16,16
textures/block/crafter_south.png,block,NewOrChangedAfter1201,No same path or decoded-pixel-equivalent legacy texture was found in vanilla 1.20.1.,16,16
textures/block/crafter_top_crafting.png,block,NewOrChangedAfter1201,No same path or decoded-pixel-equivalent legacy texture was found in vanilla 1.20.1.,16,16
textures/block/crafter_top_triggered.png,block,NewOrChangedAfter1201,No same path or decoded-pixel-equivalent legacy texture was found in vanilla 1.20.1.,16,16
textures/block/crafter_top.png,block,NewOrChangedAfter1201,No same path or decoded-pixel-equivalent legacy texture was found in vanilla 1.20.1.,16,16
textures/block/crafter_west_crafting.png,block,NewOrChangedAfter1201,No same path or decoded-pixel-equivalent legacy texture was found in vanilla 1.20.1.,16,16
textures/block/crafter_west_triggered.png,block,NewOrChangedAfter1201,No same path or decoded-pixel-equivalent legacy texture was found in vanilla 1.20.1.,16,16
textures/block/crafter_west.png,block,NewOrChangedAfter1201,No same path or decoded-pixel-equivalent legacy texture was found in vanilla 1.20.1.,16,16
textures/block/exposed_copper_bulb_lit_powered.png,block,NewOrChangedAfter1201,No same path or decoded-pixel-equivalent legacy texture was found in vanilla 1.20.1.,16,16
textures/block/exposed_copper_bulb_lit.png,block,NewOrChangedAfter1201,No same path or decoded-pixel-equivalent legacy texture was found in vanilla 1.20.1.,16,16
textures/block/exposed_copper_bulb_powered.png,block,NewOrChangedAfter1201,No same path or decoded-pixel-equivalent legacy texture was found in vanilla 1.20.1.,16,16
textures/block/exposed_copper_bulb.png,block,NewOrChangedAfter1201,No same path or decoded-pixel-equivalent legacy texture was found in vanilla 1.20.1.,16,16
textures/block/exposed_copper_door_bottom.png,block,NewOrChangedAfter1201,No same path or decoded-pixel-equivalent legacy texture was found in vanilla 1.20.1.,16,16
textures/block/exposed_copper_door_top.png,block,NewOrChangedAfter1201,No same path or decoded-pixel-equivalent legacy texture was found in vanilla 1.20.1.,16,16
textures/block/frosted_ice_0.png,block,PreExistingUnconverted,"The same texture path existed in vanilla 1.20.1, but the upstream LAST DAYS pack did not override it.",16,16
textures/block/frosted_ice_1.png,block,PreExistingUnconverted,"The same texture path existed in vanilla 1.20.1, but the upstream LAST DAYS pack did not override it.",16,16
textures/block/frosted_ice_2.png,block,PreExistingUnconverted,"The same texture path existed in vanilla 1.20.1, but the upstream LAST DAYS pack did not override it.",16,16
textures/block/frosted_ice_3.png,block,PreExistingUnconverted,"The same texture path existed in vanilla 1.20.1, but the upstream LAST DAYS pack did not override it.",16,16
textures/block/heavy_core.png,block,NewOrChangedAfter1201,No same path or decoded-pixel-equivalent legacy texture was found in vanilla 1.20.1.,16,16
textures/block/jigsaw_bottom.png,block,PreExistingUnconverted,"The same texture path existed in vanilla 1.20.1, but the upstream LAST DAYS pack did not override it.",16,16
textures/block/jigsaw_lock.png,block,PreExistingUnconverted,"The same texture path existed in vanilla 1.20.1, but the upstream LAST DAYS pack did not override it.",16,16
textures/block/jigsaw_side.png,block,PreExistingUnconverted,"The same texture path existed in vanilla 1.20.1, but the upstream LAST DAYS pack did not override it.",16,16
textures/block/jigsaw_top.png,block,PreExistingUnconverted,"The same texture path existed in vanilla 1.20.1, but the upstream LAST DAYS pack did not override it.",16,16
textures/block/oxidized_copper_bulb_lit_powered.png,block,NewOrChangedAfter1201,No same path or decoded-pixel-equivalent legacy texture was found in vanilla 1.20.1.,16,16
textures/block/oxidized_copper_bulb_lit.png,block,NewOrChangedAfter1201,No same path or decoded-pixel-equivalent legacy texture was found in vanilla 1.20.1.,16,16
textures/block/oxidized_copper_bulb_powered.png,block,NewOrChangedAfter1201,No same path or decoded-pixel-equivalent legacy texture was found in vanilla 1.20.1.,16,16
textures/block/oxidized_copper_bulb.png,block,NewOrChangedAfter1201,No same path or decoded-pixel-equivalent legacy texture was found in vanilla 1.20.1.,16,16
textures/block/oxidized_copper_door_bottom.png,block,NewOrChangedAfter1201,No same path or decoded-pixel-equivalent legacy texture was found in vanilla 1.20.1.,16,16
textures/block/oxidized_copper_door_top.png,block,NewOrChangedAfter1201,No same path or decoded-pixel-equivalent legacy texture was found in vanilla 1.20.1.,16,16
textures/block/potted_azalea_bush_plant.png,block,PreExistingUnconverted,"The same texture path existed in vanilla 1.20.1, but the upstream LAST DAYS pack did not override it.",16,16
textures/block/potted_azalea_bush_side.png,block,PreExistingUnconverted,"The same texture path existed in vanilla 1.20.1, but the upstream LAST DAYS pack did not override it.",16,16
textures/block/potted_azalea_bush_top.png,block,PreExistingUnconverted,"The same texture path existed in vanilla 1.20.1, but the upstream LAST DAYS pack did not override it.",16,16
textures/block/potted_flowering_azalea_bush_plant.png,block,PreExistingUnconverted,"The same texture path existed in vanilla 1.20.1, but the upstream LAST DAYS pack did not override it.",16,16
textures/block/potted_flowering_azalea_bush_side.png,block,PreExistingUnconverted,"The same texture path existed in vanilla 1.20.1, but the upstream LAST DAYS pack did not override it.",16,16
textures/block/potted_flowering_azalea_bush_top.png,block,PreExistingUnconverted,"The same texture path existed in vanilla 1.20.1, but the upstream LAST DAYS pack did not override it.",16,16
textures/block/structure_block_corner.png,block,PreExistingUnconverted,"The same texture path existed in vanilla 1.20.1, but the upstream LAST DAYS pack did not override it.",16,16
textures/block/structure_block_data.png,block,PreExistingUnconverted,"The same texture path existed in vanilla 1.20.1, but the upstream LAST DAYS pack did not override it.",16,16
textures/block/structure_block_load.png,block,PreExistingUnconverted,"The same texture path existed in vanilla 1.20.1, but the upstream LAST DAYS pack did not override it.",16,16
textures/block/structure_block_save.png,block,PreExistingUnconverted,"The same texture path existed in vanilla 1.20.1, but the upstream LAST DAYS pack did not override it.",16,16
textures/block/structure_block.png,block,PreExistingUnconverted,"The same texture path existed in vanilla 1.20.1, but the upstream LAST DAYS pack did not override it.",16,16
textures/block/trial_spawner_bottom.png,block,NewOrChangedAfter1201,No same path or decoded-pixel-equivalent legacy texture was found in vanilla 1.20.1.,16,16
textures/block/trial_spawner_side_active_ominous.png,block,NewOrChangedAfter1201,No same path or decoded-pixel-equivalent legacy texture was found in vanilla 1.20.1.,16,16
textures/block/trial_spawner_side_active.png,block,NewOrChangedAfter1201,No same path or decoded-pixel-equivalent legacy texture was found in vanilla 1.20.1.,16,16
textures/block/trial_spawner_side_inactive_ominous.png,block,NewOrChangedAfter1201,No same path or decoded-pixel-equivalent legacy texture was found in vanilla 1.20.1.,16,16
textures/block/trial_spawner_side_inactive.png,block,NewOrChangedAfter1201,No same path or decoded-pixel-equivalent legacy texture was found in vanilla 1.20.1.,16,16
textures/block/trial_spawner_top_active_ominous.png,block,NewOrChangedAfter1201,No same path or decoded-pixel-equivalent legacy texture was found in vanilla 1.20.1.,16,16
textures/block/trial_spawner_top_active.png,block,NewOrChangedAfter1201,No same path or decoded-pixel-equivalent legacy texture was found in vanilla 1.20.1.,16,16
textures/block/trial_spawner_top_ejecting_reward_ominous.png,block,NewOrChangedAfter1201,No same path or decoded-pixel-equivalent legacy texture was found in vanilla 1.20.1.,16,16
textures/block/trial_spawner_top_ejecting_reward.png,block,NewOrChangedAfter1201,No same path or decoded-pixel-equivalent legacy texture was found in vanilla 1.20.1.,16,16
textures/block/trial_spawner_top_inactive_ominous.png,block,NewOrChangedAfter1201,No same path or decoded-pixel-equivalent legacy texture was found in vanilla 1.20.1.,16,16
textures/block/trial_spawner_top_inactive.png,block,NewOrChangedAfter1201,No same path or decoded-pixel-equivalent legacy texture was found in vanilla 1.20.1.,16,16
textures/block/vault_bottom_ominous.png,block,NewOrChangedAfter1201,No same path or decoded-pixel-equivalent legacy texture was found in vanilla 1.20.1.,16,16
textures/block/vault_bottom.png,block,NewOrChangedAfter1201,No same path or decoded-pixel-equivalent legacy texture was found in vanilla 1.20.1.,16,16
textures/block/vault_front_ejecting_ominous.png,block,NewOrChangedAfter1201,No same path or decoded-pixel-equivalent legacy texture was found in vanilla 1.20.1.,16,16
textures/block/vault_front_ejecting.png,block,NewOrChangedAfter1201,No same path or decoded-pixel-equivalent legacy texture was found in vanilla 1.20.1.,16,16
textures/block/vault_front_off_ominous.png,block,NewOrChangedAfter1201,No same path or decoded-pixel-equivalent legacy texture was found in vanilla 1.20.1.,16,16
textures/block/vault_front_off.png,block,NewOrChangedAfter1201,No same path or decoded-pixel-equivalent legacy texture was found in vanilla 1.20.1.,16,16
textures/block/vault_front_on_ominous.png,block,NewOrChangedAfter1201,No same path or decoded-pixel-equivalent legacy texture was found in vanilla 1.20.1.,16,16
textures/block/vault_front_on.png,block,NewOrChangedAfter1201,No same path or decoded-pixel-equivalent legacy texture was found in vanilla 1.20.1.,16,16
textures/block/vault_side_off_ominous.png,block,NewOrChangedAfter1201,No same path or decoded-pixel-equivalent legacy texture was found in vanilla 1.20.1.,16,16
textures/block/vault_side_off.png,block,NewOrChangedAfter1201,No same path or decoded-pixel-equivalent legacy texture was found in vanilla 1.20.1.,16,16
textures/block/vault_side_on_ominous.png,block,NewOrChangedAfter1201,No same path or decoded-pixel-equivalent legacy texture was found in vanilla 1.20.1.,16,16
textures/block/vault_side_on.png,block,NewOrChangedAfter1201,No same path or decoded-pixel-equivalent legacy texture was found in vanilla 1.20.1.,16,16
textures/block/vault_top_ejecting_ominous.png,block,NewOrChangedAfter1201,No same path or decoded-pixel-equivalent legacy texture was found in vanilla 1.20.1.,16,16
textures/block/vault_top_ejecting.png,block,NewOrChangedAfter1201,No same path or decoded-pixel-equivalent legacy texture was found in vanilla 1.20.1.,16,16
textures/block/vault_top_ominous.png,block,NewOrChangedAfter1201,No same path or decoded-pixel-equivalent legacy texture was found in vanilla 1.20.1.,16,16
textures/block/vault_top.png,block,NewOrChangedAfter1201,No same path or decoded-pixel-equivalent legacy texture was found in vanilla 1.20.1.,16,16
textures/block/water_overlay.png,block,PreExistingUnconverted,"The same texture path existed in vanilla 1.20.1, but the upstream LAST DAYS pack did not override it.",16,16
textures/block/weathered_copper_bulb_lit_powered.png,block,NewOrChangedAfter1201,No same path or decoded-pixel-equivalent legacy texture was found in vanilla 1.20.1.,16,16
textures/block/weathered_copper_bulb_lit.png,block,NewOrChangedAfter1201,No same path or decoded-pixel-equivalent legacy texture was found in vanilla 1.20.1.,16,16
textures/block/weathered_copper_bulb_powered.png,block,NewOrChangedAfter1201,No same path or decoded-pixel-equivalent legacy texture was found in vanilla 1.20.1.,16,16
textures/block/weathered_copper_bulb.png,block,NewOrChangedAfter1201,No same path or decoded-pixel-equivalent legacy texture was found in vanilla 1.20.1.,16,16
textures/block/weathered_copper_door_bottom.png,block,NewOrChangedAfter1201,No same path or decoded-pixel-equivalent legacy texture was found in vanilla 1.20.1.,16,16
textures/block/weathered_copper_door_top.png,block,NewOrChangedAfter1201,No same path or decoded-pixel-equivalent legacy texture was found in vanilla 1.20.1.,16,16
textures/block/yellow_candle_lit.png,block,PreExistingUnconverted,"The same texture path existed in vanilla 1.20.1, but the upstream LAST DAYS pack did not override it.",16,16
textures/entity/armadillo.png,entity,NewOrChangedAfter1201,No same path or decoded-pixel-equivalent legacy texture was found in vanilla 1.20.1.,64,64
textures/entity/banner/flow.png,entity,NewOrChangedAfter1201,No same path or decoded-pixel-equivalent legacy texture was found in vanilla 1.20.1.,64,64
textures/entity/banner/guster.png,entity,NewOrChangedAfter1201,No same path or decoded-pixel-equivalent legacy texture was found in vanilla 1.20.1.,64,64
textures/entity/boat/bamboo.png,entity,PreExistingUnconverted,"The same texture path existed in vanilla 1.20.1, but the upstream LAST DAYS pack did not override it.",128,64
textures/entity/breeze/breeze_eyes.png,entity,NewOrChangedAfter1201,No same path or decoded-pixel-equivalent legacy texture was found in vanilla 1.20.1.,32,32
textures/entity/breeze/breeze_wind.png,entity,NewOrChangedAfter1201,No same path or decoded-pixel-equivalent legacy texture was found in vanilla 1.20.1.,128,128
textures/entity/breeze/breeze.png,entity,NewOrChangedAfter1201,No same path or decoded-pixel-equivalent legacy texture was found in vanilla 1.20.1.,32,32
textures/entity/chest_boat/bamboo.png,entity,PreExistingUnconverted,"The same texture path existed in vanilla 1.20.1, but the upstream LAST DAYS pack did not override it.",128,128
textures/entity/chest_boat/cherry.png,entity,PreExistingUnconverted,"The same texture path existed in vanilla 1.20.1, but the upstream LAST DAYS pack did not override it.",128,128
textures/entity/decorated_pot/flow_pottery_pattern.png,entity,NewOrChangedAfter1201,No same path or decoded-pixel-equivalent legacy texture was found in vanilla 1.20.1.,16,16
textures/entity/decorated_pot/guster_pottery_pattern.png,entity,NewOrChangedAfter1201,No same path or decoded-pixel-equivalent legacy texture was found in vanilla 1.20.1.,16,16
textures/entity/decorated_pot/scrape_pottery_pattern.png,entity,NewOrChangedAfter1201,No same path or decoded-pixel-equivalent legacy texture was found in vanilla 1.20.1.,16,16
textures/entity/player/slim/alex.png,entity,PreExistingUnconverted,"The same texture path existed in vanilla 1.20.1, but the upstream LAST DAYS pack did not override it.",64,64
textures/entity/player/slim/ari.png,entity,PreExistingUnconverted,"The same texture path existed in vanilla 1.20.1, but the upstream LAST DAYS pack did not override it.",64,64
textures/entity/player/slim/efe.png,entity,PreExistingUnconverted,"The same texture path existed in vanilla 1.20.1, but the upstream LAST DAYS pack did not override it.",64,64
textures/entity/player/slim/kai.png,entity,PreExistingUnconverted,"The same texture path existed in vanilla 1.20.1, but the upstream LAST DAYS pack did not override it.",64,64
textures/entity/player/slim/makena.png,entity,PreExistingUnconverted,"The same texture path existed in vanilla 1.20.1, but the upstream LAST DAYS pack did not override it.",64,64
textures/entity/player/slim/noor.png,entity,PreExistingUnconverted,"The same texture path existed in vanilla 1.20.1, but the upstream LAST DAYS pack did not override it.",64,64
textures/entity/player/slim/steve.png,entity,PreExistingUnconverted,"The same texture path existed in vanilla 1.20.1, but the upstream LAST DAYS pack did not override it.",64,64
textures/entity/player/slim/sunny.png,entity,PreExistingUnconverted,"The same texture path existed in vanilla 1.20.1, but the upstream LAST DAYS pack did not override it.",64,64
textures/entity/player/slim/zuri.png,entity,PreExistingUnconverted,"The same texture path existed in vanilla 1.20.1, but the upstream LAST DAYS pack did not override it.",64,64
textures/entity/player/wide/alex.png,entity,PreExistingUnconverted,"The same texture path existed in vanilla 1.20.1, but the upstream LAST DAYS pack did not override it.",64,64
textures/entity/player/wide/ari.png,entity,PreExistingUnconverted,"The same texture path existed in vanilla 1.20.1, but the upstream LAST DAYS pack did not override it.",64,64
textures/entity/player/wide/efe.png,entity,PreExistingUnconverted,"The same texture path existed in vanilla 1.20.1, but the upstream LAST DAYS pack did not override it.",64,64
textures/entity/player/wide/kai.png,entity,PreExistingUnconverted,"The same texture path existed in vanilla 1.20.1, but the upstream LAST DAYS pack did not override it.",64,64
textures/entity/player/wide/makena.png,entity,PreExistingUnconverted,"The same texture path existed in vanilla 1.20.1, but the upstream LAST DAYS pack did not override it.",64,64
textures/entity/player/wide/noor.png,entity,PreExistingUnconverted,"The same texture path existed in vanilla 1.20.1, but the upstream LAST DAYS pack did not override it.",64,64
textures/entity/player/wide/sunny.png,entity,PreExistingUnconverted,"The same texture path existed in vanilla 1.20.1, but the upstream LAST DAYS pack did not override it.",64,64
textures/entity/player/wide/zuri.png,entity,PreExistingUnconverted,"The same texture path existed in vanilla 1.20.1, but the upstream LAST DAYS pack did not override it.",64,64
textures/entity/projectiles/wind_charge.png,entity,NewOrChangedAfter1201,No same path or decoded-pixel-equivalent legacy texture was found in vanilla 1.20.1.,64,32
textures/entity/shield/flow.png,entity,NewOrChangedAfter1201,No same path or decoded-pixel-equivalent legacy texture was found in vanilla 1.20.1.,64,64
textures/entity/shield/guster.png,entity,NewOrChangedAfter1201,No same path or decoded-pixel-equivalent legacy texture was found in vanilla 1.20.1.,64,64
textures/entity/signs/bamboo.png,entity,PreExistingUnconverted,"The same texture path existed in vanilla 1.20.1, but the upstream LAST DAYS pack did not override it.",64,32
textures/entity/skeleton/bogged_overlay.png,entity,NewOrChangedAfter1201,No same path or decoded-pixel-equivalent legacy texture was found in vanilla 1.20.1.,64,32
textures/entity/skeleton/bogged.png,entity,NewOrChangedAfter1201,No same path or decoded-pixel-equivalent legacy texture was found in vanilla 1.20.1.,64,32
textures/entity/wolf/wolf_armor_crackiness_high.png,entity,NewOrChangedAfter1201,No same path or decoded-pixel-equivalent legacy texture was found in vanilla 1.20.1.,64,32
textures/entity/wolf/wolf_armor_crackiness_low.png,entity,NewOrChangedAfter1201,No same path or decoded-pixel-equivalent legacy texture was found in vanilla 1.20.1.,64,32
textures/entity/wolf/wolf_armor_crackiness_medium.png,entity,NewOrChangedAfter1201,No same path or decoded-pixel-equivalent legacy texture was found in vanilla 1.20.1.,64,32
textures/entity/wolf/wolf_armor_overlay.png,entity,NewOrChangedAfter1201,No same path or decoded-pixel-equivalent legacy texture was found in vanilla 1.20.1.,64,32
textures/entity/wolf/wolf_armor.png,entity,NewOrChangedAfter1201,No same path or decoded-pixel-equivalent legacy texture was found in vanilla 1.20.1.,64,32
textures/entity/wolf/wolf_ashen_angry.png,entity,NewOrChangedAfter1201,No same path or decoded-pixel-equivalent legacy texture was found in vanilla 1.20.1.,64,32
textures/entity/wolf/wolf_ashen_tame.png,entity,NewOrChangedAfter1201,No same path or decoded-pixel-equivalent legacy texture was found in vanilla 1.20.1.,64,32
textures/entity/wolf/wolf_ashen.png,entity,NewOrChangedAfter1201,No same path or decoded-pixel-equivalent legacy texture was found in vanilla 1.20.1.,64,32
textures/entity/wolf/wolf_black_angry.png,entity,NewOrChangedAfter1201,No same path or decoded-pixel-equivalent legacy texture was found in vanilla 1.20.1.,64,32
textures/entity/wolf/wolf_black_tame.png,entity,NewOrChangedAfter1201,No same path or decoded-pixel-equivalent legacy texture was found in vanilla 1.20.1.,64,32
textures/entity/wolf/wolf_black.png,entity,NewOrChangedAfter1201,No same path or decoded-pixel-equivalent legacy texture was found in vanilla 1.20.1.,64,32
textures/entity/wolf/wolf_chestnut_angry.png,entity,NewOrChangedAfter1201,No same path or decoded-pixel-equivalent legacy texture was found in vanilla 1.20.1.,64,32
textures/entity/wolf/wolf_chestnut_tame.png,entity,NewOrChangedAfter1201,No same path or decoded-pixel-equivalent legacy texture was found in vanilla 1.20.1.,64,32
textures/entity/wolf/wolf_chestnut.png,entity,NewOrChangedAfter1201,No same path or decoded-pixel-equivalent legacy texture was found in vanilla 1.20.1.,64,32
textures/entity/wolf/wolf_rusty_angry.png,entity,NewOrChangedAfter1201,No same path or decoded-pixel-equivalent legacy texture was found in vanilla 1.20.1.,64,32
textures/entity/wolf/wolf_rusty_tame.png,entity,NewOrChangedAfter1201,No same path or decoded-pixel-equivalent legacy texture was found in vanilla 1.20.1.,64,32
textures/entity/wolf/wolf_rusty.png,entity,NewOrChangedAfter1201,No same path or decoded-pixel-equivalent legacy texture was found in vanilla 1.20.1.,64,32
textures/entity/wolf/wolf_snowy_angry.png,entity,NewOrChangedAfter1201,No same path or decoded-pixel-equivalent legacy texture was found in vanilla 1.20.1.,64,32
textures/entity/wolf/wolf_snowy_tame.png,entity,NewOrChangedAfter1201,No same path or decoded-pixel-equivalent legacy texture was found in vanilla 1.20.1.,64,32
textures/entity/wolf/wolf_snowy.png,entity,NewOrChangedAfter1201,No same path or decoded-pixel-equivalent legacy texture was found in vanilla 1.20.1.,64,32
textures/entity/wolf/wolf_spotted_angry.png,entity,NewOrChangedAfter1201,No same path or decoded-pixel-equivalent legacy texture was found in vanilla 1.20.1.,64,32
textures/entity/wolf/wolf_spotted_tame.png,entity,NewOrChangedAfter1201,No same path or decoded-pixel-equivalent legacy texture was found in vanilla 1.20.1.,64,32
textures/entity/wolf/wolf_spotted.png,entity,NewOrChangedAfter1201,No same path or decoded-pixel-equivalent legacy texture was found in vanilla 1.20.1.,64,32
textures/entity/wolf/wolf_striped_angry.png,entity,NewOrChangedAfter1201,No same path or decoded-pixel-equivalent legacy texture was found in vanilla 1.20.1.,64,32
textures/entity/wolf/wolf_striped_tame.png,entity,NewOrChangedAfter1201,No same path or decoded-pixel-equivalent legacy texture was found in vanilla 1.20.1.,64,32
textures/entity/wolf/wolf_striped.png,entity,NewOrChangedAfter1201,No same path or decoded-pixel-equivalent legacy texture was found in vanilla 1.20.1.,64,32
textures/entity/wolf/wolf_woods_angry.png,entity,NewOrChangedAfter1201,No same path or decoded-pixel-equivalent legacy texture was found in vanilla 1.20.1.,64,32
textures/entity/wolf/wolf_woods_tame.png,entity,NewOrChangedAfter1201,No same path or decoded-pixel-equivalent legacy texture was found in vanilla 1.20.1.,64,32
textures/entity/wolf/wolf_woods.png,entity,NewOrChangedAfter1201,No same path or decoded-pixel-equivalent legacy texture was found in vanilla 1.20.1.,64,32
textures/font/accented.png,font,PreExistingUnconverted,"The same texture path existed in vanilla 1.20.1, but the upstream LAST DAYS pack did not override it.",144,900
textures/font/asciillager.png,font,PreExistingUnconverted,"The same texture path existed in vanilla 1.20.1, but the upstream LAST DAYS pack did not override it.",128,40
textures/font/nonlatin_european.png,font,PreExistingUnconverted,"The same texture path existed in vanilla 1.20.1, but the upstream LAST DAYS pack did not override it.",128,536
textures/gui/container/crafter.png,gui,NewOrChangedGuiSprite,No unique exact 1.20.1 sheet match; may be new or visually changed after 1.20.1.,256,256
textures/gui/container/villager.png,gui,NewOrChangedGuiSprite,No unique exact 1.20.1 sheet match; may be new or visually changed after 1.20.1.,512,256
textures/gui/footer_separator.png,gui,PreExistingUnconverted,"The same texture path existed in vanilla 1.20.1, but the upstream LAST DAYS pack did not override it.",32,2
textures/gui/header_separator.png,gui,PreExistingUnconverted,"The same texture path existed in vanilla 1.20.1, but the upstream LAST DAYS pack did not override it.",32,2
textures/gui/inworld_footer_separator.png,gui,NewOrChangedGuiSprite,No unique exact 1.20.1 sheet match; may be new or visually changed after 1.20.1.,32,2
textures/gui/inworld_header_separator.png,gui,NewOrChangedGuiSprite,No unique exact 1.20.1 sheet match; may be new or visually changed after 1.20.1.,32,2
textures/gui/inworld_menu_background.png,gui,NewOrChangedGuiSprite,No unique exact 1.20.1 sheet match; may be new or visually changed after 1.20.1.,16,16
textures/gui/inworld_menu_list_background.png,gui,NewOrChangedGuiSprite,No unique exact 1.20.1 sheet match; may be new or visually changed after 1.20.1.,16,16
textures/gui/menu_background.png,gui,NewOrChangedGuiSprite,No unique exact 1.20.1 sheet match; may be new or visually changed after 1.20.1.,16,16
textures/gui/menu_list_background.png,gui,NewOrChangedGuiSprite,No unique exact 1.20.1 sheet match; may be new or visually changed after 1.20.1.,16,16
textures/gui/realms/adventure.png,gui,NewOrChangedGuiSprite,No unique exact 1.20.1 sheet match; may be new or visually changed after 1.20.1.,256,256
textures/gui/realms/empty_frame.png,gui,NewOrChangedGuiSprite,No unique exact 1.20.1 sheet match; may be new or visually changed after 1.20.1.,16,16
textures/gui/realms/experience.png,gui,NewOrChangedGuiSprite,No unique exact 1.20.1 sheet match; may be new or visually changed after 1.20.1.,256,256
textures/gui/realms/inspiration.png,gui,NewOrChangedGuiSprite,No unique exact 1.20.1 sheet match; may be new or visually changed after 1.20.1.,256,256
textures/gui/realms/new_world.png,gui,NewOrChangedGuiSprite,No unique exact 1.20.1 sheet match; may be new or visually changed after 1.20.1.,256,256
textures/gui/realms/no_realms.png,gui,NewOrChangedGuiSprite,No unique exact 1.20.1 sheet match; may be new or visually changed after 1.20.1.,130,64
textures/gui/realms/snapshot_realms.png,gui,NewOrChangedGuiSprite,No unique exact 1.20.1 sheet match; may be new or visually changed after 1.20.1.,130,64
textures/gui/realms/survival_spawn.png,gui,NewOrChangedGuiSprite,No unique exact 1.20.1 sheet match; may be new or visually changed after 1.20.1.,256,256
textures/gui/realms/upload.png,gui,NewOrChangedGuiSprite,No unique exact 1.20.1 sheet match; may be new or visually changed after 1.20.1.,256,256
textures/gui/sprites/advancements/tab_left_bottom.png,gui,ReorganizedGuiAmbiguous,The 1.21 sprite occurs more than once in legacy sheets; coordinate choice requires contextual review.,32,28
textures/gui/sprites/advancements/tab_left_middle.png,gui,ReorganizedGuiAmbiguous,The 1.21 sprite occurs more than once in legacy sheets; coordinate choice requires contextual review.,32,28
textures/gui/sprites/advancements/tab_left_top.png,gui,ReorganizedGuiAmbiguous,The 1.21 sprite occurs more than once in legacy sheets; coordinate choice requires contextual review.,32,28
textures/gui/sprites/advancements/tab_right_bottom.png,gui,ReorganizedGuiAmbiguous,The 1.21 sprite occurs more than once in legacy sheets; coordinate choice requires contextual review.,32,28
textures/gui/sprites/advancements/tab_right_middle.png,gui,ReorganizedGuiAmbiguous,The 1.21 sprite occurs more than once in legacy sheets; coordinate choice requires contextual review.,32,28
textures/gui/sprites/advancements/tab_right_top.png,gui,ReorganizedGuiAmbiguous,The 1.21 sprite occurs more than once in legacy sheets; coordinate choice requires contextual review.,32,28
textures/gui/sprites/boss_bar/pink_background.png,gui,ReorganizedGuiAmbiguous,The 1.21 sprite occurs more than once in legacy sheets; coordinate choice requires contextual review.,182,5
textures/gui/sprites/boss_bar/pink_progress.png,gui,ReorganizedGuiAmbiguous,The 1.21 sprite occurs more than once in legacy sheets; coordinate choice requires contextual review.,182,5
textures/gui/sprites/container/anvil/error.png,gui,ReorganizedGuiAmbiguous,The 1.21 sprite occurs more than once in legacy sheets; coordinate choice requires contextual review.,28,21
textures/gui/sprites/container/blast_furnace/burn_progress.png,gui,ReorganizedGuiAmbiguous,The 1.21 sprite occurs more than once in legacy sheets; coordinate choice requires contextual review.,24,16
textures/gui/sprites/container/blast_furnace/lit_progress.png,gui,ReorganizedGuiAmbiguous,The 1.21 sprite occurs more than once in legacy sheets; coordinate choice requires contextual review.,14,14
textures/gui/sprites/container/bundle/background.png,gui,NewOrChangedGuiSprite,No unique exact 1.20.1 sheet match; may be new or visually changed after 1.20.1.,32,32
textures/gui/sprites/container/bundle/blocked_slot.png,gui,NewOrChangedGuiSprite,No unique exact 1.20.1 sheet match; may be new or visually changed after 1.20.1.,18,20
textures/gui/sprites/container/bundle/slot.png,gui,ReorganizedGuiAmbiguous,The 1.21 sprite occurs more than once in legacy sheets; coordinate choice requires contextual review.,18,20
textures/gui/sprites/container/cartography_table/error.png,gui,ReorganizedGuiAmbiguous,The 1.21 sprite occurs more than once in legacy sheets; coordinate choice requires contextual review.,28,21
textures/gui/sprites/container/crafter/disabled_slot.png,gui,NewOrChangedGuiSprite,No unique exact 1.20.1 sheet match; may be new or visually changed after 1.20.1.,18,18
textures/gui/sprites/container/crafter/powered_redstone.png,gui,NewOrChangedGuiSprite,No unique exact 1.20.1 sheet match; may be new or visually changed after 1.20.1.,16,16
textures/gui/sprites/container/crafter/unpowered_redstone.png,gui,NewOrChangedGuiSprite,No unique exact 1.20.1 sheet match; may be new or visually changed after 1.20.1.,16,16
textures/gui/sprites/container/creative_inventory/scroller_disabled.png,gui,ReorganizedGuiAmbiguous,The 1.21 sprite occurs more than once in legacy sheets; coordinate choice requires contextual review.,12,15
textures/gui/sprites/container/creative_inventory/scroller.png,gui,ReorganizedGuiAmbiguous,The 1.21 sprite occurs more than once in legacy sheets; coordinate choice requires contextual review.,12,15
textures/gui/sprites/container/creative_inventory/tab_bottom_selected_2.png,gui,ReorganizedGuiAmbiguous,The 1.21 sprite occurs more than once in legacy sheets; coordinate choice requires contextual review.,26,32
textures/gui/sprites/container/creative_inventory/tab_bottom_selected_3.png,gui,ReorganizedGuiAmbiguous,The 1.21 sprite occurs more than once in legacy sheets; coordinate choice requires contextual review.,26,32
textures/gui/sprites/container/creative_inventory/tab_bottom_selected_4.png,gui,ReorganizedGuiAmbiguous,The 1.21 sprite occurs more than once in legacy sheets; coordinate choice requires contextual review.,26,32
textures/gui/sprites/container/creative_inventory/tab_bottom_selected_5.png,gui,ReorganizedGuiAmbiguous,The 1.21 sprite occurs more than once in legacy sheets; coordinate choice requires contextual review.,26,32
textures/gui/sprites/container/creative_inventory/tab_bottom_selected_6.png,gui,ReorganizedGuiAmbiguous,The 1.21 sprite occurs more than once in legacy sheets; coordinate choice requires contextual review.,26,32
textures/gui/sprites/container/creative_inventory/tab_bottom_unselected_1.png,gui,ReorganizedGuiAmbiguous,The 1.21 sprite occurs more than once in legacy sheets; coordinate choice requires contextual review.,26,32
textures/gui/sprites/container/creative_inventory/tab_bottom_unselected_2.png,gui,ReorganizedGuiAmbiguous,The 1.21 sprite occurs more than once in legacy sheets; coordinate choice requires contextual review.,26,32
textures/gui/sprites/container/creative_inventory/tab_bottom_unselected_3.png,gui,ReorganizedGuiAmbiguous,The 1.21 sprite occurs more than once in legacy sheets; coordinate choice requires contextual review.,26,32
textures/gui/sprites/container/creative_inventory/tab_bottom_unselected_4.png,gui,ReorganizedGuiAmbiguous,The 1.21 sprite occurs more than once in legacy sheets; coordinate choice requires contextual review.,26,32
textures/gui/sprites/container/creative_inventory/tab_bottom_unselected_5.png,gui,ReorganizedGuiAmbiguous,The 1.21 sprite occurs more than once in legacy sheets; coordinate choice requires contextual review.,26,32
textures/gui/sprites/container/creative_inventory/tab_bottom_unselected_6.png,gui,ReorganizedGuiAmbiguous,The 1.21 sprite occurs more than once in legacy sheets; coordinate choice requires contextual review.,26,32
textures/gui/sprites/container/creative_inventory/tab_bottom_unselected_7.png,gui,ReorganizedGuiAmbiguous,The 1.21 sprite occurs more than once in legacy sheets; coordinate choice requires contextual review.,26,32
textures/gui/sprites/container/creative_inventory/tab_top_selected_2.png,gui,ReorganizedGuiAmbiguous,The 1.21 sprite occurs more than once in legacy sheets; coordinate choice requires contextual review.,26,32
textures/gui/sprites/container/creative_inventory/tab_top_selected_3.png,gui,ReorganizedGuiAmbiguous,The 1.21 sprite occurs more than once in legacy sheets; coordinate choice requires contextual review.,26,32
textures/gui/sprites/container/creative_inventory/tab_top_selected_4.png,gui,ReorganizedGuiAmbiguous,The 1.21 sprite occurs more than once in legacy sheets; coordinate choice requires contextual review.,26,32
textures/gui/sprites/container/creative_inventory/tab_top_selected_5.png,gui,ReorganizedGuiAmbiguous,The 1.21 sprite occurs more than once in legacy sheets; coordinate choice requires contextual review.,26,32
textures/gui/sprites/container/creative_inventory/tab_top_selected_6.png,gui,ReorganizedGuiAmbiguous,The 1.21 sprite occurs more than once in legacy sheets; coordinate choice requires contextual review.,26,32
textures/gui/sprites/container/creative_inventory/tab_top_unselected_1.png,gui,ReorganizedGuiAmbiguous,The 1.21 sprite occurs more than once in legacy sheets; coordinate choice requires contextual review.,26,32
textures/gui/sprites/container/creative_inventory/tab_top_unselected_2.png,gui,ReorganizedGuiAmbiguous,The 1.21 sprite occurs more than once in legacy sheets; coordinate choice requires contextual review.,26,32
textures/gui/sprites/container/creative_inventory/tab_top_unselected_3.png,gui,ReorganizedGuiAmbiguous,The 1.21 sprite occurs more than once in legacy sheets; coordinate choice requires contextual review.,26,32
textures/gui/sprites/container/creative_inventory/tab_top_unselected_4.png,gui,ReorganizedGuiAmbiguous,The 1.21 sprite occurs more than once in legacy sheets; coordinate choice requires contextual review.,26,32
textures/gui/sprites/container/creative_inventory/tab_top_unselected_5.png,gui,ReorganizedGuiAmbiguous,The 1.21 sprite occurs more than once in legacy sheets; coordinate choice requires contextual review.,26,32
textures/gui/sprites/container/creative_inventory/tab_top_unselected_6.png,gui,ReorganizedGuiAmbiguous,The 1.21 sprite occurs more than once in legacy sheets; coordinate choice requires contextual review.,26,32
textures/gui/sprites/container/creative_inventory/tab_top_unselected_7.png,gui,ReorganizedGuiAmbiguous,The 1.21 sprite occurs more than once in legacy sheets; coordinate choice requires contextual review.,26,32
textures/gui/sprites/container/enchanting_table/level_2_disabled.png,gui,NewOrChangedGuiSprite,No unique exact 1.20.1 sheet match; may be new or visually changed after 1.20.1.,16,16
textures/gui/sprites/container/enchanting_table/level_3_disabled.png,gui,NewOrChangedGuiSprite,No unique exact 1.20.1 sheet match; may be new or visually changed after 1.20.1.,16,16
textures/gui/sprites/container/furnace/burn_progress.png,gui,ReorganizedGuiAmbiguous,The 1.21 sprite occurs more than once in legacy sheets; coordinate choice requires contextual review.,24,16
textures/gui/sprites/container/furnace/lit_progress.png,gui,ReorganizedGuiAmbiguous,The 1.21 sprite occurs more than once in legacy sheets; coordinate choice requires contextual review.,14,14
textures/gui/sprites/container/grindstone/error.png,gui,ReorganizedGuiAmbiguous,The 1.21 sprite occurs more than once in legacy sheets; coordinate choice requires contextual review.,28,21
textures/gui/sprites/container/horse/chest_slots.png,gui,ReorganizedGuiAmbiguous,The 1.21 sprite occurs more than once in legacy sheets; coordinate choice requires contextual review.,90,54
textures/gui/sprites/container/inventory/effect_background_small.png,gui,NewOrChangedGuiSprite,No unique exact 1.20.1 sheet match; may be new or visually changed after 1.20.1.,32,32
textures/gui/sprites/container/loom/error.png,gui,ReorganizedGuiAmbiguous,The 1.21 sprite occurs more than once in legacy sheets; coordinate choice requires contextual review.,26,26
textures/gui/sprites/container/loom/scroller_disabled.png,gui,ReorganizedGuiAmbiguous,The 1.21 sprite occurs more than once in legacy sheets; coordinate choice requires contextual review.,12,15
textures/gui/sprites/container/loom/scroller.png,gui,ReorganizedGuiAmbiguous,The 1.21 sprite occurs more than once in legacy sheets; coordinate choice requires contextual review.,12,15
textures/gui/sprites/container/slot.png,gui,ReorganizedGuiAmbiguous,The 1.21 sprite occurs more than once in legacy sheets; coordinate choice requires contextual review.,18,18
textures/gui/sprites/container/smithing/error.png,gui,ReorganizedGuiAmbiguous,The 1.21 sprite occurs more than once in legacy sheets; coordinate choice requires contextual review.,28,21
textures/gui/sprites/container/smoker/burn_progress.png,gui,ReorganizedGuiAmbiguous,The 1.21 sprite occurs more than once in legacy sheets; coordinate choice requires contextual review.,24,16
textures/gui/sprites/container/smoker/lit_progress.png,gui,ReorganizedGuiAmbiguous,The 1.21 sprite occurs more than once in legacy sheets; coordinate choice requires contextual review.,14,14
textures/gui/sprites/container/stonecutter/scroller_disabled.png,gui,ReorganizedGuiAmbiguous,The 1.21 sprite occurs more than once in legacy sheets; coordinate choice requires contextual review.,12,15
textures/gui/sprites/container/stonecutter/scroller.png,gui,ReorganizedGuiAmbiguous,The 1.21 sprite occurs more than once in legacy sheets; coordinate choice requires contextual review.,12,15
textures/gui/sprites/container/villager/experience_bar_result.png,gui,NewOrChangedGuiSprite,No unique exact 1.20.1 sheet match; may be new or visually changed after 1.20.1.,102,5
textures/gui/sprites/hud/armor_full.png,gui,ReorganizedGuiAmbiguous,The 1.21 sprite occurs more than once in legacy sheets; coordinate choice requires contextual review.,9,9
textures/gui/sprites/hud/crosshair.png,gui,ReorganizedGuiAmbiguous,The 1.21 sprite occurs more than once in legacy sheets; coordinate choice requires contextual review.,15,15
textures/gui/sprites/hud/heart/container_blinking.png,gui,ReorganizedGuiAmbiguous,The 1.21 sprite occurs more than once in legacy sheets; coordinate choice requires contextual review.,9,9
textures/gui/sprites/hud/heart/container_hardcore_blinking.png,gui,ReorganizedGuiAmbiguous,The 1.21 sprite occurs more than once in legacy sheets; coordinate choice requires contextual review.,9,9
textures/gui/sprites/hud/heart/container_hardcore.png,gui,ReorganizedGuiAmbiguous,The 1.21 sprite occurs more than once in legacy sheets; coordinate choice requires contextual review.,9,9
textures/gui/sprites/hud/heart/container.png,gui,ReorganizedGuiAmbiguous,The 1.21 sprite occurs more than once in legacy sheets; coordinate choice requires contextual review.,9,9
textures/gui/sprites/hud/jump_bar_cooldown.png,gui,ReorganizedGuiAmbiguous,The 1.21 sprite occurs more than once in legacy sheets; coordinate choice requires contextual review.,182,5
textures/gui/sprites/icon/accessibility.png,gui,NewOrChangedGuiSprite,No unique exact 1.20.1 sheet match; may be new or visually changed after 1.20.1.,15,15
textures/gui/sprites/icon/chat_modified.png,gui,NewOrChangedGuiSprite,No unique exact 1.20.1 sheet match; may be new or visually changed after 1.20.1.,9,9
textures/gui/sprites/icon/checkmark.png,gui,NewOrChangedGuiSprite,No unique exact 1.20.1 sheet match; may be new or visually changed after 1.20.1.,9,8
textures/gui/sprites/icon/info.png,gui,NewOrChangedGuiSprite,No unique exact 1.20.1 sheet match; may be new or visually changed after 1.20.1.,20,20
textures/gui/sprites/icon/invite.png,gui,NewOrChangedGuiSprite,No unique exact 1.20.1 sheet match; may be new or visually changed after 1.20.1.,14,14
textures/gui/sprites/icon/language.png,gui,NewOrChangedGuiSprite,No unique exact 1.20.1 sheet match; may be new or visually changed after 1.20.1.,15,15
textures/gui/sprites/icon/link_highlighted.png,gui,NewOrChangedGuiSprite,No unique exact 1.20.1 sheet match; may be new or visually changed after 1.20.1.,15,15
textures/gui/sprites/icon/link.png,gui,NewOrChangedGuiSprite,No unique exact 1.20.1 sheet match; may be new or visually changed after 1.20.1.,15,15
textures/gui/sprites/icon/new_realm.png,gui,NewOrChangedGuiSprite,No unique exact 1.20.1 sheet match; may be new or visually changed after 1.20.1.,40,20
textures/gui/sprites/icon/news.png,gui,NewOrChangedGuiSprite,No unique exact 1.20.1 sheet match; may be new or visually changed after 1.20.1.,14,14
textures/gui/sprites/icon/ping_1.png,gui,ReorganizedGuiAmbiguous,The 1.21 sprite occurs more than once in legacy sheets; coordinate choice requires contextual review.,10,8
textures/gui/sprites/icon/ping_2.png,gui,ReorganizedGuiAmbiguous,The 1.21 sprite occurs more than once in legacy sheets; coordinate choice requires contextual review.,10,8
textures/gui/sprites/icon/ping_3.png,gui,ReorganizedGuiAmbiguous,The 1.21 sprite occurs more than once in legacy sheets; coordinate choice requires contextual review.,10,8
textures/gui/sprites/icon/ping_4.png,gui,ReorganizedGuiAmbiguous,The 1.21 sprite occurs more than once in legacy sheets; coordinate choice requires contextual review.,10,8
textures/gui/sprites/icon/ping_5.png,gui,ReorganizedGuiAmbiguous,The 1.21 sprite occurs more than once in legacy sheets; coordinate choice requires contextual review.,10,8
textures/gui/sprites/icon/ping_unknown.png,gui,ReorganizedGuiAmbiguous,The 1.21 sprite occurs more than once in legacy sheets; coordinate choice requires contextual review.,10,8
textures/gui/sprites/icon/trial_available.png,gui,NewOrChangedGuiSprite,No unique exact 1.20.1 sheet match; may be new or visually changed after 1.20.1.,8,48
textures/gui/sprites/icon/unseen_notification.png,gui,NewOrChangedGuiSprite,No unique exact 1.20.1 sheet match; may be new or visually changed after 1.20.1.,10,10
textures/gui/sprites/icon/video_link_highlighted.png,gui,NewOrChangedGuiSprite,No unique exact 1.20.1 sheet match; may be new or visually changed after 1.20.1.,15,15
textures/gui/sprites/icon/video_link.png,gui,NewOrChangedGuiSprite,No unique exact 1.20.1 sheet match; may be new or visually changed after 1.20.1.,15,15
textures/gui/sprites/notification/more.png,gui,NewOrChangedGuiSprite,No unique exact 1.20.1 sheet match; may be new or visually changed after 1.20.1.,8,8
textures/gui/sprites/pending_invite/accept_highlighted.png,gui,NewOrChangedGuiSprite,No unique exact 1.20.1 sheet match; may be new or visually changed after 1.20.1.,18,18
textures/gui/sprites/pending_invite/accept.png,gui,NewOrChangedGuiSprite,No unique exact 1.20.1 sheet match; may be new or visually changed after 1.20.1.,18,18
textures/gui/sprites/pending_invite/reject_highlighted.png,gui,NewOrChangedGuiSprite,No unique exact 1.20.1 sheet match; may be new or visually changed after 1.20.1.,18,18
textures/gui/sprites/pending_invite/reject.png,gui,NewOrChangedGuiSprite,No unique exact 1.20.1 sheet match; may be new or visually changed after 1.20.1.,18,18
textures/gui/sprites/player_list/make_operator.png,gui,NewOrChangedGuiSprite,No unique exact 1.20.1 sheet match; may be new or visually changed after 1.20.1.,8,7
textures/gui/sprites/player_list/remove_operator.png,gui,NewOrChangedGuiSprite,No unique exact 1.20.1 sheet match; may be new or visually changed after 1.20.1.,8,7
textures/gui/sprites/player_list/remove_player.png,gui,NewOrChangedGuiSprite,No unique exact 1.20.1 sheet match; may be new or visually changed after 1.20.1.,8,7
textures/gui/sprites/popup/background.png,gui,NewOrChangedGuiSprite,No unique exact 1.20.1 sheet match; may be new or visually changed after 1.20.1.,236,34
textures/gui/sprites/realm_status/closed.png,gui,NewOrChangedGuiSprite,No unique exact 1.20.1 sheet match; may be new or visually changed after 1.20.1.,10,28
textures/gui/sprites/realm_status/expired.png,gui,NewOrChangedGuiSprite,No unique exact 1.20.1 sheet match; may be new or visually changed after 1.20.1.,10,28
textures/gui/sprites/realm_status/expires_soon.png,gui,NewOrChangedGuiSprite,No unique exact 1.20.1 sheet match; may be new or visually changed after 1.20.1.,10,56
textures/gui/sprites/realm_status/open.png,gui,NewOrChangedGuiSprite,No unique exact 1.20.1 sheet match; may be new or visually changed after 1.20.1.,10,28
textures/gui/sprites/recipe_book/slot_many_uncraftable.png,gui,ReorganizedGuiAmbiguous,The 1.21 sprite occurs more than once in legacy sheets; coordinate choice requires contextual review.,25,25
textures/gui/sprites/recipe_book/slot_uncraftable.png,gui,ReorganizedGuiAmbiguous,The 1.21 sprite occurs more than once in legacy sheets; coordinate choice requires contextual review.,25,25
textures/gui/sprites/server_list/incompatible.png,gui,ReorganizedGuiAmbiguous,The 1.21 sprite occurs more than once in legacy sheets; coordinate choice requires contextual review.,10,8
textures/gui/sprites/server_list/move_up_highlighted.png,gui,NewOrChangedGuiSprite,No unique exact 1.20.1 sheet match; may be new or visually changed after 1.20.1.,32,32
textures/gui/sprites/server_list/ping_1.png,gui,ReorganizedGuiAmbiguous,The 1.21 sprite occurs more than once in legacy sheets; coordinate choice requires contextual review.,10,8
textures/gui/sprites/server_list/ping_2.png,gui,ReorganizedGuiAmbiguous,The 1.21 sprite occurs more than once in legacy sheets; coordinate choice requires contextual review.,10,8
textures/gui/sprites/server_list/ping_3.png,gui,ReorganizedGuiAmbiguous,The 1.21 sprite occurs more than once in legacy sheets; coordinate choice requires contextual review.,10,8
textures/gui/sprites/server_list/ping_4.png,gui,ReorganizedGuiAmbiguous,The 1.21 sprite occurs more than once in legacy sheets; coordinate choice requires contextual review.,10,8
textures/gui/sprites/server_list/ping_5.png,gui,ReorganizedGuiAmbiguous,The 1.21 sprite occurs more than once in legacy sheets; coordinate choice requires contextual review.,10,8
textures/gui/sprites/server_list/unreachable.png,gui,ReorganizedGuiAmbiguous,The 1.21 sprite occurs more than once in legacy sheets; coordinate choice requires contextual review.,10,8
textures/gui/sprites/social_interactions/report_button_disabled.png,gui,NewOrChangedGuiSprite,No unique exact 1.20.1 sheet match; may be new or visually changed after 1.20.1.,20,20
textures/gui/sprites/social_interactions/report_button_highlighted.png,gui,NewOrChangedGuiSprite,No unique exact 1.20.1 sheet match; may be new or visually changed after 1.20.1.,20,20
textures/gui/sprites/social_interactions/report_button.png,gui,NewOrChangedGuiSprite,No unique exact 1.20.1 sheet match; may be new or visually changed after 1.20.1.,20,20
textures/gui/sprites/statistics/sort_down.png,gui,ReorganizedGuiAmbiguous,The 1.21 sprite occurs more than once in legacy sheets; coordinate choice requires contextual review.,18,18
textures/gui/sprites/statistics/sort_up.png,gui,ReorganizedGuiAmbiguous,The 1.21 sprite occurs more than once in legacy sheets; coordinate choice requires contextual review.,18,18
textures/gui/sprites/toast/advancement.png,gui,NewOrChangedGuiSprite,No unique exact 1.20.1 sheet match; may be new or visually changed after 1.20.1.,160,32
textures/gui/sprites/toast/mouse.png,gui,NewOrChangedGuiSprite,No unique exact 1.20.1 sheet match; may be new or visually changed after 1.20.1.,20,20
textures/gui/sprites/toast/movement_keys.png,gui,NewOrChangedGuiSprite,No unique exact 1.20.1 sheet match; may be new or visually changed after 1.20.1.,20,20
textures/gui/sprites/toast/recipe_book.png,gui,NewOrChangedGuiSprite,No unique exact 1.20.1 sheet match; may be new or visually changed after 1.20.1.,20,20
textures/gui/sprites/toast/recipe.png,gui,NewOrChangedGuiSprite,No unique exact 1.20.1 sheet match; may be new or visually changed after 1.20.1.,160,32
textures/gui/sprites/toast/right_click.png,gui,NewOrChangedGuiSprite,No unique exact 1.20.1 sheet match; may be new or visually changed after 1.20.1.,20,20
textures/gui/sprites/toast/social_interactions.png,gui,NewOrChangedGuiSprite,No unique exact 1.20.1 sheet match; may be new or visually changed after 1.20.1.,20,20
textures/gui/sprites/toast/system.png,gui,NewOrChangedGuiSprite,No unique exact 1.20.1 sheet match; may be new or visually changed after 1.20.1.,160,32
textures/gui/sprites/toast/tree.png,gui,NewOrChangedGuiSprite,No unique exact 1.20.1 sheet match; may be new or visually changed after 1.20.1.,20,20
textures/gui/sprites/toast/tutorial.png,gui,NewOrChangedGuiSprite,No unique exact 1.20.1 sheet match; may be new or visually changed after 1.20.1.,160,32
textures/gui/sprites/toast/wooden_planks.png,gui,NewOrChangedGuiSprite,No unique exact 1.20.1 sheet match; may be new or visually changed after 1.20.1.,20,20
textures/gui/sprites/transferable_list/unselect_highlighted.png,gui,ReorganizedGuiAmbiguous,The 1.21 sprite occurs more than once in legacy sheets; coordinate choice requires contextual review.,32,32
textures/gui/sprites/transferable_list/unselect.png,gui,ReorganizedGuiAmbiguous,The 1.21 sprite occurs more than once in legacy sheets; coordinate choice requires contextual review.,32,32
textures/gui/sprites/widget/checkbox_highlighted.png,gui,NewOrChangedGuiSprite,No unique exact 1.20.1 sheet match; may be new or visually changed after 1.20.1.,20,20
textures/gui/sprites/widget/checkbox_selected_highlighted.png,gui,NewOrChangedGuiSprite,No unique exact 1.20.1 sheet match; may be new or visually changed after 1.20.1.,20,20
textures/gui/sprites/widget/cross_button_highlighted.png,gui,NewOrChangedGuiSprite,No unique exact 1.20.1 sheet match; may be new or visually changed after 1.20.1.,14,14
textures/gui/sprites/widget/cross_button.png,gui,NewOrChangedGuiSprite,No unique exact 1.20.1 sheet match; may be new or visually changed after 1.20.1.,14,14
textures/gui/sprites/widget/scroller_background.png,gui,ReorganizedGuiAmbiguous,The 1.21 sprite occurs more than once in legacy sheets; coordinate choice requires contextual review.,6,32
textures/gui/sprites/widget/scroller.png,gui,NewOrChangedGuiSprite,No unique exact 1.20.1 sheet match; may be new or visually changed after 1.20.1.,6,32
textures/gui/sprites/widget/slider_handle_highlighted.png,gui,NewOrChangedGuiSprite,No unique exact 1.20.1 sheet match; may be new or visually changed after 1.20.1.,8,20
textures/gui/sprites/widget/slider_handle.png,gui,NewOrChangedGuiSprite,No unique exact 1.20.1 sheet match; may be new or visually changed after 1.20.1.,8,20
textures/gui/sprites/widget/slider_highlighted.png,gui,NewOrChangedGuiSprite,No unique exact 1.20.1 sheet match; may be new or visually changed after 1.20.1.,200,20
textures/gui/sprites/widget/slot_frame.png,gui,NewOrChangedGuiSprite,No unique exact 1.20.1 sheet match; may be new or visually changed after 1.20.1.,80,80
textures/gui/sprites/widget/tab_highlighted.png,gui,NewOrChangedGuiSprite,No unique exact 1.20.1 sheet match; may be new or visually changed after 1.20.1.,130,24
textures/gui/sprites/widget/tab_selected_highlighted.png,gui,NewOrChangedGuiSprite,No unique exact 1.20.1 sheet match; may be new or visually changed after 1.20.1.,130,24
textures/gui/sprites/widget/tab_selected.png,gui,NewOrChangedGuiSprite,No unique exact 1.20.1 sheet match; may be new or visually changed after 1.20.1.,130,24
textures/gui/sprites/widget/tab.png,gui,NewOrChangedGuiSprite,No unique exact 1.20.1 sheet match; may be new or visually changed after 1.20.1.,130,24
textures/gui/sprites/widget/text_field_highlighted.png,gui,NewOrChangedGuiSprite,No unique exact 1.20.1 sheet match; may be new or visually changed after 1.20.1.,200,20
textures/gui/sprites/widget/text_field.png,gui,NewOrChangedGuiSprite,No unique exact 1.20.1 sheet match; may be new or visually changed after 1.20.1.,200,20
textures/gui/sprites/world_list/join_highlighted.png,gui,ReorganizedGuiAmbiguous,The 1.21 sprite occurs more than once in legacy sheets; coordinate choice requires contextual review.,32,32
textures/gui/sprites/world_list/join.png,gui,ReorganizedGuiAmbiguous,The 1.21 sprite occurs more than once in legacy sheets; coordinate choice requires contextual review.,32,32
textures/gui/tab_header_background.png,gui,ReorganizedGuiAmbiguous,The 1.21 sprite occurs more than once in legacy sheets; coordinate choice requires contextual review.,16,16
textures/gui/title/realms.png,gui,NewOrChangedGuiSprite,No unique exact 1.20.1 sheet match; may be new or visually changed after 1.20.1.,512,256
textures/item/acacia_hanging_sign.png,item,PreExistingUnconverted,"The same texture path existed in vanilla 1.20.1, but the upstream LAST DAYS pack did not override it.",16,16
textures/item/armadillo_scute.png,item,NewOrChangedAfter1201,No same path or decoded-pixel-equivalent legacy texture was found in vanilla 1.20.1.,16,16
textures/item/bamboo_chest_raft.png,item,PreExistingUnconverted,"The same texture path existed in vanilla 1.20.1, but the upstream LAST DAYS pack did not override it.",16,16
textures/item/bamboo_door.png,item,PreExistingUnconverted,"The same texture path existed in vanilla 1.20.1, but the upstream LAST DAYS pack did not override it.",16,16
textures/item/bamboo_hanging_sign.png,item,PreExistingUnconverted,"The same texture path existed in vanilla 1.20.1, but the upstream LAST DAYS pack did not override it.",16,16
textures/item/bamboo_raft.png,item,PreExistingUnconverted,"The same texture path existed in vanilla 1.20.1, but the upstream LAST DAYS pack did not override it.",16,16
textures/item/bamboo_sign.png,item,PreExistingUnconverted,"The same texture path existed in vanilla 1.20.1, but the upstream LAST DAYS pack did not override it.",16,16
textures/item/birch_hanging_sign.png,item,PreExistingUnconverted,"The same texture path existed in vanilla 1.20.1, but the upstream LAST DAYS pack did not override it.",16,16
textures/item/bolt_armor_trim_smithing_template.png,item,NewOrChangedAfter1201,No same path or decoded-pixel-equivalent legacy texture was found in vanilla 1.20.1.,16,16
textures/item/breeze_rod.png,item,NewOrChangedAfter1201,No same path or decoded-pixel-equivalent legacy texture was found in vanilla 1.20.1.,16,16
textures/item/broken_elytra.png,item,PreExistingUnconverted,"The same texture path existed in vanilla 1.20.1, but the upstream LAST DAYS pack did not override it.",16,16
textures/item/copper_door.png,item,NewOrChangedAfter1201,No same path or decoded-pixel-equivalent legacy texture was found in vanilla 1.20.1.,16,16
textures/item/crimson_hanging_sign.png,item,PreExistingUnconverted,"The same texture path existed in vanilla 1.20.1, but the upstream LAST DAYS pack did not override it.",16,16
textures/item/dark_oak_hanging_sign.png,item,PreExistingUnconverted,"The same texture path existed in vanilla 1.20.1, but the upstream LAST DAYS pack did not override it.",16,16
textures/item/empty_slot_amethyst_shard.png,item,PreExistingUnconverted,"The same texture path existed in vanilla 1.20.1, but the upstream LAST DAYS pack did not override it.",16,16
textures/item/empty_slot_axe.png,item,PreExistingUnconverted,"The same texture path existed in vanilla 1.20.1, but the upstream LAST DAYS pack did not override it.",16,16
textures/item/empty_slot_diamond.png,item,PreExistingUnconverted,"The same texture path existed in vanilla 1.20.1, but the upstream LAST DAYS pack did not override it.",16,16
textures/item/empty_slot_emerald.png,item,PreExistingUnconverted,"The same texture path existed in vanilla 1.20.1, but the upstream LAST DAYS pack did not override it.",16,16
textures/item/empty_slot_hoe.png,item,PreExistingUnconverted,"The same texture path existed in vanilla 1.20.1, but the upstream LAST DAYS pack did not override it.",16,16
textures/item/empty_slot_ingot.png,item,PreExistingUnconverted,"The same texture path existed in vanilla 1.20.1, but the upstream LAST DAYS pack did not override it.",16,16
textures/item/empty_slot_lapis_lazuli.png,item,PreExistingUnconverted,"The same texture path existed in vanilla 1.20.1, but the upstream LAST DAYS pack did not override it.",16,16
textures/item/empty_slot_pickaxe.png,item,PreExistingUnconverted,"The same texture path existed in vanilla 1.20.1, but the upstream LAST DAYS pack did not override it.",16,16
textures/item/empty_slot_quartz.png,item,PreExistingUnconverted,"The same texture path existed in vanilla 1.20.1, but the upstream LAST DAYS pack did not override it.",16,16
textures/item/empty_slot_redstone_dust.png,item,PreExistingUnconverted,"The same texture path existed in vanilla 1.20.1, but the upstream LAST DAYS pack did not override it.",16,16
textures/item/empty_slot_shovel.png,item,PreExistingUnconverted,"The same texture path existed in vanilla 1.20.1, but the upstream LAST DAYS pack did not override it.",16,16
textures/item/empty_slot_sword.png,item,PreExistingUnconverted,"The same texture path existed in vanilla 1.20.1, but the upstream LAST DAYS pack did not override it.",16,16
textures/item/exposed_copper_door.png,item,NewOrChangedAfter1201,No same path or decoded-pixel-equivalent legacy texture was found in vanilla 1.20.1.,16,16
textures/item/flow_armor_trim_smithing_template.png,item,NewOrChangedAfter1201,No same path or decoded-pixel-equivalent legacy texture was found in vanilla 1.20.1.,16,16
textures/item/flow_banner_pattern.png,item,NewOrChangedAfter1201,No same path or decoded-pixel-equivalent legacy texture was found in vanilla 1.20.1.,16,16
textures/item/flow_pottery_sherd.png,item,NewOrChangedAfter1201,No same path or decoded-pixel-equivalent legacy texture was found in vanilla 1.20.1.,16,16
textures/item/guster_banner_pattern.png,item,NewOrChangedAfter1201,No same path or decoded-pixel-equivalent legacy texture was found in vanilla 1.20.1.,16,16
textures/item/guster_pottery_sherd.png,item,NewOrChangedAfter1201,No same path or decoded-pixel-equivalent legacy texture was found in vanilla 1.20.1.,16,16
textures/item/jungle_hanging_sign.png,item,PreExistingUnconverted,"The same texture path existed in vanilla 1.20.1, but the upstream LAST DAYS pack did not override it.",16,16
textures/item/mace.png,item,NewOrChangedAfter1201,No same path or decoded-pixel-equivalent legacy texture was found in vanilla 1.20.1.,16,16
textures/item/mangrove_hanging_sign.png,item,PreExistingUnconverted,"The same texture path existed in vanilla 1.20.1, but the upstream LAST DAYS pack did not override it.",16,16
textures/item/music_disc_creator_music_box.png,item,NewOrChangedAfter1201,No same path or decoded-pixel-equivalent legacy texture was found in vanilla 1.20.1.,16,16
textures/item/music_disc_creator.png,item,NewOrChangedAfter1201,No same path or decoded-pixel-equivalent legacy texture was found in vanilla 1.20.1.,16,16
textures/item/music_disc_precipice.png,item,NewOrChangedAfter1201,No same path or decoded-pixel-equivalent legacy texture was found in vanilla 1.20.1.,16,16
textures/item/music_disc_relic.png,item,PreExistingUnconverted,"The same texture path existed in vanilla 1.20.1, but the upstream LAST DAYS pack did not override it.",16,16
textures/item/oak_hanging_sign.png,item,PreExistingUnconverted,"The same texture path existed in vanilla 1.20.1, but the upstream LAST DAYS pack did not override it.",16,16
textures/item/ominous_bottle.png,item,NewOrChangedAfter1201,No same path or decoded-pixel-equivalent legacy texture was found in vanilla 1.20.1.,16,16
textures/item/ominous_trial_key.png,item,NewOrChangedAfter1201,No same path or decoded-pixel-equivalent legacy texture was found in vanilla 1.20.1.,16,16
textures/item/oxidized_copper_door.png,item,NewOrChangedAfter1201,No same path or decoded-pixel-equivalent legacy texture was found in vanilla 1.20.1.,16,16
textures/item/pink_petals.png,item,PreExistingUnconverted,"The same texture path existed in vanilla 1.20.1, but the upstream LAST DAYS pack did not override it.",16,16
textures/item/scrape_pottery_sherd.png,item,NewOrChangedAfter1201,No same path or decoded-pixel-equivalent legacy texture was found in vanilla 1.20.1.,16,16
textures/item/spruce_hanging_sign.png,item,PreExistingUnconverted,"The same texture path existed in vanilla 1.20.1, but the upstream LAST DAYS pack did not override it.",16,16
textures/item/trial_key.png,item,NewOrChangedAfter1201,No same path or decoded-pixel-equivalent legacy texture was found in vanilla 1.20.1.,16,16
textures/item/warped_hanging_sign.png,item,PreExistingUnconverted,"The same texture path existed in vanilla 1.20.1, but the upstream LAST DAYS pack did not override it.",16,16
textures/item/weathered_copper_door.png,item,NewOrChangedAfter1201,No same path or decoded-pixel-equivalent legacy texture was found in vanilla 1.20.1.,16,16
textures/item/wind_charge.png,item,NewOrChangedAfter1201,No same path or decoded-pixel-equivalent legacy texture was found in vanilla 1.20.1.,16,16
textures/item/wolf_armor_overlay.png,item,NewOrChangedAfter1201,No same path or decoded-pixel-equivalent legacy texture was found in vanilla 1.20.1.,16,16
textures/item/wolf_armor.png,item,NewOrChangedAfter1201,No same path or decoded-pixel-equivalent legacy texture was found in vanilla 1.20.1.,16,16
textures/map/decorations/black_banner.png,map,NewOrChangedAfter1201,No same path or decoded-pixel-equivalent legacy texture was found in vanilla 1.20.1.,8,8
textures/map/decorations/blue_banner.png,map,NewOrChangedAfter1201,No same path or decoded-pixel-equivalent legacy texture was found in vanilla 1.20.1.,8,8
textures/map/decorations/blue_marker.png,map,NewOrChangedAfter1201,No same path or decoded-pixel-equivalent legacy texture was found in vanilla 1.20.1.,8,8
textures/map/decorations/brown_banner.png,map,NewOrChangedAfter1201,No same path or decoded-pixel-equivalent legacy texture was found in vanilla 1.20.1.,8,8
textures/map/decorations/cyan_banner.png,map,NewOrChangedAfter1201,No same path or decoded-pixel-equivalent legacy texture was found in vanilla 1.20.1.,8,8
textures/map/decorations/desert_village.png,map,NewOrChangedAfter1201,No same path or decoded-pixel-equivalent legacy texture was found in vanilla 1.20.1.,8,8
textures/map/decorations/frame.png,map,NewOrChangedAfter1201,No same path or decoded-pixel-equivalent legacy texture was found in vanilla 1.20.1.,8,8
textures/map/decorations/gray_banner.png,map,NewOrChangedAfter1201,No same path or decoded-pixel-equivalent legacy texture was found in vanilla 1.20.1.,8,8
textures/map/decorations/green_banner.png,map,NewOrChangedAfter1201,No same path or decoded-pixel-equivalent legacy texture was found in vanilla 1.20.1.,8,8
textures/map/decorations/jungle_temple.png,map,NewOrChangedAfter1201,No same path or decoded-pixel-equivalent legacy texture was found in vanilla 1.20.1.,8,8
textures/map/decorations/light_blue_banner.png,map,NewOrChangedAfter1201,No same path or decoded-pixel-equivalent legacy texture was found in vanilla 1.20.1.,8,8
textures/map/decorations/light_gray_banner.png,map,NewOrChangedAfter1201,No same path or decoded-pixel-equivalent legacy texture was found in vanilla 1.20.1.,8,8
textures/map/decorations/lime_banner.png,map,NewOrChangedAfter1201,No same path or decoded-pixel-equivalent legacy texture was found in vanilla 1.20.1.,8,8
textures/map/decorations/magenta_banner.png,map,NewOrChangedAfter1201,No same path or decoded-pixel-equivalent legacy texture was found in vanilla 1.20.1.,8,8
textures/map/decorations/ocean_monument.png,map,NewOrChangedAfter1201,No same path or decoded-pixel-equivalent legacy texture was found in vanilla 1.20.1.,8,8
textures/map/decorations/orange_banner.png,map,NewOrChangedAfter1201,No same path or decoded-pixel-equivalent legacy texture was found in vanilla 1.20.1.,8,8
textures/map/decorations/pink_banner.png,map,NewOrChangedAfter1201,No same path or decoded-pixel-equivalent legacy texture was found in vanilla 1.20.1.,8,8
textures/map/decorations/plains_village.png,map,NewOrChangedAfter1201,No same path or decoded-pixel-equivalent legacy texture was found in vanilla 1.20.1.,8,8
textures/map/decorations/player_off_limits.png,map,NewOrChangedAfter1201,No same path or decoded-pixel-equivalent legacy texture was found in vanilla 1.20.1.,8,8
textures/map/decorations/player_off_map.png,map,NewOrChangedAfter1201,No same path or decoded-pixel-equivalent legacy texture was found in vanilla 1.20.1.,8,8
textures/map/decorations/player.png,map,NewOrChangedAfter1201,No same path or decoded-pixel-equivalent legacy texture was found in vanilla 1.20.1.,8,8
textures/map/decorations/purple_banner.png,map,NewOrChangedAfter1201,No same path or decoded-pixel-equivalent legacy texture was found in vanilla 1.20.1.,8,8
textures/map/decorations/red_banner.png,map,NewOrChangedAfter1201,No same path or decoded-pixel-equivalent legacy texture was found in vanilla 1.20.1.,8,8
textures/map/decorations/red_marker.png,map,NewOrChangedAfter1201,No same path or decoded-pixel-equivalent legacy texture was found in vanilla 1.20.1.,8,8
textures/map/decorations/red_x.png,map,NewOrChangedAfter1201,No same path or decoded-pixel-equivalent legacy texture was found in vanilla 1.20.1.,8,8
textures/map/decorations/savanna_village.png,map,NewOrChangedAfter1201,No same path or decoded-pixel-equivalent legacy texture was found in vanilla 1.20.1.,8,8
textures/map/decorations/snowy_village.png,map,NewOrChangedAfter1201,No same path or decoded-pixel-equivalent legacy texture was found in vanilla 1.20.1.,8,8
textures/map/decorations/swamp_hut.png,map,NewOrChangedAfter1201,No same path or decoded-pixel-equivalent legacy texture was found in vanilla 1.20.1.,8,8
textures/map/decorations/taiga_village.png,map,NewOrChangedAfter1201,No same path or decoded-pixel-equivalent legacy texture was found in vanilla 1.20.1.,8,8
textures/map/decorations/target_point.png,map,NewOrChangedAfter1201,No same path or decoded-pixel-equivalent legacy texture was found in vanilla 1.20.1.,8,8
textures/map/decorations/target_x.png,map,NewOrChangedAfter1201,No same path or decoded-pixel-equivalent legacy texture was found in vanilla 1.20.1.,8,8
textures/map/decorations/trial_chambers.png,map,NewOrChangedAfter1201,No same path or decoded-pixel-equivalent legacy texture was found in vanilla 1.20.1.,8,8
textures/map/decorations/white_banner.png,map,NewOrChangedAfter1201,No same path or decoded-pixel-equivalent legacy texture was found in vanilla 1.20.1.,8,8
textures/map/decorations/woodland_mansion.png,map,NewOrChangedAfter1201,No same path or decoded-pixel-equivalent legacy texture was found in vanilla 1.20.1.,8,8
textures/map/decorations/yellow_banner.png,map,NewOrChangedAfter1201,No same path or decoded-pixel-equivalent legacy texture was found in vanilla 1.20.1.,8,8
textures/misc/credits_vignette.png,misc,NewOrChangedAfter1201,No same path or decoded-pixel-equivalent legacy texture was found in vanilla 1.20.1.,256,256
textures/misc/enchanted_glint_entity.png,misc,PreExistingUnconverted,"The same texture path existed in vanilla 1.20.1, but the upstream LAST DAYS pack did not override it.",128,128
textures/misc/enchanted_glint_item.png,misc,PreExistingUnconverted,"The same texture path existed in vanilla 1.20.1, but the upstream LAST DAYS pack did not override it.",128,128
textures/misc/white.png,misc,PreExistingUnconverted,"The same texture path existed in vanilla 1.20.1, but the upstream LAST DAYS pack did not override it.",4,4
textures/mob_effect/darkness.png,mob_effect,PreExistingUnconverted,"The same texture path existed in vanilla 1.20.1, but the upstream LAST DAYS pack did not override it.",18,18
textures/mob_effect/infested.png,mob_effect,NewOrChangedAfter1201,No same path or decoded-pixel-equivalent legacy texture was found in vanilla 1.20.1.,18,18
textures/mob_effect/oozing.png,mob_effect,NewOrChangedAfter1201,No same path or decoded-pixel-equivalent legacy texture was found in vanilla 1.20.1.,18,18
textures/mob_effect/raid_omen.png,mob_effect,NewOrChangedAfter1201,No same path or decoded-pixel-equivalent legacy texture was found in vanilla 1.20.1.,18,18
textures/mob_effect/trial_omen.png,mob_effect,NewOrChangedAfter1201,No same path or decoded-pixel-equivalent legacy texture was found in vanilla 1.20.1.,18,18
textures/mob_effect/weaving.png,mob_effect,NewOrChangedAfter1201,No same path or decoded-pixel-equivalent legacy texture was found in vanilla 1.20.1.,18,18
textures/mob_effect/wind_charged.png,mob_effect,NewOrChangedAfter1201,No same path or decoded-pixel-equivalent legacy texture was found in vanilla 1.20.1.,18,18
textures/painting/backyard.png,painting,NewOrChangedAfter1201,No same path or decoded-pixel-equivalent legacy texture was found in vanilla 1.20.1.,48,64
textures/painting/baroque.png,painting,NewOrChangedAfter1201,No same path or decoded-pixel-equivalent legacy texture was found in vanilla 1.20.1.,32,32
textures/painting/bouquet.png,painting,NewOrChangedAfter1201,No same path or decoded-pixel-equivalent legacy texture was found in vanilla 1.20.1.,48,48
textures/painting/cavebird.png,painting,NewOrChangedAfter1201,No same path or decoded-pixel-equivalent legacy texture was found in vanilla 1.20.1.,48,48
textures/painting/changing.png,painting,NewOrChangedAfter1201,No same path or decoded-pixel-equivalent legacy texture was found in vanilla 1.20.1.,64,32
textures/painting/cotan.png,painting,NewOrChangedAfter1201,No same path or decoded-pixel-equivalent legacy texture was found in vanilla 1.20.1.,48,48
textures/painting/earth.png,painting,PreExistingUnconverted,"The same texture path existed in vanilla 1.20.1, but the upstream LAST DAYS pack did not override it.",32,32
textures/painting/endboss.png,painting,NewOrChangedAfter1201,No same path or decoded-pixel-equivalent legacy texture was found in vanilla 1.20.1.,48,48
textures/painting/fern.png,painting,NewOrChangedAfter1201,No same path or decoded-pixel-equivalent legacy texture was found in vanilla 1.20.1.,48,48
textures/painting/finding.png,painting,NewOrChangedAfter1201,No same path or decoded-pixel-equivalent legacy texture was found in vanilla 1.20.1.,64,32
textures/painting/fire.png,painting,PreExistingUnconverted,"The same texture path existed in vanilla 1.20.1, but the upstream LAST DAYS pack did not override it.",32,32
textures/painting/humble.png,painting,NewOrChangedAfter1201,No same path or decoded-pixel-equivalent legacy texture was found in vanilla 1.20.1.,32,32
textures/painting/lowmist.png,painting,NewOrChangedAfter1201,No same path or decoded-pixel-equivalent legacy texture was found in vanilla 1.20.1.,64,32
textures/painting/meditative.png,painting,NewOrChangedAfter1201,No same path or decoded-pixel-equivalent legacy texture was found in vanilla 1.20.1.,16,16
textures/painting/orb.png,painting,NewOrChangedAfter1201,No same path or decoded-pixel-equivalent legacy texture was found in vanilla 1.20.1.,64,64
textures/painting/owlemons.png,painting,NewOrChangedAfter1201,No same path or decoded-pixel-equivalent legacy texture was found in vanilla 1.20.1.,48,48
textures/painting/passage.png,painting,NewOrChangedAfter1201,No same path or decoded-pixel-equivalent legacy texture was found in vanilla 1.20.1.,64,32
textures/painting/pond.png,painting,NewOrChangedAfter1201,No same path or decoded-pixel-equivalent legacy texture was found in vanilla 1.20.1.,48,64
textures/painting/prairie_ride.png,painting,NewOrChangedAfter1201,No same path or decoded-pixel-equivalent legacy texture was found in vanilla 1.20.1.,16,32
textures/painting/sunflowers.png,painting,NewOrChangedAfter1201,No same path or decoded-pixel-equivalent legacy texture was found in vanilla 1.20.1.,48,48
textures/painting/tides.png,painting,NewOrChangedAfter1201,No same path or decoded-pixel-equivalent legacy texture was found in vanilla 1.20.1.,48,48
textures/painting/unpacked.png,painting,NewOrChangedAfter1201,No same path or decoded-pixel-equivalent legacy texture was found in vanilla 1.20.1.,64,64
textures/painting/water.png,painting,PreExistingUnconverted,"The same texture path existed in vanilla 1.20.1, but the upstream LAST DAYS pack did not override it.",32,32
textures/painting/wind.png,painting,PreExistingUnconverted,"The same texture path existed in vanilla 1.20.1, but the upstream LAST DAYS pack did not override it.",32,32
textures/particle/glow.png,particle,PreExistingUnconverted,"The same texture path existed in vanilla 1.20.1, but the upstream LAST DAYS pack did not override it.",8,8
textures/particle/goldheart_0.png,particle,PreExistingUnconverted,"The same texture path existed in vanilla 1.20.1, but the upstream LAST DAYS pack did not override it.",8,7
textures/particle/goldheart_1.png,particle,PreExistingUnconverted,"The same texture path existed in vanilla 1.20.1, but the upstream LAST DAYS pack did not override it.",8,7
textures/particle/goldheart_2.png,particle,PreExistingUnconverted,"The same texture path existed in vanilla 1.20.1, but the upstream LAST DAYS pack did not override it.",8,7
textures/particle/gust_0.png,particle,NewOrChangedAfter1201,No same path or decoded-pixel-equivalent legacy texture was found in vanilla 1.20.1.,32,32
textures/particle/gust_1.png,particle,NewOrChangedAfter1201,No same path or decoded-pixel-equivalent legacy texture was found in vanilla 1.20.1.,32,32
textures/particle/gust_10.png,particle,NewOrChangedAfter1201,No same path or decoded-pixel-equivalent legacy texture was found in vanilla 1.20.1.,32,32
textures/particle/gust_11.png,particle,NewOrChangedAfter1201,No same path or decoded-pixel-equivalent legacy texture was found in vanilla 1.20.1.,32,32
textures/particle/gust_2.png,particle,NewOrChangedAfter1201,No same path or decoded-pixel-equivalent legacy texture was found in vanilla 1.20.1.,32,32
textures/particle/gust_3.png,particle,NewOrChangedAfter1201,No same path or decoded-pixel-equivalent legacy texture was found in vanilla 1.20.1.,32,32
textures/particle/gust_4.png,particle,NewOrChangedAfter1201,No same path or decoded-pixel-equivalent legacy texture was found in vanilla 1.20.1.,32,32
textures/particle/gust_5.png,particle,NewOrChangedAfter1201,No same path or decoded-pixel-equivalent legacy texture was found in vanilla 1.20.1.,32,32
textures/particle/gust_6.png,particle,NewOrChangedAfter1201,No same path or decoded-pixel-equivalent legacy texture was found in vanilla 1.20.1.,32,32
textures/particle/gust_7.png,particle,NewOrChangedAfter1201,No same path or decoded-pixel-equivalent legacy texture was found in vanilla 1.20.1.,32,32
textures/particle/gust_8.png,particle,NewOrChangedAfter1201,No same path or decoded-pixel-equivalent legacy texture was found in vanilla 1.20.1.,32,32
textures/particle/gust_9.png,particle,NewOrChangedAfter1201,No same path or decoded-pixel-equivalent legacy texture was found in vanilla 1.20.1.,32,32
textures/particle/infested.png,particle,NewOrChangedAfter1201,No same path or decoded-pixel-equivalent legacy texture was found in vanilla 1.20.1.,8,8
textures/particle/ominous_spawning.png,particle,NewOrChangedAfter1201,No same path or decoded-pixel-equivalent legacy texture was found in vanilla 1.20.1.,16,16
textures/particle/raid_omen.png,particle,NewOrChangedAfter1201,No same path or decoded-pixel-equivalent legacy texture was found in vanilla 1.20.1.,5,5
textures/particle/small_gust_0.png,particle,NewOrChangedAfter1201,No same path or decoded-pixel-equivalent legacy texture was found in vanilla 1.20.1.,8,8
textures/particle/small_gust_1.png,particle,NewOrChangedAfter1201,No same path or decoded-pixel-equivalent legacy texture was found in vanilla 1.20.1.,8,8
textures/particle/small_gust_2.png,particle,NewOrChangedAfter1201,No same path or decoded-pixel-equivalent legacy texture was found in vanilla 1.20.1.,8,8
textures/particle/small_gust_3.png,particle,NewOrChangedAfter1201,No same path or decoded-pixel-equivalent legacy texture was found in vanilla 1.20.1.,8,8
textures/particle/small_gust_4.png,particle,NewOrChangedAfter1201,No same path or decoded-pixel-equivalent legacy texture was found in vanilla 1.20.1.,8,8
textures/particle/small_gust_5.png,particle,NewOrChangedAfter1201,No same path or decoded-pixel-equivalent legacy texture was found in vanilla 1.20.1.,8,8
textures/particle/small_gust_6.png,particle,NewOrChangedAfter1201,No same path or decoded-pixel-equivalent legacy texture was found in vanilla 1.20.1.,8,8
textures/particle/trial_omen.png,particle,NewOrChangedAfter1201,No same path or decoded-pixel-equivalent legacy texture was found in vanilla 1.20.1.,5,5
textures/particle/trial_spawner_detection_0.png,particle,NewOrChangedAfter1201,No same path or decoded-pixel-equivalent legacy texture was found in vanilla 1.20.1.,8,8
textures/particle/trial_spawner_detection_1.png,particle,NewOrChangedAfter1201,No same path or decoded-pixel-equivalent legacy texture was found in vanilla 1.20.1.,8,8
textures/particle/trial_spawner_detection_2.png,particle,NewOrChangedAfter1201,No same path or decoded-pixel-equivalent legacy texture was found in vanilla 1.20.1.,8,8
textures/particle/trial_spawner_detection_3.png,particle,NewOrChangedAfter1201,No same path or decoded-pixel-equivalent legacy texture was found in vanilla 1.20.1.,8,8
textures/particle/trial_spawner_detection_4.png,particle,NewOrChangedAfter1201,No same path or decoded-pixel-equivalent legacy texture was found in vanilla 1.20.1.,8,8
textures/particle/trial_spawner_detection_ominous_0.png,particle,NewOrChangedAfter1201,No same path or decoded-pixel-equivalent legacy texture was found in vanilla 1.20.1.,8,8
textures/particle/trial_spawner_detection_ominous_1.png,particle,NewOrChangedAfter1201,No same path or decoded-pixel-equivalent legacy texture was found in vanilla 1.20.1.,8,8
textures/particle/trial_spawner_detection_ominous_2.png,particle,NewOrChangedAfter1201,No same path or decoded-pixel-equivalent legacy texture was found in vanilla 1.20.1.,8,8
textures/particle/trial_spawner_detection_ominous_3.png,particle,NewOrChangedAfter1201,No same path or decoded-pixel-equivalent legacy texture was found in vanilla 1.20.1.,8,8
textures/particle/trial_spawner_detection_ominous_4.png,particle,NewOrChangedAfter1201,No same path or decoded-pixel-equivalent legacy texture was found in vanilla 1.20.1.,8,8
textures/particle/vault_connection.png,particle,NewOrChangedAfter1201,No same path or decoded-pixel-equivalent legacy texture was found in vanilla 1.20.1.,8,8
textures/trims/color_palettes/amethyst.png,trims,PreExistingUnconverted,"The same texture path existed in vanilla 1.20.1, but the upstream LAST DAYS pack did not override it.",8,1
textures/trims/color_palettes/copper.png,trims,PreExistingUnconverted,"The same texture path existed in vanilla 1.20.1, but the upstream LAST DAYS pack did not override it.",8,1
textures/trims/color_palettes/diamond_darker.png,trims,PreExistingUnconverted,"The same texture path existed in vanilla 1.20.1, but the upstream LAST DAYS pack did not override it.",8,1
textures/trims/color_palettes/diamond.png,trims,PreExistingUnconverted,"The same texture path existed in vanilla 1.20.1, but the upstream LAST DAYS pack did not override it.",8,1
textures/trims/color_palettes/emerald.png,trims,PreExistingUnconverted,"The same texture path existed in vanilla 1.20.1, but the upstream LAST DAYS pack did not override it.",8,1
textures/trims/color_palettes/gold_darker.png,trims,PreExistingUnconverted,"The same texture path existed in vanilla 1.20.1, but the upstream LAST DAYS pack did not override it.",8,1
textures/trims/color_palettes/gold.png,trims,PreExistingUnconverted,"The same texture path existed in vanilla 1.20.1, but the upstream LAST DAYS pack did not override it.",8,1
textures/trims/color_palettes/iron_darker.png,trims,PreExistingUnconverted,"The same texture path existed in vanilla 1.20.1, but the upstream LAST DAYS pack did not override it.",8,1
textures/trims/color_palettes/iron.png,trims,PreExistingUnconverted,"The same texture path existed in vanilla 1.20.1, but the upstream LAST DAYS pack did not override it.",8,1
textures/trims/color_palettes/lapis.png,trims,PreExistingUnconverted,"The same texture path existed in vanilla 1.20.1, but the upstream LAST DAYS pack did not override it.",8,1
textures/trims/color_palettes/netherite_darker.png,trims,PreExistingUnconverted,"The same texture path existed in vanilla 1.20.1, but the upstream LAST DAYS pack did not override it.",8,1
textures/trims/color_palettes/netherite.png,trims,PreExistingUnconverted,"The same texture path existed in vanilla 1.20.1, but the upstream LAST DAYS pack did not override it.",8,1
textures/trims/color_palettes/quartz.png,trims,PreExistingUnconverted,"The same texture path existed in vanilla 1.20.1, but the upstream LAST DAYS pack did not override it.",8,1
textures/trims/color_palettes/redstone.png,trims,PreExistingUnconverted,"The same texture path existed in vanilla 1.20.1, but the upstream LAST DAYS pack did not override it.",8,1
textures/trims/color_palettes/trim_palette.png,trims,PreExistingUnconverted,"The same texture path existed in vanilla 1.20.1, but the upstream LAST DAYS pack did not override it.",8,1
textures/trims/items/boots_trim.png,trims,PreExistingUnconverted,"The same texture path existed in vanilla 1.20.1, but the upstream LAST DAYS pack did not override it.",16,16
textures/trims/items/chestplate_trim.png,trims,PreExistingUnconverted,"The same texture path existed in vanilla 1.20.1, but the upstream LAST DAYS pack did not override it.",16,16
textures/trims/items/helmet_trim.png,trims,PreExistingUnconverted,"The same texture path existed in vanilla 1.20.1, but the upstream LAST DAYS pack did not override it.",16,16
textures/trims/items/leggings_trim.png,trims,PreExistingUnconverted,"The same texture path existed in vanilla 1.20.1, but the upstream LAST DAYS pack did not override it.",16,16
textures/trims/models/armor/bolt_leggings.png,trims,NewOrChangedAfter1201,No same path or decoded-pixel-equivalent legacy texture was found in vanilla 1.20.1.,64,32
textures/trims/models/armor/bolt.png,trims,NewOrChangedAfter1201,No same path or decoded-pixel-equivalent legacy texture was found in vanilla 1.20.1.,64,32
textures/trims/models/armor/coast_leggings.png,trims,PreExistingUnconverted,"The same texture path existed in vanilla 1.20.1, but the upstream LAST DAYS pack did not override it.",64,32
textures/trims/models/armor/coast.png,trims,PreExistingUnconverted,"The same texture path existed in vanilla 1.20.1, but the upstream LAST DAYS pack did not override it.",64,32
textures/trims/models/armor/dune_leggings.png,trims,PreExistingUnconverted,"The same texture path existed in vanilla 1.20.1, but the upstream LAST DAYS pack did not override it.",64,32
textures/trims/models/armor/dune.png,trims,PreExistingUnconverted,"The same texture path existed in vanilla 1.20.1, but the upstream LAST DAYS pack did not override it.",64,32
textures/trims/models/armor/eye_leggings.png,trims,PreExistingUnconverted,"The same texture path existed in vanilla 1.20.1, but the upstream LAST DAYS pack did not override it.",64,32
textures/trims/models/armor/eye.png,trims,PreExistingUnconverted,"The same texture path existed in vanilla 1.20.1, but the upstream LAST DAYS pack did not override it.",64,32
textures/trims/models/armor/flow_leggings.png,trims,NewOrChangedAfter1201,No same path or decoded-pixel-equivalent legacy texture was found in vanilla 1.20.1.,64,32
textures/trims/models/armor/flow.png,trims,NewOrChangedAfter1201,No same path or decoded-pixel-equivalent legacy texture was found in vanilla 1.20.1.,64,32
textures/trims/models/armor/host_leggings.png,trims,PreExistingUnconverted,"The same texture path existed in vanilla 1.20.1, but the upstream LAST DAYS pack did not override it.",64,32
textures/trims/models/armor/host.png,trims,PreExistingUnconverted,"The same texture path existed in vanilla 1.20.1, but the upstream LAST DAYS pack did not override it.",64,32
textures/trims/models/armor/raiser_leggings.png,trims,PreExistingUnconverted,"The same texture path existed in vanilla 1.20.1, but the upstream LAST DAYS pack did not override it.",64,32
textures/trims/models/armor/raiser.png,trims,PreExistingUnconverted,"The same texture path existed in vanilla 1.20.1, but the upstream LAST DAYS pack did not override it.",64,32
textures/trims/models/armor/rib_leggings.png,trims,PreExistingUnconverted,"The same texture path existed in vanilla 1.20.1, but the upstream LAST DAYS pack did not override it.",64,32
textures/trims/models/armor/rib.png,trims,PreExistingUnconverted,"The same texture path existed in vanilla 1.20.1, but the upstream LAST DAYS pack did not override it.",64,32
textures/trims/models/armor/sentry_leggings.png,trims,PreExistingUnconverted,"The same texture path existed in vanilla 1.20.1, but the upstream LAST DAYS pack did not override it.",64,32
textures/trims/models/armor/sentry.png,trims,PreExistingUnconverted,"The same texture path existed in vanilla 1.20.1, but the upstream LAST DAYS pack did not override it.",64,32
textures/trims/models/armor/shaper_leggings.png,trims,PreExistingUnconverted,"The same texture path existed in vanilla 1.20.1, but the upstream LAST DAYS pack did not override it.",64,32
textures/trims/models/armor/shaper.png,trims,PreExistingUnconverted,"The same texture path existed in vanilla 1.20.1, but the upstream LAST DAYS pack did not override it.",64,32
textures/trims/models/armor/silence_leggings.png,trims,PreExistingUnconverted,"The same texture path existed in vanilla 1.20.1, but the upstream LAST DAYS pack did not override it.",64,32
textures/trims/models/armor/silence.png,trims,PreExistingUnconverted,"The same texture path existed in vanilla 1.20.1, but the upstream LAST DAYS pack did not override it.",64,32
textures/trims/models/armor/snout_leggings.png,trims,PreExistingUnconverted,"The same texture path existed in vanilla 1.20.1, but the upstream LAST DAYS pack did not override it.",64,32
textures/trims/models/armor/snout.png,trims,PreExistingUnconverted,"The same texture path existed in vanilla 1.20.1, but the upstream LAST DAYS pack did not override it.",64,32
textures/trims/models/armor/spire_leggings.png,trims,PreExistingUnconverted,"The same texture path existed in vanilla 1.20.1, but the upstream LAST DAYS pack did not override it.",64,32
textures/trims/models/armor/spire.png,trims,PreExistingUnconverted,"The same texture path existed in vanilla 1.20.1, but the upstream LAST DAYS pack did not override it.",64,32
textures/trims/models/armor/tide_leggings.png,trims,PreExistingUnconverted,"The same texture path existed in vanilla 1.20.1, but the upstream LAST DAYS pack did not override it.",64,32
textures/trims/models/armor/tide.png,trims,PreExistingUnconverted,"The same texture path existed in vanilla 1.20.1, but the upstream LAST DAYS pack did not override it.",64,32
textures/trims/models/armor/vex_leggings.png,trims,PreExistingUnconverted,"The same texture path existed in vanilla 1.20.1, but the upstream LAST DAYS pack did not override it.",64,32
textures/trims/models/armor/vex.png,trims,PreExistingUnconverted,"The same texture path existed in vanilla 1.20.1, but the upstream LAST DAYS pack did not override it.",64,32
textures/trims/models/armor/ward_leggings.png,trims,PreExistingUnconverted,"The same texture path existed in vanilla 1.20.1, but the upstream LAST DAYS pack did not override it.",64,32
textures/trims/models/armor/ward.png,trims,PreExistingUnconverted,"The same texture path existed in vanilla 1.20.1, but the upstream LAST DAYS pack did not override it.",64,32
textures/trims/models/armor/wayfinder_leggings.png,trims,PreExistingUnconverted,"The same texture path existed in vanilla 1.20.1, but the upstream LAST DAYS pack did not override it.",64,32
textures/trims/models/armor/wayfinder.png,trims,PreExistingUnconverted,"The same texture path existed in vanilla 1.20.1, but the upstream LAST DAYS pack did not override it.",64,32
textures/trims/models/armor/wild_leggings.png,trims,PreExistingUnconverted,"The same texture path existed in vanilla 1.20.1, but the upstream LAST DAYS pack did not override it.",64,32
textures/trims/models/armor/wild.png,trims,PreExistingUnconverted,"The same texture path existed in vanilla 1.20.1, but the upstream LAST DAYS pack did not override it.",64,32
