Texture,JarPath,PackPath,UpstreamSize,PackSize,PackOverride,DiffersFromUpstream
more_ores_more_gems:block/637608873479978555,assets/more_ores_more_gems/textures/block/637608873479978555.png,resourcepacks/LAST_DAYS_INFINITE_DOMAIN_1_21_1/assets/more_ores_more_gems/textures/block/637608873479978555.png,16x16,16x16,yes,no
more_ores_more_gems:block/adamantiteore,assets/more_ores_more_gems/textures/block/adamantiteore.png,resourcepacks/LAST_DAYS_INFINITE_DOMAIN_1_21_1/assets/more_ores_more_gems/textures/block/adamantiteore.png,16x16,16x16,yes,no
more_ores_more_gems:block/amethyst_ore,assets/more_ores_more_gems/textures/block/amethyst_ore.png,resourcepacks/LAST_DAYS_INFINITE_DOMAIN_1_21_1/assets/more_ores_more_gems/textures/block/amethyst_ore.png,16x16,16x16,yes,no
more_ores_more_gems:block/ametrine_ore,assets/more_ores_more_gems/textures/block/ametrine_ore.png,resourcepacks/LAST_DAYS_INFINITE_DOMAIN_1_21_1/assets/more_ores_more_gems/textures/block/ametrine_ore.png,16x16,16x16,yes,no
more_ores_more_gems:block/antimony_ore,assets/more_ores_more_gems/textures/block/antimony_ore.png,resourcepacks/LAST_DAYS_INFINITE_DOMAIN_1_21_1/assets/more_ores_more_gems/textures/block/antimony_ore.png,16x16,16x16,yes,no
more_ores_more_gems:block/antimony_ore_deepslate,assets/more_ores_more_gems/textures/block/antimony_ore_deepslate.png,resourcepacks/LAST_DAYS_INFINITE_DOMAIN_1_21_1/assets/more_ores_more_gems/textures/block/antimony_ore_deepslate.png,16x16,16x16,yes,no
more_ores_more_gems:block/aquamarine_ore,assets/more_ores_more_gems/textures/block/aquamarine_ore.png,resourcepacks/LAST_DAYS_INFINITE_DOMAIN_1_21_1/assets/more_ores_more_gems/textures/block/aquamarine_ore.png,16x16,16x16,yes,no
more_ores_more_gems:block/autunite_234_block,assets/more_ores_more_gems/textures/block/autunite_234_block.png,resourcepacks/LAST_DAYS_INFINITE_DOMAIN_1_21_1/assets/more_ores_more_gems/textures/block/autunite_234_block.png,16x16,16x16,yes,no
more_ores_more_gems:block/autunite_235_block,assets/more_ores_more_gems/textures/block/autunite_235_block.png,resourcepacks/LAST_DAYS_INFINITE_DOMAIN_1_21_1/assets/more_ores_more_gems/textures/block/autunite_235_block.png,16x16,16x16,yes,no
more_ores_more_gems:block/autunite_238_block,assets/more_ores_more_gems/textures/block/autunite_238_block.png,resourcepacks/LAST_DAYS_INFINITE_DOMAIN_1_21_1/assets/more_ores_more_gems/textures/block/autunite_238_block.png,16x16,16x16,yes,no
more_ores_more_gems:block/autunite_ore,assets/more_ores_more_gems/textures/block/autunite_ore.png,resourcepacks/LAST_DAYS_INFINITE_DOMAIN_1_21_1/assets/more_ores_more_gems/textures/block/autunite_ore.png,16x16,16x16,yes,no
more_ores_more_gems:block/block_aquamarine,assets/more_ores_more_gems/textures/block/block_aquamarine.png,resourcepacks/LAST_DAYS_INFINITE_DOMAIN_1_21_1/assets/more_ores_more_gems/textures/block/block_aquamarine.png,16x16,16x16,yes,no
more_ores_more_gems:block/block_of_amethyst_gem,assets/more_ores_more_gems/textures/block/block_of_amethyst_gem.png,resourcepacks/LAST_DAYS_INFINITE_DOMAIN_1_21_1/assets/more_ores_more_gems/textures/block/block_of_amethyst_gem.png,16x16,16x16,yes,no
more_ores_more_gems:block/block_of_ametrine_gem,assets/more_ores_more_gems/textures/block/block_of_ametrine_gem.png,resourcepacks/LAST_DAYS_INFINITE_DOMAIN_1_21_1/assets/more_ores_more_gems/textures/block/block_of_ametrine_gem.png,16x16,16x16,yes,no
more_ores_more_gems:block/block_of_black_opal_je3_be2,assets/more_ores_more_gems/textures/block/block_of_black_opal_je3_be2.png,resourcepacks/LAST_DAYS_INFINITE_DOMAIN_1_21_1/assets/more_ores_more_gems/textures/block/block_of_black_opal_je3_be2.png,16x16,16x16,yes,no
more_ores_more_gems:block/block_of_citrine_gem_1,assets/more_ores_more_gems/textures/block/block_of_citrine_gem_1.png,resourcepacks/LAST_DAYS_INFINITE_DOMAIN_1_21_1/assets/more_ores_more_gems/textures/block/block_of_citrine_gem_1.png,16x16,16x16,yes,no
more_ores_more_gems:block/block_of_ekanite,assets/more_ores_more_gems/textures/block/block_of_ekanite.png,resourcepacks/LAST_DAYS_INFINITE_DOMAIN_1_21_1/assets/more_ores_more_gems/textures/block/block_of_ekanite.png,16x16,16x16,yes,no
more_ores_more_gems:block/block_of_fire_opal,assets/more_ores_more_gems/textures/block/block_of_fire_opal.png,resourcepacks/LAST_DAYS_INFINITE_DOMAIN_1_21_1/assets/more_ores_more_gems/textures/block/block_of_fire_opal.png,16x16,16x16,yes,no
more_ores_more_gems:block/block_of_fluorite_phantom,assets/more_ores_more_gems/textures/block/block_of_fluorite_phantom.png,resourcepacks/LAST_DAYS_INFINITE_DOMAIN_1_21_1/assets/more_ores_more_gems/textures/block/block_of_fluorite_phantom.png,16x16,16x16,yes,no
more_ores_more_gems:block/block_of_heliodor,assets/more_ores_more_gems/textures/block/block_of_heliodor.png,resourcepacks/LAST_DAYS_INFINITE_DOMAIN_1_21_1/assets/more_ores_more_gems/textures/block/block_of_heliodor.png,16x16,16x16,yes,no
more_ores_more_gems:block/block_of_leucosapphire,assets/more_ores_more_gems/textures/block/block_of_leucosapphire.png,resourcepacks/LAST_DAYS_INFINITE_DOMAIN_1_21_1/assets/more_ores_more_gems/textures/block/block_of_leucosapphire.png,16x16,16x16,yes,no
more_ores_more_gems:block/block_of_opal_quartz,assets/more_ores_more_gems/textures/block/block_of_opal_quartz.png,resourcepacks/LAST_DAYS_INFINITE_DOMAIN_1_21_1/assets/more_ores_more_gems/textures/block/block_of_opal_quartz.png,16x16,16x16,yes,no
more_ores_more_gems:block/block_of_padparadscha,assets/more_ores_more_gems/textures/block/block_of_padparadscha.png,resourcepacks/LAST_DAYS_INFINITE_DOMAIN_1_21_1/assets/more_ores_more_gems/textures/block/block_of_padparadscha.png,16x16,16x16,yes,no
more_ores_more_gems:block/block_of_pink_opal,assets/more_ores_more_gems/textures/block/block_of_pink_opal.png,resourcepacks/LAST_DAYS_INFINITE_DOMAIN_1_21_1/assets/more_ores_more_gems/textures/block/block_of_pink_opal.png,16x16,16x16,yes,no
more_ores_more_gems:block/block_of_rare_sapphire,assets/more_ores_more_gems/textures/block/block_of_rare_sapphire.png,resourcepacks/LAST_DAYS_INFINITE_DOMAIN_1_21_1/assets/more_ores_more_gems/textures/block/block_of_rare_sapphire.png,16x16,16x16,yes,no
more_ores_more_gems:block/block_of_ruby_je3_be2,assets/more_ores_more_gems/textures/block/block_of_ruby_je3_be2.png,resourcepacks/LAST_DAYS_INFINITE_DOMAIN_1_21_1/assets/more_ores_more_gems/textures/block/block_of_ruby_je3_be2.png,16x16,16x16,yes,no
more_ores_more_gems:block/block_of_tanzanite_je3_be2,assets/more_ores_more_gems/textures/block/block_of_tanzanite_je3_be2.png,resourcepacks/LAST_DAYS_INFINITE_DOMAIN_1_21_1/assets/more_ores_more_gems/textures/block/block_of_tanzanite_je3_be2.png,16x16,16x16,yes,no
more_ores_more_gems:block/block_of_titanium,assets/more_ores_more_gems/textures/block/block_of_titanium.png,resourcepacks/LAST_DAYS_INFINITE_DOMAIN_1_21_1/assets/more_ores_more_gems/textures/block/block_of_titanium.png,16x16,16x16,yes,no
more_ores_more_gems:block/block_of_titanium_quartz,assets/more_ores_more_gems/textures/block/block_of_titanium_quartz.png,resourcepacks/LAST_DAYS_INFINITE_DOMAIN_1_21_1/assets/more_ores_more_gems/textures/block/block_of_titanium_quartz.png,16x16,16x16,yes,no
more_ores_more_gems:block/block_of_ussingite,assets/more_ores_more_gems/textures/block/block_of_ussingite.png,resourcepacks/LAST_DAYS_INFINITE_DOMAIN_1_21_1/assets/more_ores_more_gems/textures/block/block_of_ussingite.png,16x16,16x16,yes,no
more_ores_more_gems:block/block_of_white_opal_je3_be2,assets/more_ores_more_gems/textures/block/block_of_white_opal_je3_be2.png,resourcepacks/LAST_DAYS_INFINITE_DOMAIN_1_21_1/assets/more_ores_more_gems/textures/block/block_of_white_opal_je3_be2.png,16x16,16x16,yes,no
more_ores_more_gems:block/blockfl_black,assets/more_ores_more_gems/textures/block/blockfl_black.png,resourcepacks/LAST_DAYS_INFINITE_DOMAIN_1_21_1/assets/more_ores_more_gems/textures/block/blockfl_black.png,16x16,16x16,yes,no
more_ores_more_gems:block/blockfl_blood,assets/more_ores_more_gems/textures/block/blockfl_blood.png,resourcepacks/LAST_DAYS_INFINITE_DOMAIN_1_21_1/assets/more_ores_more_gems/textures/block/blockfl_blood.png,16x32,16x32,yes,no
more_ores_more_gems:block/blockfl_f,assets/more_ores_more_gems/textures/block/blockfl_f.png,resourcepacks/LAST_DAYS_INFINITE_DOMAIN_1_21_1/assets/more_ores_more_gems/textures/block/blockfl_f.png,16x16,16x16,yes,no
more_ores_more_gems:block/blockfl_green,assets/more_ores_more_gems/textures/block/blockfl_green.png,resourcepacks/LAST_DAYS_INFINITE_DOMAIN_1_21_1/assets/more_ores_more_gems/textures/block/blockfl_green.png,16x16,16x16,yes,no
more_ores_more_gems:block/blockfl_orange,assets/more_ores_more_gems/textures/block/blockfl_orange.png,resourcepacks/LAST_DAYS_INFINITE_DOMAIN_1_21_1/assets/more_ores_more_gems/textures/block/blockfl_orange.png,16x16,16x16,yes,no
more_ores_more_gems:block/blockfl_orange_pink,assets/more_ores_more_gems/textures/block/blockfl_orange_pink.png,resourcepacks/LAST_DAYS_INFINITE_DOMAIN_1_21_1/assets/more_ores_more_gems/textures/block/blockfl_orange_pink.png,16x16,16x16,yes,no
more_ores_more_gems:block/blockfl_pink,assets/more_ores_more_gems/textures/block/blockfl_pink.png,resourcepacks/LAST_DAYS_INFINITE_DOMAIN_1_21_1/assets/more_ores_more_gems/textures/block/blockfl_pink.png,16x16,16x16,yes,no
more_ores_more_gems:block/blockfl_purple,assets/more_ores_more_gems/textures/block/blockfl_purple.png,resourcepacks/LAST_DAYS_INFINITE_DOMAIN_1_21_1/assets/more_ores_more_gems/textures/block/blockfl_purple.png,16x16,16x16,yes,no
more_ores_more_gems:block/blockfl_purple_green,assets/more_ores_more_gems/textures/block/blockfl_purple_green.png,resourcepacks/LAST_DAYS_INFINITE_DOMAIN_1_21_1/assets/more_ores_more_gems/textures/block/blockfl_purple_green.png,16x16,16x16,yes,no
more_ores_more_gems:block/blockfl_white,assets/more_ores_more_gems/textures/block/blockfl_white.png,resourcepacks/LAST_DAYS_INFINITE_DOMAIN_1_21_1/assets/more_ores_more_gems/textures/block/blockfl_white.png,16x16,16x16,yes,no
more_ores_more_gems:block/blockfl_ytt,assets/more_ores_more_gems/textures/block/blockfl_ytt.png,resourcepacks/LAST_DAYS_INFINITE_DOMAIN_1_21_1/assets/more_ores_more_gems/textures/block/blockfl_ytt.png,16x16,16x16,yes,no
more_ores_more_gems:block/blockofc,assets/more_ores_more_gems/textures/block/blockofc.png,resourcepacks/LAST_DAYS_INFINITE_DOMAIN_1_21_1/assets/more_ores_more_gems/textures/block/blockofc.png,16x16,16x16,yes,no
more_ores_more_gems:block/blockofluminousgem,assets/more_ores_more_gems/textures/block/blockofluminousgem.png,resourcepacks/LAST_DAYS_INFINITE_DOMAIN_1_21_1/assets/more_ores_more_gems/textures/block/blockofluminousgem.png,16x16,16x16,yes,no
more_ores_more_gems:block/blockofsunflaregem,assets/more_ores_more_gems/textures/block/blockofsunflaregem.png,resourcepacks/LAST_DAYS_INFINITE_DOMAIN_1_21_1/assets/more_ores_more_gems/textures/block/blockofsunflaregem.png,16x16,16x16,yes,no
more_ores_more_gems:block/blocksprite_aetherium-ore,assets/more_ores_more_gems/textures/block/blocksprite_aetherium-ore.png,resourcepacks/LAST_DAYS_INFINITE_DOMAIN_1_21_1/assets/more_ores_more_gems/textures/block/blocksprite_aetherium-ore.png,16x16,16x16,yes,no
more_ores_more_gems:block/blocksprite_black_opal_ore,assets/more_ores_more_gems/textures/block/blocksprite_black_opal_ore.png,resourcepacks/LAST_DAYS_INFINITE_DOMAIN_1_21_1/assets/more_ores_more_gems/textures/block/blocksprite_black_opal_ore.png,16x16,16x16,yes,no
more_ores_more_gems:block/blocksprite_block-of-jade,assets/more_ores_more_gems/textures/block/blocksprite_block-of-jade.png,resourcepacks/LAST_DAYS_INFINITE_DOMAIN_1_21_1/assets/more_ores_more_gems/textures/block/blocksprite_block-of-jade.png,16x16,16x16,yes,no
more_ores_more_gems:block/blocksprite_block-of-raw_titanium_quartz,assets/more_ores_more_gems/textures/block/blocksprite_block-of-raw_titanium_quartz.png,resourcepacks/LAST_DAYS_INFINITE_DOMAIN_1_21_1/assets/more_ores_more_gems/textures/block/blocksprite_block-of-raw_titanium_quartz.png,16x16,16x16,yes,no
more_ores_more_gems:block/blocksprite_deepslate_aetherium-ore,assets/more_ores_more_gems/textures/block/blocksprite_deepslate_aetherium-ore.png,resourcepacks/LAST_DAYS_INFINITE_DOMAIN_1_21_1/assets/more_ores_more_gems/textures/block/blocksprite_deepslate_aetherium-ore.png,16x16,16x16,yes,no
more_ores_more_gems:block/blocksprite_deepslate_black_opal_ore,assets/more_ores_more_gems/textures/block/blocksprite_deepslate_black_opal_ore.png,resourcepacks/LAST_DAYS_INFINITE_DOMAIN_1_21_1/assets/more_ores_more_gems/textures/block/blocksprite_deepslate_black_opal_ore.png,16x16,16x16,yes,no
more_ores_more_gems:block/blocksprite_deepslate_gray_opal_ore,assets/more_ores_more_gems/textures/block/blocksprite_deepslate_gray_opal_ore.png,resourcepacks/LAST_DAYS_INFINITE_DOMAIN_1_21_1/assets/more_ores_more_gems/textures/block/blocksprite_deepslate_gray_opal_ore.png,16x16,16x16,yes,no
more_ores_more_gems:block/blocksprite_deepslate_jade_ore,assets/more_ores_more_gems/textures/block/blocksprite_deepslate_jade_ore.png,resourcepacks/LAST_DAYS_INFINITE_DOMAIN_1_21_1/assets/more_ores_more_gems/textures/block/blocksprite_deepslate_jade_ore.png,16x16,16x16,yes,no
more_ores_more_gems:block/blocksprite_deepslate_of_sunflare_gem,assets/more_ores_more_gems/textures/block/blocksprite_deepslate_of_sunflare_gem.png,resourcepacks/LAST_DAYS_INFINITE_DOMAIN_1_21_1/assets/more_ores_more_gems/textures/block/blocksprite_deepslate_of_sunflare_gem.png,16x16,16x16,yes,no
more_ores_more_gems:block/blocksprite_deepslate_shadowite_ore,assets/more_ores_more_gems/textures/block/blocksprite_deepslate_shadowite_ore.png,resourcepacks/LAST_DAYS_INFINITE_DOMAIN_1_21_1/assets/more_ores_more_gems/textures/block/blocksprite_deepslate_shadowite_ore.png,16x16,16x16,yes,no
more_ores_more_gems:block/blocksprite_deepslate_sliver_ore,assets/more_ores_more_gems/textures/block/blocksprite_deepslate_sliver_ore.png,resourcepacks/LAST_DAYS_INFINITE_DOMAIN_1_21_1/assets/more_ores_more_gems/textures/block/blocksprite_deepslate_sliver_ore.png,16x16,16x16,yes,no
more_ores_more_gems:block/blocksprite_deepslate_tanzanite_ore,assets/more_ores_more_gems/textures/block/blocksprite_deepslate_tanzanite_ore.png,resourcepacks/LAST_DAYS_INFINITE_DOMAIN_1_21_1/assets/more_ores_more_gems/textures/block/blocksprite_deepslate_tanzanite_ore.png,16x16,16x16,yes,no
more_ores_more_gems:block/blocksprite_deepslate_white_opal_ore,assets/more_ores_more_gems/textures/block/blocksprite_deepslate_white_opal_ore.png,resourcepacks/LAST_DAYS_INFINITE_DOMAIN_1_21_1/assets/more_ores_more_gems/textures/block/blocksprite_deepslate_white_opal_ore.png,16x16,16x16,yes,no
more_ores_more_gems:block/blocksprite_deepslatewhitecrystalore,assets/more_ores_more_gems/textures/block/blocksprite_deepslatewhitecrystalore.png,resourcepacks/LAST_DAYS_INFINITE_DOMAIN_1_21_1/assets/more_ores_more_gems/textures/block/blocksprite_deepslatewhitecrystalore.png,16x16,16x16,yes,no
more_ores_more_gems:block/blocksprite_emerald-ore,assets/more_ores_more_gems/textures/block/blocksprite_emerald-ore.png,resourcepacks/LAST_DAYS_INFINITE_DOMAIN_1_21_1/assets/more_ores_more_gems/textures/block/blocksprite_emerald-ore.png,16x16,16x16,yes,no
more_ores_more_gems:block/blocksprite_end_stone_shadowite_ore,assets/more_ores_more_gems/textures/block/blocksprite_end_stone_shadowite_ore.png,resourcepacks/LAST_DAYS_INFINITE_DOMAIN_1_21_1/assets/more_ores_more_gems/textures/block/blocksprite_end_stone_shadowite_ore.png,16x16,16x16,yes,no
more_ores_more_gems:block/blocksprite_gray_opal_ore,assets/more_ores_more_gems/textures/block/blocksprite_gray_opal_ore.png,resourcepacks/LAST_DAYS_INFINITE_DOMAIN_1_21_1/assets/more_ores_more_gems/textures/block/blocksprite_gray_opal_ore.png,16x16,16x16,yes,no
more_ores_more_gems:block/blocksprite_jade_ore,assets/more_ores_more_gems/textures/block/blocksprite_jade_ore.png,resourcepacks/LAST_DAYS_INFINITE_DOMAIN_1_21_1/assets/more_ores_more_gems/textures/block/blocksprite_jade_ore.png,16x16,16x16,yes,no
more_ores_more_gems:block/blocksprite_nether-crimsonite-ore,assets/more_ores_more_gems/textures/block/blocksprite_nether-crimsonite-ore.png,resourcepacks/LAST_DAYS_INFINITE_DOMAIN_1_21_1/assets/more_ores_more_gems/textures/block/blocksprite_nether-crimsonite-ore.png,16x16,16x16,yes,no
more_ores_more_gems:block/blocksprite_peridot-ore,assets/more_ores_more_gems/textures/block/blocksprite_peridot-ore.png,resourcepacks/LAST_DAYS_INFINITE_DOMAIN_1_21_1/assets/more_ores_more_gems/textures/block/blocksprite_peridot-ore.png,16x16,16x16,yes,no
more_ores_more_gems:block/blocksprite_peridot-ore_deepslate,assets/more_ores_more_gems/textures/block/blocksprite_peridot-ore_deepslate.png,resourcepacks/LAST_DAYS_INFINITE_DOMAIN_1_21_1/assets/more_ores_more_gems/textures/block/blocksprite_peridot-ore_deepslate.png,16x16,16x16,yes,no
more_ores_more_gems:block/blocksprite_shadowite_ore,assets/more_ores_more_gems/textures/block/blocksprite_shadowite_ore.png,resourcepacks/LAST_DAYS_INFINITE_DOMAIN_1_21_1/assets/more_ores_more_gems/textures/block/blocksprite_shadowite_ore.png,16x16,16x16,yes,no
more_ores_more_gems:block/blocksprite_sliver_ore,assets/more_ores_more_gems/textures/block/blocksprite_sliver_ore.png,resourcepacks/LAST_DAYS_INFINITE_DOMAIN_1_21_1/assets/more_ores_more_gems/textures/block/blocksprite_sliver_ore.png,16x16,16x16,yes,no
more_ores_more_gems:block/blocksprite_tanzanite_ore,assets/more_ores_more_gems/textures/block/blocksprite_tanzanite_ore.png,resourcepacks/LAST_DAYS_INFINITE_DOMAIN_1_21_1/assets/more_ores_more_gems/textures/block/blocksprite_tanzanite_ore.png,16x16,16x16,yes,no
more_ores_more_gems:block/blocksprite_topaz-ore,assets/more_ores_more_gems/textures/block/blocksprite_topaz-ore.png,resourcepacks/LAST_DAYS_INFINITE_DOMAIN_1_21_1/assets/more_ores_more_gems/textures/block/blocksprite_topaz-ore.png,16x16,16x16,yes,no
more_ores_more_gems:block/blocksprite_white_opal_ore,assets/more_ores_more_gems/textures/block/blocksprite_white_opal_ore.png,resourcepacks/LAST_DAYS_INFINITE_DOMAIN_1_21_1/assets/more_ores_more_gems/textures/block/blocksprite_white_opal_ore.png,16x16,16x16,yes,no
more_ores_more_gems:block/blocksprite_whitecrystalore,assets/more_ores_more_gems/textures/block/blocksprite_whitecrystalore.png,resourcepacks/LAST_DAYS_INFINITE_DOMAIN_1_21_1/assets/more_ores_more_gems/textures/block/blocksprite_whitecrystalore.png,16x16,16x16,yes,no
more_ores_more_gems:block/bromineore,assets/more_ores_more_gems/textures/block/bromineore.png,resourcepacks/LAST_DAYS_INFINITE_DOMAIN_1_21_1/assets/more_ores_more_gems/textures/block/bromineore.png,16x32,16x32,yes,no
more_ores_more_gems:block/carnelian_block,assets/more_ores_more_gems/textures/block/carnelian_block.png,resourcepacks/LAST_DAYS_INFINITE_DOMAIN_1_21_1/assets/more_ores_more_gems/textures/block/carnelian_block.png,16x16,16x16,yes,no
more_ores_more_gems:block/carnelianore,assets/more_ores_more_gems/textures/block/carnelianore.png,resourcepacks/LAST_DAYS_INFINITE_DOMAIN_1_21_1/assets/more_ores_more_gems/textures/block/carnelianore.png,16x16,16x16,yes,no
more_ores_more_gems:block/chondrit_ore,assets/more_ores_more_gems/textures/block/chondrit_ore.png,resourcepacks/LAST_DAYS_INFINITE_DOMAIN_1_21_1/assets/more_ores_more_gems/textures/block/chondrit_ore.png,16x16,16x16,yes,no
more_ores_more_gems:block/chromium_ore,assets/more_ores_more_gems/textures/block/chromium_ore.png,resourcepacks/LAST_DAYS_INFINITE_DOMAIN_1_21_1/assets/more_ores_more_gems/textures/block/chromium_ore.png,16x16,16x16,yes,no
more_ores_more_gems:block/citrine_ore_new,assets/more_ores_more_gems/textures/block/citrine_ore_new.png,resourcepacks/LAST_DAYS_INFINITE_DOMAIN_1_21_1/assets/more_ores_more_gems/textures/block/citrine_ore_new.png,16x16,16x16,yes,no
more_ores_more_gems:block/clay_thalassium_ore,assets/more_ores_more_gems/textures/block/clay_thalassium_ore.png,resourcepacks/LAST_DAYS_INFINITE_DOMAIN_1_21_1/assets/more_ores_more_gems/textures/block/clay_thalassium_ore.png,16x16,16x16,yes,no
more_ores_more_gems:block/cobalt_ore,assets/more_ores_more_gems/textures/block/cobalt_ore.png,resourcepacks/LAST_DAYS_INFINITE_DOMAIN_1_21_1/assets/more_ores_more_gems/textures/block/cobalt_ore.png,16x16,16x16,yes,no
more_ores_more_gems:block/crimsonite_ore,assets/more_ores_more_gems/textures/block/crimsonite_ore.png,resourcepacks/LAST_DAYS_INFINITE_DOMAIN_1_21_1/assets/more_ores_more_gems/textures/block/crimsonite_ore.png,16x16,16x16,yes,no
more_ores_more_gems:block/dalle-2024-10-12-.5s8,assets/more_ores_more_gems/textures/block/dalle-2024-10-12-.5s8.png,resourcepacks/LAST_DAYS_INFINITE_DOMAIN_1_21_1/assets/more_ores_more_gems/textures/block/dalle-2024-10-12-.5s8.png,16x16,16x16,yes,no
more_ores_more_gems:block/deeplsate_thalassium_ore,assets/more_ores_more_gems/textures/block/deeplsate_thalassium_ore.png,resourcepacks/LAST_DAYS_INFINITE_DOMAIN_1_21_1/assets/more_ores_more_gems/textures/block/deeplsate_thalassium_ore.png,16x16,16x16,yes,no
more_ores_more_gems:block/deepslate_amethyst_ore,assets/more_ores_more_gems/textures/block/deepslate_amethyst_ore.png,resourcepacks/LAST_DAYS_INFINITE_DOMAIN_1_21_1/assets/more_ores_more_gems/textures/block/deepslate_amethyst_ore.png,16x16,16x16,yes,no
more_ores_more_gems:block/deepslate_ametrine_ore,assets/more_ores_more_gems/textures/block/deepslate_ametrine_ore.png,resourcepacks/LAST_DAYS_INFINITE_DOMAIN_1_21_1/assets/more_ores_more_gems/textures/block/deepslate_ametrine_ore.png,16x16,16x16,yes,no
more_ores_more_gems:block/deepslate_aquamarine_ore,assets/more_ores_more_gems/textures/block/deepslate_aquamarine_ore.png,resourcepacks/LAST_DAYS_INFINITE_DOMAIN_1_21_1/assets/more_ores_more_gems/textures/block/deepslate_aquamarine_ore.png,16x16,16x16,yes,no
more_ores_more_gems:block/deepslate_autunite_ore,assets/more_ores_more_gems/textures/block/deepslate_autunite_ore.png,resourcepacks/LAST_DAYS_INFINITE_DOMAIN_1_21_1/assets/more_ores_more_gems/textures/block/deepslate_autunite_ore.png,16x16,16x16,yes,no
more_ores_more_gems:block/deepslate_carnelian_ore,assets/more_ores_more_gems/textures/block/deepslate_carnelian_ore.png,resourcepacks/LAST_DAYS_INFINITE_DOMAIN_1_21_1/assets/more_ores_more_gems/textures/block/deepslate_carnelian_ore.png,16x16,16x16,yes,no
more_ores_more_gems:block/deepslate_chondrit_ore,assets/more_ores_more_gems/textures/block/deepslate_chondrit_ore.png,resourcepacks/LAST_DAYS_INFINITE_DOMAIN_1_21_1/assets/more_ores_more_gems/textures/block/deepslate_chondrit_ore.png,16x16,16x16,yes,no
more_ores_more_gems:block/deepslate_chromium_ore,assets/more_ores_more_gems/textures/block/deepslate_chromium_ore.png,resourcepacks/LAST_DAYS_INFINITE_DOMAIN_1_21_1/assets/more_ores_more_gems/textures/block/deepslate_chromium_ore.png,16x16,16x16,yes,no
more_ores_more_gems:block/deepslate_citrine_ore_new,assets/more_ores_more_gems/textures/block/deepslate_citrine_ore_new.png,resourcepacks/LAST_DAYS_INFINITE_DOMAIN_1_21_1/assets/more_ores_more_gems/textures/block/deepslate_citrine_ore_new.png,16x16,16x16,yes,no
more_ores_more_gems:block/deepslate_cobalt_ore,assets/more_ores_more_gems/textures/block/deepslate_cobalt_ore.png,resourcepacks/LAST_DAYS_INFINITE_DOMAIN_1_21_1/assets/more_ores_more_gems/textures/block/deepslate_cobalt_ore.png,16x16,16x16,yes,no
more_ores_more_gems:block/deepslate_crimsonite_ore,assets/more_ores_more_gems/textures/block/deepslate_crimsonite_ore.png,resourcepacks/LAST_DAYS_INFINITE_DOMAIN_1_21_1/assets/more_ores_more_gems/textures/block/deepslate_crimsonite_ore.png,16x16,16x16,yes,no
more_ores_more_gems:block/deepslate_ekanite_ore,assets/more_ores_more_gems/textures/block/deepslate_ekanite_ore.png,resourcepacks/LAST_DAYS_INFINITE_DOMAIN_1_21_1/assets/more_ores_more_gems/textures/block/deepslate_ekanite_ore.png,16x16,16x16,yes,no
more_ores_more_gems:block/deepslate_heliodor_ore,assets/more_ores_more_gems/textures/block/deepslate_heliodor_ore.png,resourcepacks/LAST_DAYS_INFINITE_DOMAIN_1_21_1/assets/more_ores_more_gems/textures/block/deepslate_heliodor_ore.png,16x16,16x16,yes,no
more_ores_more_gems:block/deepslate_indium_ore,assets/more_ores_more_gems/textures/block/deepslate_indium_ore.png,resourcepacks/LAST_DAYS_INFINITE_DOMAIN_1_21_1/assets/more_ores_more_gems/textures/block/deepslate_indium_ore.png,16x16,16x16,yes,no
more_ores_more_gems:block/deepslate_lead_ore,assets/more_ores_more_gems/textures/block/deepslate_lead_ore.png,resourcepacks/LAST_DAYS_INFINITE_DOMAIN_1_21_1/assets/more_ores_more_gems/textures/block/deepslate_lead_ore.png,16x16,16x16,yes,no
more_ores_more_gems:block/deepslate_lemonite_ore,assets/more_ores_more_gems/textures/block/deepslate_lemonite_ore.png,resourcepacks/LAST_DAYS_INFINITE_DOMAIN_1_21_1/assets/more_ores_more_gems/textures/block/deepslate_lemonite_ore.png,16x16,16x16,yes,no
more_ores_more_gems:block/deepslate_leucosapphire_ore,assets/more_ores_more_gems/textures/block/deepslate_leucosapphire_ore.png,resourcepacks/LAST_DAYS_INFINITE_DOMAIN_1_21_1/assets/more_ores_more_gems/textures/block/deepslate_leucosapphire_ore.png,16x16,16x16,yes,no
more_ores_more_gems:block/deepslate_magnesium_ore,assets/more_ores_more_gems/textures/block/deepslate_magnesium_ore.png,resourcepacks/LAST_DAYS_INFINITE_DOMAIN_1_21_1/assets/more_ores_more_gems/textures/block/deepslate_magnesium_ore.png,16x16,16x16,yes,no
more_ores_more_gems:block/deepslate_monel_ore,assets/more_ores_more_gems/textures/block/deepslate_monel_ore.png,resourcepacks/LAST_DAYS_INFINITE_DOMAIN_1_21_1/assets/more_ores_more_gems/textures/block/deepslate_monel_ore.png,16x16,16x16,yes,no
more_ores_more_gems:block/deepslate_neptunium_ore,assets/more_ores_more_gems/textures/block/deepslate_neptunium_ore.png,resourcepacks/LAST_DAYS_INFINITE_DOMAIN_1_21_1/assets/more_ores_more_gems/textures/block/deepslate_neptunium_ore.png,16x16,16x16,yes,no
more_ores_more_gems:block/deepslate_nikel_ore,assets/more_ores_more_gems/textures/block/deepslate_nikel_ore.png,resourcepacks/LAST_DAYS_INFINITE_DOMAIN_1_21_1/assets/more_ores_more_gems/textures/block/deepslate_nikel_ore.png,16x16,16x16,yes,no
more_ores_more_gems:block/deepslate_osmium_ore,assets/more_ores_more_gems/textures/block/deepslate_osmium_ore.png,resourcepacks/LAST_DAYS_INFINITE_DOMAIN_1_21_1/assets/more_ores_more_gems/textures/block/deepslate_osmium_ore.png,16x16,16x16,yes,no
more_ores_more_gems:block/deepslate_padparadscha_ore,assets/more_ores_more_gems/textures/block/deepslate_padparadscha_ore.png,resourcepacks/LAST_DAYS_INFINITE_DOMAIN_1_21_1/assets/more_ores_more_gems/textures/block/deepslate_padparadscha_ore.png,16x16,16x16,yes,no
more_ores_more_gems:block/deepslate_pink_opal_ore,assets/more_ores_more_gems/textures/block/deepslate_pink_opal_ore.png,resourcepacks/LAST_DAYS_INFINITE_DOMAIN_1_21_1/assets/more_ores_more_gems/textures/block/deepslate_pink_opal_ore.png,16x16,16x16,yes,no
more_ores_more_gems:block/deepslate_platium_ore,assets/more_ores_more_gems/textures/block/deepslate_platium_ore.png,resourcepacks/LAST_DAYS_INFINITE_DOMAIN_1_21_1/assets/more_ores_more_gems/textures/block/deepslate_platium_ore.png,16x16,16x16,yes,no
more_ores_more_gems:block/deepslate_radium_dust_ore,assets/more_ores_more_gems/textures/block/deepslate_radium_dust_ore.png,resourcepacks/LAST_DAYS_INFINITE_DOMAIN_1_21_1/assets/more_ores_more_gems/textures/block/deepslate_radium_dust_ore.png,16x16,16x16,yes,no
more_ores_more_gems:block/deepslate_radium_ore,assets/more_ores_more_gems/textures/block/deepslate_radium_ore.png,resourcepacks/LAST_DAYS_INFINITE_DOMAIN_1_21_1/assets/more_ores_more_gems/textures/block/deepslate_radium_ore.png,16x16,16x16,yes,no
more_ores_more_gems:block/deepslate_rainbow_mystic_ore,assets/more_ores_more_gems/textures/block/deepslate_rainbow_mystic_ore.png,resourcepacks/LAST_DAYS_INFINITE_DOMAIN_1_21_1/assets/more_ores_more_gems/textures/block/deepslate_rainbow_mystic_ore.png,16x16,16x16,yes,no
more_ores_more_gems:block/deepslate_rare_sapphire_ore,assets/more_ores_more_gems/textures/block/deepslate_rare_sapphire_ore.png,resourcepacks/LAST_DAYS_INFINITE_DOMAIN_1_21_1/assets/more_ores_more_gems/textures/block/deepslate_rare_sapphire_ore.png,16x16,16x16,yes,no
more_ores_more_gems:block/deepslate_rhodium_ore,assets/more_ores_more_gems/textures/block/deepslate_rhodium_ore.png,resourcepacks/LAST_DAYS_INFINITE_DOMAIN_1_21_1/assets/more_ores_more_gems/textures/block/deepslate_rhodium_ore.png,16x16,16x16,yes,no
more_ores_more_gems:block/deepslate_rose_gold_ore,assets/more_ores_more_gems/textures/block/deepslate_rose_gold_ore.png,resourcepacks/LAST_DAYS_INFINITE_DOMAIN_1_21_1/assets/more_ores_more_gems/textures/block/deepslate_rose_gold_ore.png,16x16,16x16,yes,no
more_ores_more_gems:block/deepslate_thoriumore,assets/more_ores_more_gems/textures/block/deepslate_thoriumore.png,resourcepacks/LAST_DAYS_INFINITE_DOMAIN_1_21_1/assets/more_ores_more_gems/textures/block/deepslate_thoriumore.png,16x16,16x16,yes,no
more_ores_more_gems:block/deepslate_tin_ore,assets/more_ores_more_gems/textures/block/deepslate_tin_ore.png,resourcepacks/LAST_DAYS_INFINITE_DOMAIN_1_21_1/assets/more_ores_more_gems/textures/block/deepslate_tin_ore.png,16x16,16x16,yes,no
more_ores_more_gems:block/deepslate_topaz-ore,assets/more_ores_more_gems/textures/block/deepslate_topaz-ore.png,resourcepacks/LAST_DAYS_INFINITE_DOMAIN_1_21_1/assets/more_ores_more_gems/textures/block/deepslate_topaz-ore.png,16x16,16x16,yes,no
more_ores_more_gems:block/deepslate_uranium_ore,assets/more_ores_more_gems/textures/block/deepslate_uranium_ore.png,resourcepacks/LAST_DAYS_INFINITE_DOMAIN_1_21_1/assets/more_ores_more_gems/textures/block/deepslate_uranium_ore.png,16x16,16x16,yes,no
more_ores_more_gems:block/deepslate_ussingite_ore,assets/more_ores_more_gems/textures/block/deepslate_ussingite_ore.png,resourcepacks/LAST_DAYS_INFINITE_DOMAIN_1_21_1/assets/more_ores_more_gems/textures/block/deepslate_ussingite_ore.png,16x16,16x16,yes,no
more_ores_more_gems:block/deepslategunpowderore,assets/more_ores_more_gems/textures/block/deepslategunpowderore.png,resourcepacks/LAST_DAYS_INFINITE_DOMAIN_1_21_1/assets/more_ores_more_gems/textures/block/deepslategunpowderore.png,16x16,16x16,yes,no
more_ores_more_gems:block/deepslatesapphireore,assets/more_ores_more_gems/textures/block/deepslatesapphireore.png,resourcepacks/LAST_DAYS_INFINITE_DOMAIN_1_21_1/assets/more_ores_more_gems/textures/block/deepslatesapphireore.png,16x16,16x16,yes,no
more_ores_more_gems:block/dgfdgfdfd,assets/more_ores_more_gems/textures/block/dgfdgfdfd.png,resourcepacks/LAST_DAYS_INFINITE_DOMAIN_1_21_1/assets/more_ores_more_gems/textures/block/dgfdgfdfd.png,16x16,16x16,yes,no
more_ores_more_gems:block/ekanite_ore,assets/more_ores_more_gems/textures/block/ekanite_ore.png,resourcepacks/LAST_DAYS_INFINITE_DOMAIN_1_21_1/assets/more_ores_more_gems/textures/block/ekanite_ore.png,16x16,16x16,yes,no
more_ores_more_gems:block/electrumore,assets/more_ores_more_gems/textures/block/electrumore.png,resourcepacks/LAST_DAYS_INFINITE_DOMAIN_1_21_1/assets/more_ores_more_gems/textures/block/electrumore.png,16x16,16x16,yes,no
more_ores_more_gems:block/electrumoredeepslate,assets/more_ores_more_gems/textures/block/electrumoredeepslate.png,resourcepacks/LAST_DAYS_INFINITE_DOMAIN_1_21_1/assets/more_ores_more_gems/textures/block/electrumoredeepslate.png,16x16,16x16,yes,no
more_ores_more_gems:block/fire_opal_ore,assets/more_ores_more_gems/textures/block/fire_opal_ore.png,resourcepacks/LAST_DAYS_INFINITE_DOMAIN_1_21_1/assets/more_ores_more_gems/textures/block/fire_opal_ore.png,16x16,16x16,yes,no
more_ores_more_gems:block/fluoritetier1ore,assets/more_ores_more_gems/textures/block/fluoritetier1ore.png,resourcepacks/LAST_DAYS_INFINITE_DOMAIN_1_21_1/assets/more_ores_more_gems/textures/block/fluoritetier1ore.png,16x16,16x16,yes,no
more_ores_more_gems:block/fluoritetier1oredeepslate,assets/more_ores_more_gems/textures/block/fluoritetier1oredeepslate.png,resourcepacks/LAST_DAYS_INFINITE_DOMAIN_1_21_1/assets/more_ores_more_gems/textures/block/fluoritetier1oredeepslate.png,16x16,16x16,yes,no
more_ores_more_gems:block/fluoritetier2ore,assets/more_ores_more_gems/textures/block/fluoritetier2ore.png,resourcepacks/LAST_DAYS_INFINITE_DOMAIN_1_21_1/assets/more_ores_more_gems/textures/block/fluoritetier2ore.png,16x16,16x16,yes,no
more_ores_more_gems:block/fluoritetier2oredeepslate,assets/more_ores_more_gems/textures/block/fluoritetier2oredeepslate.png,resourcepacks/LAST_DAYS_INFINITE_DOMAIN_1_21_1/assets/more_ores_more_gems/textures/block/fluoritetier2oredeepslate.png,16x16,16x16,yes,no
more_ores_more_gems:block/fluoritetier3ore,assets/more_ores_more_gems/textures/block/fluoritetier3ore.png,resourcepacks/LAST_DAYS_INFINITE_DOMAIN_1_21_1/assets/more_ores_more_gems/textures/block/fluoritetier3ore.png,16x16,16x16,yes,no
more_ores_more_gems:block/fluoritetier3oredeepslate,assets/more_ores_more_gems/textures/block/fluoritetier3oredeepslate.png,resourcepacks/LAST_DAYS_INFINITE_DOMAIN_1_21_1/assets/more_ores_more_gems/textures/block/fluoritetier3oredeepslate.png,16x16,16x16,yes,no
more_ores_more_gems:block/frost_opal_ore,assets/more_ores_more_gems/textures/block/frost_opal_ore.png,resourcepacks/LAST_DAYS_INFINITE_DOMAIN_1_21_1/assets/more_ores_more_gems/textures/block/frost_opal_ore.png,16x16,16x16,yes,no
more_ores_more_gems:block/gray_opal_block,assets/more_ores_more_gems/textures/block/gray_opal_block.png,resourcepacks/LAST_DAYS_INFINITE_DOMAIN_1_21_1/assets/more_ores_more_gems/textures/block/gray_opal_block.png,16x16,16x16,yes,no
more_ores_more_gems:block/gunpowderore,assets/more_ores_more_gems/textures/block/gunpowderore.png,resourcepacks/LAST_DAYS_INFINITE_DOMAIN_1_21_1/assets/more_ores_more_gems/textures/block/gunpowderore.png,16x16,16x16,yes,no
more_ores_more_gems:block/heliodor_ore,assets/more_ores_more_gems/textures/block/heliodor_ore.png,resourcepacks/LAST_DAYS_INFINITE_DOMAIN_1_21_1/assets/more_ores_more_gems/textures/block/heliodor_ore.png,16x16,16x16,yes,no
more_ores_more_gems:block/indium_ore,assets/more_ores_more_gems/textures/block/indium_ore.png,resourcepacks/LAST_DAYS_INFINITE_DOMAIN_1_21_1/assets/more_ores_more_gems/textures/block/indium_ore.png,16x16,16x16,yes,no
more_ores_more_gems:block/lead_ore,assets/more_ores_more_gems/textures/block/lead_ore.png,resourcepacks/LAST_DAYS_INFINITE_DOMAIN_1_21_1/assets/more_ores_more_gems/textures/block/lead_ore.png,16x16,16x16,yes,no
more_ores_more_gems:block/lemonite_ore,assets/more_ores_more_gems/textures/block/lemonite_ore.png,resourcepacks/LAST_DAYS_INFINITE_DOMAIN_1_21_1/assets/more_ores_more_gems/textures/block/lemonite_ore.png,16x16,16x16,yes,no
more_ores_more_gems:block/leucosapphire_ore,assets/more_ores_more_gems/textures/block/leucosapphire_ore.png,resourcepacks/LAST_DAYS_INFINITE_DOMAIN_1_21_1/assets/more_ores_more_gems/textures/block/leucosapphire_ore.png,16x16,16x16,yes,no
more_ores_more_gems:block/luminousgemore,assets/more_ores_more_gems/textures/block/luminousgemore.png,resourcepacks/LAST_DAYS_INFINITE_DOMAIN_1_21_1/assets/more_ores_more_gems/textures/block/luminousgemore.png,16x16,16x16,yes,no
more_ores_more_gems:block/luminousgemoredeepslate,assets/more_ores_more_gems/textures/block/luminousgemoredeepslate.png,resourcepacks/LAST_DAYS_INFINITE_DOMAIN_1_21_1/assets/more_ores_more_gems/textures/block/luminousgemoredeepslate.png,16x16,16x16,yes,no
more_ores_more_gems:block/magma_volcagmium_ore_new,assets/more_ores_more_gems/textures/block/magma_volcagmium_ore_new.png,resourcepacks/LAST_DAYS_INFINITE_DOMAIN_1_21_1/assets/more_ores_more_gems/textures/block/magma_volcagmium_ore_new.png,16x48,16x48,yes,no
more_ores_more_gems:block/magnesium_ore,assets/more_ores_more_gems/textures/block/magnesium_ore.png,resourcepacks/LAST_DAYS_INFINITE_DOMAIN_1_21_1/assets/more_ores_more_gems/textures/block/magnesium_ore.png,16x16,16x16,yes,no
more_ores_more_gems:block/monel_ore,assets/more_ores_more_gems/textures/block/monel_ore.png,resourcepacks/LAST_DAYS_INFINITE_DOMAIN_1_21_1/assets/more_ores_more_gems/textures/block/monel_ore.png,16x16,16x16,yes,no
more_ores_more_gems:block/neptunium_ore,assets/more_ores_more_gems/textures/block/neptunium_ore.png,resourcepacks/LAST_DAYS_INFINITE_DOMAIN_1_21_1/assets/more_ores_more_gems/textures/block/neptunium_ore.png,16x16,16x16,yes,no
more_ores_more_gems:block/nether_amethyst_ore,assets/more_ores_more_gems/textures/block/nether_amethyst_ore.png,resourcepacks/LAST_DAYS_INFINITE_DOMAIN_1_21_1/assets/more_ores_more_gems/textures/block/nether_amethyst_ore.png,16x16,16x16,yes,no
more_ores_more_gems:block/nether_opal_quartz_ore_new,assets/more_ores_more_gems/textures/block/nether_opal_quartz_ore_new.png,resourcepacks/LAST_DAYS_INFINITE_DOMAIN_1_21_1/assets/more_ores_more_gems/textures/block/nether_opal_quartz_ore_new.png,16x16,16x16,yes,no
more_ores_more_gems:block/nether_osmium_ore,assets/more_ores_more_gems/textures/block/nether_osmium_ore.png,resourcepacks/LAST_DAYS_INFINITE_DOMAIN_1_21_1/assets/more_ores_more_gems/textures/block/nether_osmium_ore.png,16x16,16x16,yes,no
more_ores_more_gems:block/nether_rose_gold_ore,assets/more_ores_more_gems/textures/block/nether_rose_gold_ore.png,resourcepacks/LAST_DAYS_INFINITE_DOMAIN_1_21_1/assets/more_ores_more_gems/textures/block/nether_rose_gold_ore.png,16x16,16x16,yes,no
more_ores_more_gems:block/nether_titanium_ore,assets/more_ores_more_gems/textures/block/nether_titanium_ore.png,resourcepacks/LAST_DAYS_INFINITE_DOMAIN_1_21_1/assets/more_ores_more_gems/textures/block/nether_titanium_ore.png,16x16,16x16,yes,no
more_ores_more_gems:block/netherelectrumore,assets/more_ores_more_gems/textures/block/netherelectrumore.png,resourcepacks/LAST_DAYS_INFINITE_DOMAIN_1_21_1/assets/more_ores_more_gems/textures/block/netherelectrumore.png,16x16,16x16,yes,no
more_ores_more_gems:block/nethersilverore,assets/more_ores_more_gems/textures/block/nethersilverore.png,resourcepacks/LAST_DAYS_INFINITE_DOMAIN_1_21_1/assets/more_ores_more_gems/textures/block/nethersilverore.png,16x16,16x16,yes,no
more_ores_more_gems:block/nikel_ore,assets/more_ores_more_gems/textures/block/nikel_ore.png,resourcepacks/LAST_DAYS_INFINITE_DOMAIN_1_21_1/assets/more_ores_more_gems/textures/block/nikel_ore.png,16x16,16x16,yes,no
more_ores_more_gems:block/opal_quartz_ore_new,assets/more_ores_more_gems/textures/block/opal_quartz_ore_new.png,resourcepacks/LAST_DAYS_INFINITE_DOMAIN_1_21_1/assets/more_ores_more_gems/textures/block/opal_quartz_ore_new.png,16x16,16x16,yes,no
more_ores_more_gems:block/osmium_ore,assets/more_ores_more_gems/textures/block/osmium_ore.png,resourcepacks/LAST_DAYS_INFINITE_DOMAIN_1_21_1/assets/more_ores_more_gems/textures/block/osmium_ore.png,16x16,16x16,yes,no
more_ores_more_gems:block/padparadscha_ore,assets/more_ores_more_gems/textures/block/padparadscha_ore.png,resourcepacks/LAST_DAYS_INFINITE_DOMAIN_1_21_1/assets/more_ores_more_gems/textures/block/padparadscha_ore.png,16x16,16x16,yes,no
more_ores_more_gems:block/peridot_block,assets/more_ores_more_gems/textures/block/peridot_block.png,resourcepacks/LAST_DAYS_INFINITE_DOMAIN_1_21_1/assets/more_ores_more_gems/textures/block/peridot_block.png,16x16,16x16,yes,no
more_ores_more_gems:block/pink_opal_ore,assets/more_ores_more_gems/textures/block/pink_opal_ore.png,resourcepacks/LAST_DAYS_INFINITE_DOMAIN_1_21_1/assets/more_ores_more_gems/textures/block/pink_opal_ore.png,16x16,16x16,yes,no
more_ores_more_gems:block/platium_ore,assets/more_ores_more_gems/textures/block/platium_ore.png,resourcepacks/LAST_DAYS_INFINITE_DOMAIN_1_21_1/assets/more_ores_more_gems/textures/block/platium_ore.png,16x16,16x16,yes,no
more_ores_more_gems:block/radium_dust_ore,assets/more_ores_more_gems/textures/block/radium_dust_ore.png,resourcepacks/LAST_DAYS_INFINITE_DOMAIN_1_21_1/assets/more_ores_more_gems/textures/block/radium_dust_ore.png,16x16,16x16,yes,no
more_ores_more_gems:block/radium_ore,assets/more_ores_more_gems/textures/block/radium_ore.png,resourcepacks/LAST_DAYS_INFINITE_DOMAIN_1_21_1/assets/more_ores_more_gems/textures/block/radium_ore.png,16x16,16x16,yes,no
more_ores_more_gems:block/rainbow_mystic_ore,assets/more_ores_more_gems/textures/block/rainbow_mystic_ore.png,resourcepacks/LAST_DAYS_INFINITE_DOMAIN_1_21_1/assets/more_ores_more_gems/textures/block/rainbow_mystic_ore.png,16x16,16x16,yes,no
more_ores_more_gems:block/rare_sapphire_ore,assets/more_ores_more_gems/textures/block/rare_sapphire_ore.png,resourcepacks/LAST_DAYS_INFINITE_DOMAIN_1_21_1/assets/more_ores_more_gems/textures/block/rare_sapphire_ore.png,16x16,16x16,yes,no
more_ores_more_gems:block/rhodium_ore,assets/more_ores_more_gems/textures/block/rhodium_ore.png,resourcepacks/LAST_DAYS_INFINITE_DOMAIN_1_21_1/assets/more_ores_more_gems/textures/block/rhodium_ore.png,16x16,16x16,yes,no
more_ores_more_gems:block/rose_gold_ore,assets/more_ores_more_gems/textures/block/rose_gold_ore.png,resourcepacks/LAST_DAYS_INFINITE_DOMAIN_1_21_1/assets/more_ores_more_gems/textures/block/rose_gold_ore.png,16x16,16x16,yes,no
more_ores_more_gems:block/ruby_ore,assets/more_ores_more_gems/textures/block/ruby_ore.png,resourcepacks/LAST_DAYS_INFINITE_DOMAIN_1_21_1/assets/more_ores_more_gems/textures/block/ruby_ore.png,16x16,16x16,yes,no
more_ores_more_gems:block/ruby_ore_deepslate,assets/more_ores_more_gems/textures/block/ruby_ore_deepslate.png,resourcepacks/LAST_DAYS_INFINITE_DOMAIN_1_21_1/assets/more_ores_more_gems/textures/block/ruby_ore_deepslate.png,16x16,16x16,yes,no
more_ores_more_gems:block/sapphireore,assets/more_ores_more_gems/textures/block/sapphireore.png,resourcepacks/LAST_DAYS_INFINITE_DOMAIN_1_21_1/assets/more_ores_more_gems/textures/block/sapphireore.png,16x16,16x16,yes,no
more_ores_more_gems:block/thalassium_ore,assets/more_ores_more_gems/textures/block/thalassium_ore.png,resourcepacks/LAST_DAYS_INFINITE_DOMAIN_1_21_1/assets/more_ores_more_gems/textures/block/thalassium_ore.png,16x16,16x16,yes,no
more_ores_more_gems:block/thoriumore,assets/more_ores_more_gems/textures/block/thoriumore.png,resourcepacks/LAST_DAYS_INFINITE_DOMAIN_1_21_1/assets/more_ores_more_gems/textures/block/thoriumore.png,16x16,16x16,yes,no
more_ores_more_gems:block/tin_ore,assets/more_ores_more_gems/textures/block/tin_ore.png,resourcepacks/LAST_DAYS_INFINITE_DOMAIN_1_21_1/assets/more_ores_more_gems/textures/block/tin_ore.png,16x16,16x16,yes,no
more_ores_more_gems:block/titanium_ore,assets/more_ores_more_gems/textures/block/titanium_ore.png,resourcepacks/LAST_DAYS_INFINITE_DOMAIN_1_21_1/assets/more_ores_more_gems/textures/block/titanium_ore.png,16x16,16x16,yes,no
more_ores_more_gems:block/titanium_ore_deepslate,assets/more_ores_more_gems/textures/block/titanium_ore_deepslate.png,resourcepacks/LAST_DAYS_INFINITE_DOMAIN_1_21_1/assets/more_ores_more_gems/textures/block/titanium_ore_deepslate.png,16x16,16x16,yes,no
more_ores_more_gems:block/titanium_quartz_ore,assets/more_ores_more_gems/textures/block/titanium_quartz_ore.png,resourcepacks/LAST_DAYS_INFINITE_DOMAIN_1_21_1/assets/more_ores_more_gems/textures/block/titanium_quartz_ore.png,16x16,16x16,yes,no
more_ores_more_gems:block/tungsten_ore,assets/more_ores_more_gems/textures/block/tungsten_ore.png,resourcepacks/LAST_DAYS_INFINITE_DOMAIN_1_21_1/assets/more_ores_more_gems/textures/block/tungsten_ore.png,16x16,16x16,yes,no
more_ores_more_gems:block/tungsten_ore_deepslate,assets/more_ores_more_gems/textures/block/tungsten_ore_deepslate.png,resourcepacks/LAST_DAYS_INFINITE_DOMAIN_1_21_1/assets/more_ores_more_gems/textures/block/tungsten_ore_deepslate.png,16x16,16x16,yes,no
more_ores_more_gems:block/uranium_ore.webp,assets/more_ores_more_gems/textures/block/uranium_ore.webp.png,resourcepacks/LAST_DAYS_INFINITE_DOMAIN_1_21_1/assets/more_ores_more_gems/textures/block/uranium_ore.webp.png,16x16,16x16,yes,no
more_ores_more_gems:block/ussingite_ore,assets/more_ores_more_gems/textures/block/ussingite_ore.png,resourcepacks/LAST_DAYS_INFINITE_DOMAIN_1_21_1/assets/more_ores_more_gems/textures/block/ussingite_ore.png,16x16,16x16,yes,no
more_ores_more_gems:block/volcagmium_ore,assets/more_ores_more_gems/textures/block/volcagmium_ore.png,resourcepacks/LAST_DAYS_INFINITE_DOMAIN_1_21_1/assets/more_ores_more_gems/textures/block/volcagmium_ore.png,16x16,16x16,yes,no
more_ores_more_gems:item/1176891afb1b00287f652ce0b6ab95aa8e097a9e,assets/more_ores_more_gems/textures/item/1176891afb1b00287f652ce0b6ab95aa8e097a9e.png,resourcepacks/LAST_DAYS_INFINITE_DOMAIN_1_21_1/assets/more_ores_more_gems/textures/item/1176891afb1b00287f652ce0b6ab95aa8e097a9e.png,16x16,16x16,yes,no
more_ores_more_gems:item/amethyst_gem,assets/more_ores_more_gems/textures/item/amethyst_gem.png,resourcepacks/LAST_DAYS_INFINITE_DOMAIN_1_21_1/assets/more_ores_more_gems/textures/item/amethyst_gem.png,16x16,16x16,yes,no
more_ores_more_gems:item/ametrine_gem,assets/more_ores_more_gems/textures/item/ametrine_gem.png,resourcepacks/LAST_DAYS_INFINITE_DOMAIN_1_21_1/assets/more_ores_more_gems/textures/item/ametrine_gem.png,16x16,16x16,yes,no
more_ores_more_gems:item/aquamarine,assets/more_ores_more_gems/textures/item/aquamarine.png,resourcepacks/LAST_DAYS_INFINITE_DOMAIN_1_21_1/assets/more_ores_more_gems/textures/item/aquamarine.png,16x16,16x16,yes,no
more_ores_more_gems:item/autunite234,assets/more_ores_more_gems/textures/item/autunite234.png,resourcepacks/LAST_DAYS_INFINITE_DOMAIN_1_21_1/assets/more_ores_more_gems/textures/item/autunite234.png,16x96,16x96,yes,no
more_ores_more_gems:item/autunite_gemstone,assets/more_ores_more_gems/textures/item/autunite_gemstone.png,resourcepacks/LAST_DAYS_INFINITE_DOMAIN_1_21_1/assets/more_ores_more_gems/textures/item/autunite_gemstone.png,16x16,16x16,yes,no
more_ores_more_gems:item/autunite_gemstone_epic,assets/more_ores_more_gems/textures/item/autunite_gemstone_epic.png,resourcepacks/LAST_DAYS_INFINITE_DOMAIN_1_21_1/assets/more_ores_more_gems/textures/item/autunite_gemstone_epic.png,16x16,16x16,yes,no
more_ores_more_gems:item/black_opal,assets/more_ores_more_gems/textures/item/black_opal.png,resourcepacks/LAST_DAYS_INFINITE_DOMAIN_1_21_1/assets/more_ores_more_gems/textures/item/black_opal.png,16x16,16x16,yes,no
more_ores_more_gems:item/bloodflourite,assets/more_ores_more_gems/textures/item/bloodflourite.png,resourcepacks/LAST_DAYS_INFINITE_DOMAIN_1_21_1/assets/more_ores_more_gems/textures/item/bloodflourite.png,16x32,16x32,yes,no
more_ores_more_gems:item/carnelian_gem,assets/more_ores_more_gems/textures/item/carnelian_gem.png,resourcepacks/LAST_DAYS_INFINITE_DOMAIN_1_21_1/assets/more_ores_more_gems/textures/item/carnelian_gem.png,16x16,16x16,yes,no
more_ores_more_gems:item/citrine_gem,assets/more_ores_more_gems/textures/item/citrine_gem.png,resourcepacks/LAST_DAYS_INFINITE_DOMAIN_1_21_1/assets/more_ores_more_gems/textures/item/citrine_gem.png,16x16,16x16,yes,no
more_ores_more_gems:item/crystal,assets/more_ores_more_gems/textures/item/crystal.png,resourcepacks/LAST_DAYS_INFINITE_DOMAIN_1_21_1/assets/more_ores_more_gems/textures/item/crystal.png,16x16,16x16,yes,no
more_ores_more_gems:item/crystal_gemstone,assets/more_ores_more_gems/textures/item/crystal_gemstone.png,resourcepacks/LAST_DAYS_INFINITE_DOMAIN_1_21_1/assets/more_ores_more_gems/textures/item/crystal_gemstone.png,16x16,16x16,yes,no
more_ores_more_gems:item/ekanite_gem_fix,assets/more_ores_more_gems/textures/item/ekanite_gem_fix.png,resourcepacks/LAST_DAYS_INFINITE_DOMAIN_1_21_1/assets/more_ores_more_gems/textures/item/ekanite_gem_fix.png,16x16,16x16,yes,no
more_ores_more_gems:item/fire_opal,assets/more_ores_more_gems/textures/item/fire_opal.png,resourcepacks/LAST_DAYS_INFINITE_DOMAIN_1_21_1/assets/more_ores_more_gems/textures/item/fire_opal.png,16x16,16x16,yes,no
more_ores_more_gems:item/flourite_black,assets/more_ores_more_gems/textures/item/flourite_black.png,resourcepacks/LAST_DAYS_INFINITE_DOMAIN_1_21_1/assets/more_ores_more_gems/textures/item/flourite_black.png,16x16,16x16,yes,no
more_ores_more_gems:item/flourite_clear,assets/more_ores_more_gems/textures/item/flourite_clear.png,resourcepacks/LAST_DAYS_INFINITE_DOMAIN_1_21_1/assets/more_ores_more_gems/textures/item/flourite_clear.png,16x16,16x16,yes,no
more_ores_more_gems:item/flourite_green,assets/more_ores_more_gems/textures/item/flourite_green.png,resourcepacks/LAST_DAYS_INFINITE_DOMAIN_1_21_1/assets/more_ores_more_gems/textures/item/flourite_green.png,16x16,16x16,yes,no
more_ores_more_gems:item/flourite_phantom,assets/more_ores_more_gems/textures/item/flourite_phantom.png,resourcepacks/LAST_DAYS_INFINITE_DOMAIN_1_21_1/assets/more_ores_more_gems/textures/item/flourite_phantom.png,16x16,16x16,yes,no
more_ores_more_gems:item/flourite_pink,assets/more_ores_more_gems/textures/item/flourite_pink.png,resourcepacks/LAST_DAYS_INFINITE_DOMAIN_1_21_1/assets/more_ores_more_gems/textures/item/flourite_pink.png,16x16,16x16,yes,no
more_ores_more_gems:item/flourite_yttrium,assets/more_ores_more_gems/textures/item/flourite_yttrium.png,resourcepacks/LAST_DAYS_INFINITE_DOMAIN_1_21_1/assets/more_ores_more_gems/textures/item/flourite_yttrium.png,16x16,16x16,yes,no
more_ores_more_gems:item/fluorescent_fluorite,assets/more_ores_more_gems/textures/item/fluorescent_fluorite.png,resourcepacks/LAST_DAYS_INFINITE_DOMAIN_1_21_1/assets/more_ores_more_gems/textures/item/fluorescent_fluorite.png,16x16,16x16,yes,no
more_ores_more_gems:item/fluorite_orange,assets/more_ores_more_gems/textures/item/fluorite_orange.png,resourcepacks/LAST_DAYS_INFINITE_DOMAIN_1_21_1/assets/more_ores_more_gems/textures/item/fluorite_orange.png,16x16,16x16,yes,no
more_ores_more_gems:item/fluorite_purple,assets/more_ores_more_gems/textures/item/fluorite_purple.png,resourcepacks/LAST_DAYS_INFINITE_DOMAIN_1_21_1/assets/more_ores_more_gems/textures/item/fluorite_purple.png,16x16,16x16,yes,no
more_ores_more_gems:item/fluorite_zoning,assets/more_ores_more_gems/textures/item/fluorite_zoning.png,resourcepacks/LAST_DAYS_INFINITE_DOMAIN_1_21_1/assets/more_ores_more_gems/textures/item/fluorite_zoning.png,16x16,16x16,yes,no
more_ores_more_gems:item/fluoritephantom,assets/more_ores_more_gems/textures/item/fluoritephantom.png,resourcepacks/LAST_DAYS_INFINITE_DOMAIN_1_21_1/assets/more_ores_more_gems/textures/item/fluoritephantom.png,16x16,16x16,yes,no
more_ores_more_gems:item/frostopal_new,assets/more_ores_more_gems/textures/item/frostopal_new.png,resourcepacks/LAST_DAYS_INFINITE_DOMAIN_1_21_1/assets/more_ores_more_gems/textures/item/frostopal_new.png,16x16,16x16,yes,no
more_ores_more_gems:item/gem_rainbow_quartz_3,assets/more_ores_more_gems/textures/item/gem_rainbow_quartz_3.png,resourcepacks/LAST_DAYS_INFINITE_DOMAIN_1_21_1/assets/more_ores_more_gems/textures/item/gem_rainbow_quartz_3.png,16x16,16x16,yes,no
more_ores_more_gems:item/gray_opal_item_2,assets/more_ores_more_gems/textures/item/gray_opal_item_2.png,resourcepacks/LAST_DAYS_INFINITE_DOMAIN_1_21_1/assets/more_ores_more_gems/textures/item/gray_opal_item_2.png,16x16,16x16,yes,no
more_ores_more_gems:item/heliodor,assets/more_ores_more_gems/textures/item/heliodor.png,resourcepacks/LAST_DAYS_INFINITE_DOMAIN_1_21_1/assets/more_ores_more_gems/textures/item/heliodor.png,16x16,16x16,yes,no
more_ores_more_gems:item/leucosapphire,assets/more_ores_more_gems/textures/item/leucosapphire.png,resourcepacks/LAST_DAYS_INFINITE_DOMAIN_1_21_1/assets/more_ores_more_gems/textures/item/leucosapphire.png,16x16,16x16,yes,no
more_ores_more_gems:item/luminousgemitem,assets/more_ores_more_gems/textures/item/luminousgemitem.png,resourcepacks/LAST_DAYS_INFINITE_DOMAIN_1_21_1/assets/more_ores_more_gems/textures/item/luminousgemitem.png,16x16,16x16,yes,no
more_ores_more_gems:item/olivin_item,assets/more_ores_more_gems/textures/item/olivin_item.png,resourcepacks/LAST_DAYS_INFINITE_DOMAIN_1_21_1/assets/more_ores_more_gems/textures/item/olivin_item.png,16x16,16x16,yes,no
more_ores_more_gems:item/opal_quartz,assets/more_ores_more_gems/textures/item/opal_quartz.png,resourcepacks/LAST_DAYS_INFINITE_DOMAIN_1_21_1/assets/more_ores_more_gems/textures/item/opal_quartz.png,16x16,16x16,yes,no
more_ores_more_gems:item/padparadscha_gem,assets/more_ores_more_gems/textures/item/padparadscha_gem.png,resourcepacks/LAST_DAYS_INFINITE_DOMAIN_1_21_1/assets/more_ores_more_gems/textures/item/padparadscha_gem.png,16x16,16x16,yes,no
more_ores_more_gems:item/peridot_item,assets/more_ores_more_gems/textures/item/peridot_item.png,resourcepacks/LAST_DAYS_INFINITE_DOMAIN_1_21_1/assets/more_ores_more_gems/textures/item/peridot_item.png,16x16,16x16,yes,no
more_ores_more_gems:item/pink_opal,assets/more_ores_more_gems/textures/item/pink_opal.png,resourcepacks/LAST_DAYS_INFINITE_DOMAIN_1_21_1/assets/more_ores_more_gems/textures/item/pink_opal.png,16x16,16x16,yes,no
more_ores_more_gems:item/polished-tanzanite_cute,assets/more_ores_more_gems/textures/item/polished-tanzanite_cute.png,resourcepacks/LAST_DAYS_INFINITE_DOMAIN_1_21_1/assets/more_ores_more_gems/textures/item/polished-tanzanite_cute.png,16x16,16x16,yes,no
more_ores_more_gems:item/raresapphire,assets/more_ores_more_gems/textures/item/raresapphire.png,resourcepacks/LAST_DAYS_INFINITE_DOMAIN_1_21_1/assets/more_ores_more_gems/textures/item/raresapphire.png,16x16,16x16,yes,no
more_ores_more_gems:item/ruby_item,assets/more_ores_more_gems/textures/item/ruby_item.png,resourcepacks/LAST_DAYS_INFINITE_DOMAIN_1_21_1/assets/more_ores_more_gems/textures/item/ruby_item.png,16x16,16x16,yes,no
more_ores_more_gems:item/sicklyweakgreen,assets/more_ores_more_gems/textures/item/sicklyweakgreen.png,resourcepacks/LAST_DAYS_INFINITE_DOMAIN_1_21_1/assets/more_ores_more_gems/textures/item/sicklyweakgreen.png,16x16,16x16,yes,no
more_ores_more_gems:item/sunflaregem,assets/more_ores_more_gems/textures/item/sunflaregem.png,resourcepacks/LAST_DAYS_INFINITE_DOMAIN_1_21_1/assets/more_ores_more_gems/textures/item/sunflaregem.png,16x16,16x16,yes,no
more_ores_more_gems:item/titanium_quartz,assets/more_ores_more_gems/textures/item/titanium_quartz.png,resourcepacks/LAST_DAYS_INFINITE_DOMAIN_1_21_1/assets/more_ores_more_gems/textures/item/titanium_quartz.png,16x16,16x16,yes,no
more_ores_more_gems:item/topaz_1,assets/more_ores_more_gems/textures/item/topaz_1.png,resourcepacks/LAST_DAYS_INFINITE_DOMAIN_1_21_1/assets/more_ores_more_gems/textures/item/topaz_1.png,16x16,16x16,yes,no
more_ores_more_gems:item/ussingite_gem_1,assets/more_ores_more_gems/textures/item/ussingite_gem_1.png,resourcepacks/LAST_DAYS_INFINITE_DOMAIN_1_21_1/assets/more_ores_more_gems/textures/item/ussingite_gem_1.png,16x16,16x16,yes,no
more_ores_more_gems:item/white_opal_gem_1,assets/more_ores_more_gems/textures/item/white_opal_gem_1.png,resourcepacks/LAST_DAYS_INFINITE_DOMAIN_1_21_1/assets/more_ores_more_gems/textures/item/white_opal_gem_1.png,16x16,16x16,yes,no
