Category,RegistryId,Texture,SourceArt,DerivedOutput,SourceSize,OutputSize,Frames,Method
gem_storage_block,more_ores_more_gems:blockof_sapphire,more_ores_more_gems:block/637608873479978555,ROOT_tools/more_ores_more_gems_authored_sources/upstream_live/textures/block/637608873479978555.png,resourcepacks/LAST_DAYS_INFINITE_DOMAIN_1_21_1/assets/more_ores_more_gems/textures/block/637608873479978555.png,16x16,128x128,1,authored compressed-crystal and corundum relief; non-spatial palette swatches only; no upstream RGB overlay
ore_block,more_ores_more_gems:adamantite_ore,more_ores_more_gems:block/adamantiteore,ROOT_tools/more_ores_more_gems_authored_sources/generic_metal_ore_container/recolored_masters/block/adamantiteore_master.png,resourcepacks/LAST_DAYS_INFINITE_DOMAIN_1_21_1/assets/more_ores_more_gems/textures/block/adamantiteore.png,1254x1254,32x32,1,approved generic metallic ore container; sample insert and hazard-paint recolor only; 32px runtime
ore_block,more_ores_more_gems:amethyst_ore,more_ores_more_gems:block/amethyst_ore,ROOT_tools/more_ores_more_gems_authored_sources/generic_gem_containment/recolored_masters/block/amethyst_ore_master.png,resourcepacks/LAST_DAYS_INFINITE_DOMAIN_1_21_1/assets/more_ores_more_gems/textures/block/amethyst_ore.png,1254x1254,32x32,1,approved generic gem containment machinery; contained gem recolor only; 32px runtime
ore_block,more_ores_more_gems:ametrine_ore,more_ores_more_gems:block/ametrine_ore,ROOT_tools/more_ores_more_gems_authored_sources/generic_gem_containment/recolored_masters/block/ametrine_ore_master.png,resourcepacks/LAST_DAYS_INFINITE_DOMAIN_1_21_1/assets/more_ores_more_gems/textures/block/ametrine_ore.png,1254x1254,32x32,1,approved generic gem containment machinery; contained gem recolor only; 32px runtime
ore_block,more_ores_more_gems:antimony_ore,more_ores_more_gems:block/antimony_ore,ROOT_tools/more_ores_more_gems_authored_sources/generic_metal_ore_container/recolored_masters/block/antimony_ore_master.png,resourcepacks/LAST_DAYS_INFINITE_DOMAIN_1_21_1/assets/more_ores_more_gems/textures/block/antimony_ore.png,1254x1254,32x32,1,approved generic metallic ore container; sample insert and hazard-paint recolor only; 32px runtime
ore_block,more_ores_more_gems:deepslate_antimony_ore,more_ores_more_gems:block/antimony_ore_deepslate,ROOT_tools/more_ores_more_gems_authored_sources/generic_metal_ore_container/recolored_masters/block/antimony_ore_deepslate_master.png,resourcepacks/LAST_DAYS_INFINITE_DOMAIN_1_21_1/assets/more_ores_more_gems/textures/block/antimony_ore_deepslate.png,1254x1254,32x32,1,approved generic metallic ore container; sample insert and hazard-paint recolor only; 32px runtime
ore_block,more_ores_more_gems:aquamarine_ore,more_ores_more_gems:block/aquamarine_ore,ROOT_tools/more_ores_more_gems_authored_sources/generic_gem_containment/recolored_masters/block/aquamarine_ore_master.png,resourcepacks/LAST_DAYS_INFINITE_DOMAIN_1_21_1/assets/more_ores_more_gems/textures/block/aquamarine_ore.png,1254x1254,32x32,1,approved generic gem containment machinery; contained gem recolor only; 32px runtime
gem_storage_block,more_ores_more_gems:block_of_autunite_234,more_ores_more_gems:block/autunite_234_block,ROOT_tools/more_ores_more_gems_authored_sources/upstream_live/textures/block/autunite_234_block.png,resourcepacks/LAST_DAYS_INFINITE_DOMAIN_1_21_1/assets/more_ores_more_gems/textures/block/autunite_234_block.png,16x16,128x128,1,authored compressed-crystal and autunite relief; non-spatial palette swatches only; no upstream RGB overlay
gem_storage_block,more_ores_more_gems:block_of_autunite_235,more_ores_more_gems:block/autunite_235_block,ROOT_tools/more_ores_more_gems_authored_sources/upstream_live/textures/block/autunite_235_block.png,resourcepacks/LAST_DAYS_INFINITE_DOMAIN_1_21_1/assets/more_ores_more_gems/textures/block/autunite_235_block.png,16x16,128x128,1,authored compressed-crystal and autunite relief; non-spatial palette swatches only; no upstream RGB overlay
gem_storage_block,more_ores_more_gems:block_of_autunite_238,more_ores_more_gems:block/autunite_238_block,ROOT_tools/more_ores_more_gems_authored_sources/upstream_live/textures/block/autunite_238_block.png,resourcepacks/LAST_DAYS_INFINITE_DOMAIN_1_21_1/assets/more_ores_more_gems/textures/block/autunite_238_block.png,16x16,128x128,1,authored compressed-crystal and autunite relief; non-spatial palette swatches only; no upstream RGB overlay
ore_block,more_ores_more_gems:autunite_ore,more_ores_more_gems:block/autunite_ore,ROOT_tools/more_ores_more_gems_authored_sources/generic_gem_containment/recolored_masters/block/autunite_ore_master.png,resourcepacks/LAST_DAYS_INFINITE_DOMAIN_1_21_1/assets/more_ores_more_gems/textures/block/autunite_ore.png,1254x1254,32x32,1,approved generic gem containment machinery; contained gem recolor only; 32px runtime
gem_storage_block,more_ores_more_gems:block_of_aquamarine,more_ores_more_gems:block/block_aquamarine,ROOT_tools/more_ores_more_gems_authored_sources/upstream_live/textures/block/block_aquamarine.png,resourcepacks/LAST_DAYS_INFINITE_DOMAIN_1_21_1/assets/more_ores_more_gems/textures/block/block_aquamarine.png,16x16,128x128,1,authored compressed-crystal and beryl relief; non-spatial palette swatches only; no upstream RGB overlay
gem_storage_block,more_ores_more_gems:block_of_amethyst,more_ores_more_gems:block/block_of_amethyst_gem,ROOT_tools/more_ores_more_gems_authored_sources/upstream_live/textures/block/block_of_amethyst_gem.png,resourcepacks/LAST_DAYS_INFINITE_DOMAIN_1_21_1/assets/more_ores_more_gems/textures/block/block_of_amethyst_gem.png,16x16,128x128,1,authored compressed-crystal and quartz relief; non-spatial palette swatches only; no upstream RGB overlay
gem_storage_block,more_ores_more_gems:block_of_ametrine,more_ores_more_gems:block/block_of_ametrine_gem,ROOT_tools/more_ores_more_gems_authored_sources/upstream_live/textures/block/block_of_ametrine_gem.png,resourcepacks/LAST_DAYS_INFINITE_DOMAIN_1_21_1/assets/more_ores_more_gems/textures/block/block_of_ametrine_gem.png,16x16,128x128,1,authored compressed-crystal and quartz relief; non-spatial palette swatches only; no upstream RGB overlay
gem_storage_block,more_ores_more_gems:block_of_black_opal,more_ores_more_gems:block/block_of_black_opal_je3_be2,ROOT_tools/more_ores_more_gems_authored_sources/upstream_live/textures/block/block_of_black_opal_je3_be2.png,resourcepacks/LAST_DAYS_INFINITE_DOMAIN_1_21_1/assets/more_ores_more_gems/textures/block/block_of_black_opal_je3_be2.png,16x16,128x128,1,authored compressed-crystal and opal relief; non-spatial palette swatches only; no upstream RGB overlay
gem_storage_block,more_ores_more_gems:block_of_citrine,more_ores_more_gems:block/block_of_citrine_gem_1,ROOT_tools/more_ores_more_gems_authored_sources/upstream_live/textures/block/block_of_citrine_gem_1.png,resourcepacks/LAST_DAYS_INFINITE_DOMAIN_1_21_1/assets/more_ores_more_gems/textures/block/block_of_citrine_gem_1.png,16x16,128x128,1,authored compressed-crystal and quartz relief; non-spatial palette swatches only; no upstream RGB overlay
gem_storage_block,more_ores_more_gems:block_of_ekanite,more_ores_more_gems:block/block_of_ekanite,ROOT_tools/more_ores_more_gems_authored_sources/upstream_live/textures/block/block_of_ekanite.png,resourcepacks/LAST_DAYS_INFINITE_DOMAIN_1_21_1/assets/more_ores_more_gems/textures/block/block_of_ekanite.png,16x16,128x128,1,authored compressed-crystal and ekanite relief; non-spatial palette swatches only; no upstream RGB overlay
gem_storage_block,more_ores_more_gems:block_of_fire_opal,more_ores_more_gems:block/block_of_fire_opal,ROOT_tools/more_ores_more_gems_authored_sources/upstream_live/textures/block/block_of_fire_opal.png,resourcepacks/LAST_DAYS_INFINITE_DOMAIN_1_21_1/assets/more_ores_more_gems/textures/block/block_of_fire_opal.png,16x16,128x128,1,authored compressed-crystal and opal relief; non-spatial palette swatches only; no upstream RGB overlay
gem_storage_block,more_ores_more_gems:block_of_fluorite_phantom,more_ores_more_gems:block/block_of_fluorite_phantom,ROOT_tools/more_ores_more_gems_authored_sources/upstream_live/textures/block/block_of_fluorite_phantom.png,resourcepacks/LAST_DAYS_INFINITE_DOMAIN_1_21_1/assets/more_ores_more_gems/textures/block/block_of_fluorite_phantom.png,16x16,128x128,1,authored compressed-crystal and fluorite relief; non-spatial palette swatches only; no upstream RGB overlay
gem_storage_block,more_ores_more_gems:block_of_heliodor,more_ores_more_gems:block/block_of_heliodor,ROOT_tools/more_ores_more_gems_authored_sources/upstream_live/textures/block/block_of_heliodor.png,resourcepacks/LAST_DAYS_INFINITE_DOMAIN_1_21_1/assets/more_ores_more_gems/textures/block/block_of_heliodor.png,16x16,128x128,1,authored compressed-crystal and beryl relief; non-spatial palette swatches only; no upstream RGB overlay
gem_storage_block,more_ores_more_gems:block_of_leucosapphire,more_ores_more_gems:block/block_of_leucosapphire,ROOT_tools/more_ores_more_gems_authored_sources/upstream_live/textures/block/block_of_leucosapphire.png,resourcepacks/LAST_DAYS_INFINITE_DOMAIN_1_21_1/assets/more_ores_more_gems/textures/block/block_of_leucosapphire.png,16x16,128x128,1,authored compressed-crystal and corundum relief; non-spatial palette swatches only; no upstream RGB overlay
gem_storage_block,more_ores_more_gems:block_of_opalized_quartz,more_ores_more_gems:block/block_of_opal_quartz,ROOT_tools/more_ores_more_gems_authored_sources/upstream_live/textures/block/block_of_opal_quartz.png,resourcepacks/LAST_DAYS_INFINITE_DOMAIN_1_21_1/assets/more_ores_more_gems/textures/block/block_of_opal_quartz.png,16x16,128x128,1,authored compressed-crystal and opal relief; non-spatial palette swatches only; no upstream RGB overlay
gem_storage_block,more_ores_more_gems:block_of_padparadscha,more_ores_more_gems:block/block_of_padparadscha,ROOT_tools/more_ores_more_gems_authored_sources/upstream_live/textures/block/block_of_padparadscha.png,resourcepacks/LAST_DAYS_INFINITE_DOMAIN_1_21_1/assets/more_ores_more_gems/textures/block/block_of_padparadscha.png,16x16,128x128,1,authored compressed-crystal and corundum relief; non-spatial palette swatches only; no upstream RGB overlay
gem_storage_block,more_ores_more_gems:block_of_pink_opal,more_ores_more_gems:block/block_of_pink_opal,ROOT_tools/more_ores_more_gems_authored_sources/upstream_live/textures/block/block_of_pink_opal.png,resourcepacks/LAST_DAYS_INFINITE_DOMAIN_1_21_1/assets/more_ores_more_gems/textures/block/block_of_pink_opal.png,16x16,128x128,1,authored compressed-crystal and opal relief; non-spatial palette swatches only; no upstream RGB overlay
gem_storage_block,more_ores_more_gems:block_of_rare_sapphire,more_ores_more_gems:block/block_of_rare_sapphire,ROOT_tools/more_ores_more_gems_authored_sources/upstream_live/textures/block/block_of_rare_sapphire.png,resourcepacks/LAST_DAYS_INFINITE_DOMAIN_1_21_1/assets/more_ores_more_gems/textures/block/block_of_rare_sapphire.png,16x16,128x128,1,authored compressed-crystal and corundum relief; non-spatial palette swatches only; no upstream RGB overlay
gem_storage_block,more_ores_more_gems:ruby_pack_block,more_ores_more_gems:block/block_of_ruby_je3_be2,ROOT_tools/more_ores_more_gems_authored_sources/upstream_live/textures/block/block_of_ruby_je3_be2.png,resourcepacks/LAST_DAYS_INFINITE_DOMAIN_1_21_1/assets/more_ores_more_gems/textures/block/block_of_ruby_je3_be2.png,16x16,128x128,1,authored compressed-crystal and corundum relief; non-spatial palette swatches only; no upstream RGB overlay
gem_storage_block,more_ores_more_gems:block_of_tanzanite,more_ores_more_gems:block/block_of_tanzanite_je3_be2,ROOT_tools/more_ores_more_gems_authored_sources/upstream_live/textures/block/block_of_tanzanite_je3_be2.png,resourcepacks/LAST_DAYS_INFINITE_DOMAIN_1_21_1/assets/more_ores_more_gems/textures/block/block_of_tanzanite_je3_be2.png,16x16,128x128,1,authored compressed-crystal and corundum relief; non-spatial palette swatches only; no upstream RGB overlay
gem_storage_block,more_ores_more_gems:blockof_titanium,more_ores_more_gems:block/block_of_titanium,ROOT_tools/more_ores_more_gems_authored_sources/upstream_live/textures/block/block_of_titanium.png,resourcepacks/LAST_DAYS_INFINITE_DOMAIN_1_21_1/assets/more_ores_more_gems/textures/block/block_of_titanium.png,16x16,128x128,1,authored compressed-crystal and neutral crystal relief; non-spatial palette swatches only; no upstream RGB overlay
gem_storage_block,more_ores_more_gems:block_of_titanium_quartz,more_ores_more_gems:block/block_of_titanium_quartz,ROOT_tools/more_ores_more_gems_authored_sources/upstream_live/textures/block/block_of_titanium_quartz.png,resourcepacks/LAST_DAYS_INFINITE_DOMAIN_1_21_1/assets/more_ores_more_gems/textures/block/block_of_titanium_quartz.png,16x16,128x128,1,authored compressed-crystal and quartz relief; non-spatial palette swatches only; no upstream RGB overlay
gem_storage_block,more_ores_more_gems:block_of_ussingite,more_ores_more_gems:block/block_of_ussingite,ROOT_tools/more_ores_more_gems_authored_sources/upstream_live/textures/block/block_of_ussingite.png,resourcepacks/LAST_DAYS_INFINITE_DOMAIN_1_21_1/assets/more_ores_more_gems/textures/block/block_of_ussingite.png,16x16,128x128,1,authored compressed-crystal and ussingite relief; non-spatial palette swatches only; no upstream RGB overlay
gem_storage_block,more_ores_more_gems:blockof_white_opal,more_ores_more_gems:block/block_of_white_opal_je3_be2,ROOT_tools/more_ores_more_gems_authored_sources/upstream_live/textures/block/block_of_white_opal_je3_be2.png,resourcepacks/LAST_DAYS_INFINITE_DOMAIN_1_21_1/assets/more_ores_more_gems/textures/block/block_of_white_opal_je3_be2.png,16x16,128x128,1,authored compressed-crystal and opal relief; non-spatial palette swatches only; no upstream RGB overlay
gem_storage_block,more_ores_more_gems:block_of_black_fluorite,more_ores_more_gems:block/blockfl_black,ROOT_tools/more_ores_more_gems_authored_sources/upstream_live/textures/block/blockfl_black.png,resourcepacks/LAST_DAYS_INFINITE_DOMAIN_1_21_1/assets/more_ores_more_gems/textures/block/blockfl_black.png,16x16,128x128,1,authored compressed-crystal and fluorite relief; non-spatial palette swatches only; no upstream RGB overlay
gem_storage_block,more_ores_more_gems:block_of_blood_fluorite,more_ores_more_gems:block/blockfl_blood,ROOT_tools/more_ores_more_gems_authored_sources/upstream_live/textures/block/blockfl_blood.png,resourcepacks/LAST_DAYS_INFINITE_DOMAIN_1_21_1/assets/more_ores_more_gems/textures/block/blockfl_blood.png,16x32,128x256,2,authored compressed-crystal and fluorite relief; non-spatial palette swatches only; no upstream RGB overlay
gem_storage_block,more_ores_more_gems:block_of_fluorescent_fluorite,more_ores_more_gems:block/blockfl_f,ROOT_tools/more_ores_more_gems_authored_sources/upstream_live/textures/block/blockfl_f.png,resourcepacks/LAST_DAYS_INFINITE_DOMAIN_1_21_1/assets/more_ores_more_gems/textures/block/blockfl_f.png,16x16,128x128,1,authored compressed-crystal and fluorite relief; non-spatial palette swatches only; no upstream RGB overlay
gem_storage_block,more_ores_more_gems:block_of_green_fluorite,more_ores_more_gems:block/blockfl_green,ROOT_tools/more_ores_more_gems_authored_sources/upstream_live/textures/block/blockfl_green.png,resourcepacks/LAST_DAYS_INFINITE_DOMAIN_1_21_1/assets/more_ores_more_gems/textures/block/blockfl_green.png,16x16,128x128,1,authored compressed-crystal and fluorite relief; non-spatial palette swatches only; no upstream RGB overlay
gem_storage_block,more_ores_more_gems:block_of_orange_fluorite,more_ores_more_gems:block/blockfl_orange,ROOT_tools/more_ores_more_gems_authored_sources/upstream_live/textures/block/blockfl_orange.png,resourcepacks/LAST_DAYS_INFINITE_DOMAIN_1_21_1/assets/more_ores_more_gems/textures/block/blockfl_orange.png,16x16,128x128,1,authored compressed-crystal and fluorite relief; non-spatial palette swatches only; no upstream RGB overlay
gem_storage_block,more_ores_more_gems:block_of_orange_pink_fluorite,more_ores_more_gems:block/blockfl_orange_pink,ROOT_tools/more_ores_more_gems_authored_sources/upstream_live/textures/block/blockfl_orange_pink.png,resourcepacks/LAST_DAYS_INFINITE_DOMAIN_1_21_1/assets/more_ores_more_gems/textures/block/blockfl_orange_pink.png,16x16,128x128,1,authored compressed-crystal and fluorite relief; non-spatial palette swatches only; no upstream RGB overlay
gem_storage_block,more_ores_more_gems:block_of_pink_fluorite,more_ores_more_gems:block/blockfl_pink,ROOT_tools/more_ores_more_gems_authored_sources/upstream_live/textures/block/blockfl_pink.png,resourcepacks/LAST_DAYS_INFINITE_DOMAIN_1_21_1/assets/more_ores_more_gems/textures/block/blockfl_pink.png,16x16,128x128,1,authored compressed-crystal and fluorite relief; non-spatial palette swatches only; no upstream RGB overlay
gem_storage_block,more_ores_more_gems:block_of_purple_fluorite,more_ores_more_gems:block/blockfl_purple,ROOT_tools/more_ores_more_gems_authored_sources/upstream_live/textures/block/blockfl_purple.png,resourcepacks/LAST_DAYS_INFINITE_DOMAIN_1_21_1/assets/more_ores_more_gems/textures/block/blockfl_purple.png,16x16,128x128,1,authored compressed-crystal and fluorite relief; non-spatial palette swatches only; no upstream RGB overlay
gem_storage_block,more_ores_more_gems:block_of_purple_green_fluorite,more_ores_more_gems:block/blockfl_purple_green,ROOT_tools/more_ores_more_gems_authored_sources/upstream_live/textures/block/blockfl_purple_green.png,resourcepacks/LAST_DAYS_INFINITE_DOMAIN_1_21_1/assets/more_ores_more_gems/textures/block/blockfl_purple_green.png,16x16,128x128,1,authored compressed-crystal and fluorite relief; non-spatial palette swatches only; no upstream RGB overlay
gem_storage_block,more_ores_more_gems:block_of_white_fluorite,more_ores_more_gems:block/blockfl_white,ROOT_tools/more_ores_more_gems_authored_sources/upstream_live/textures/block/blockfl_white.png,resourcepacks/LAST_DAYS_INFINITE_DOMAIN_1_21_1/assets/more_ores_more_gems/textures/block/blockfl_white.png,16x16,128x128,1,authored compressed-crystal and fluorite relief; non-spatial palette swatches only; no upstream RGB overlay
gem_storage_block,more_ores_more_gems:block_of_ytt_fluorite,more_ores_more_gems:block/blockfl_ytt,ROOT_tools/more_ores_more_gems_authored_sources/upstream_live/textures/block/blockfl_ytt.png,resourcepacks/LAST_DAYS_INFINITE_DOMAIN_1_21_1/assets/more_ores_more_gems/textures/block/blockfl_ytt.png,16x16,128x128,1,authored compressed-crystal and fluorite relief; non-spatial palette swatches only; no upstream RGB overlay
gem_storage_block,more_ores_more_gems:block_of_white_crystal,more_ores_more_gems:block/blockofc,ROOT_tools/more_ores_more_gems_authored_sources/upstream_live/textures/block/blockofc.png,resourcepacks/LAST_DAYS_INFINITE_DOMAIN_1_21_1/assets/more_ores_more_gems/textures/block/blockofc.png,16x16,128x128,1,authored compressed-crystal and quartz relief; non-spatial palette swatches only; no upstream RGB overlay
gem_storage_block,more_ores_more_gems:block_of_luminous_gem,more_ores_more_gems:block/blockofluminousgem,ROOT_tools/more_ores_more_gems_authored_sources/upstream_live/textures/block/blockofluminousgem.png,resourcepacks/LAST_DAYS_INFINITE_DOMAIN_1_21_1/assets/more_ores_more_gems/textures/block/blockofluminousgem.png,16x16,128x128,1,authored compressed-crystal and fluorite relief; non-spatial palette swatches only; no upstream RGB overlay
gem_storage_block,more_ores_more_gems:block_of_sunflare_gem,more_ores_more_gems:block/blockofsunflaregem,ROOT_tools/more_ores_more_gems_authored_sources/upstream_live/textures/block/blockofsunflaregem.png,resourcepacks/LAST_DAYS_INFINITE_DOMAIN_1_21_1/assets/more_ores_more_gems/textures/block/blockofsunflaregem.png,16x16,128x128,1,authored compressed-crystal and sunflare relief; non-spatial palette swatches only; no upstream RGB overlay
ore_block,more_ores_more_gems:aetherium_ore,more_ores_more_gems:block/blocksprite_aetherium-ore,ROOT_tools/more_ores_more_gems_authored_sources/generic_metal_ore_container/recolored_masters/block/blocksprite_aetherium-ore_master.png,resourcepacks/LAST_DAYS_INFINITE_DOMAIN_1_21_1/assets/more_ores_more_gems/textures/block/blocksprite_aetherium-ore.png,1254x1254,32x32,1,approved generic metallic ore container; sample insert and hazard-paint recolor only; 32px runtime
ore_block,more_ores_more_gems:black_opal_ore,more_ores_more_gems:block/blocksprite_black_opal_ore,ROOT_tools/more_ores_more_gems_authored_sources/generic_gem_containment/recolored_masters/block/blocksprite_black_opal_ore_master.png,resourcepacks/LAST_DAYS_INFINITE_DOMAIN_1_21_1/assets/more_ores_more_gems/textures/block/blocksprite_black_opal_ore.png,1254x1254,32x32,1,approved generic gem containment machinery; contained gem recolor only; 32px runtime
gem_storage_block,more_ores_more_gems:blockof_jade,more_ores_more_gems:block/blocksprite_block-of-jade,ROOT_tools/more_ores_more_gems_authored_sources/upstream_live/textures/block/blocksprite_block-of-jade.png,resourcepacks/LAST_DAYS_INFINITE_DOMAIN_1_21_1/assets/more_ores_more_gems/textures/block/blocksprite_block-of-jade.png,16x16,128x128,1,authored compressed-crystal and jade relief; non-spatial palette swatches only; no upstream RGB overlay
gem_storage_block,more_ores_more_gems:block_of_raw_titanium_quartz,more_ores_more_gems:block/blocksprite_block-of-raw_titanium_quartz,ROOT_tools/more_ores_more_gems_authored_sources/upstream_live/textures/block/blocksprite_block-of-raw_titanium_quartz.png,resourcepacks/LAST_DAYS_INFINITE_DOMAIN_1_21_1/assets/more_ores_more_gems/textures/block/blocksprite_block-of-raw_titanium_quartz.png,16x16,128x128,1,authored compressed-crystal and quartz relief; non-spatial palette swatches only; no upstream RGB overlay
ore_block,more_ores_more_gems:deepslate_aetherium_ore,more_ores_more_gems:block/blocksprite_deepslate_aetherium-ore,ROOT_tools/more_ores_more_gems_authored_sources/generic_metal_ore_container/recolored_masters/block/blocksprite_deepslate_aetherium-ore_master.png,resourcepacks/LAST_DAYS_INFINITE_DOMAIN_1_21_1/assets/more_ores_more_gems/textures/block/blocksprite_deepslate_aetherium-ore.png,1254x1254,32x32,1,approved generic metallic ore container; sample insert and hazard-paint recolor only; 32px runtime
ore_block,more_ores_more_gems:deepslate_black_opal_ore,more_ores_more_gems:block/blocksprite_deepslate_black_opal_ore,ROOT_tools/more_ores_more_gems_authored_sources/generic_gem_containment/recolored_masters/block/blocksprite_deepslate_black_opal_ore_master.png,resourcepacks/LAST_DAYS_INFINITE_DOMAIN_1_21_1/assets/more_ores_more_gems/textures/block/blocksprite_deepslate_black_opal_ore.png,1254x1254,32x32,1,approved generic gem containment machinery; contained gem recolor only; 32px runtime
ore_block,more_ores_more_gems:deepslate_gray_opal_ore,more_ores_more_gems:block/blocksprite_deepslate_gray_opal_ore,ROOT_tools/more_ores_more_gems_authored_sources/generic_gem_containment/recolored_masters/block/blocksprite_deepslate_gray_opal_ore_master.png,resourcepacks/LAST_DAYS_INFINITE_DOMAIN_1_21_1/assets/more_ores_more_gems/textures/block/blocksprite_deepslate_gray_opal_ore.png,1254x1254,32x32,1,approved generic gem containment machinery; contained gem recolor only; 32px runtime
ore_block,more_ores_more_gems:deepslate_jade_ore,more_ores_more_gems:block/blocksprite_deepslate_jade_ore,ROOT_tools/more_ores_more_gems_authored_sources/generic_gem_containment/recolored_masters/block/blocksprite_deepslate_jade_ore_master.png,resourcepacks/LAST_DAYS_INFINITE_DOMAIN_1_21_1/assets/more_ores_more_gems/textures/block/blocksprite_deepslate_jade_ore.png,1254x1254,32x32,1,approved generic gem containment machinery; contained gem recolor only; 32px runtime
ore_block,more_ores_more_gems:deepslate_sunflare_gem_ore,more_ores_more_gems:block/blocksprite_deepslate_of_sunflare_gem,ROOT_tools/more_ores_more_gems_authored_sources/generic_gem_containment/recolored_masters/block/blocksprite_deepslate_of_sunflare_gem_master.png,resourcepacks/LAST_DAYS_INFINITE_DOMAIN_1_21_1/assets/more_ores_more_gems/textures/block/blocksprite_deepslate_of_sunflare_gem.png,1254x1254,32x32,1,approved generic gem containment machinery; contained gem recolor only; 32px runtime
ore_block,more_ores_more_gems:deepslate_shadowite_ore,more_ores_more_gems:block/blocksprite_deepslate_shadowite_ore,ROOT_tools/more_ores_more_gems_authored_sources/generic_metal_ore_container/recolored_masters/block/blocksprite_deepslate_shadowite_ore_master.png,resourcepacks/LAST_DAYS_INFINITE_DOMAIN_1_21_1/assets/more_ores_more_gems/textures/block/blocksprite_deepslate_shadowite_ore.png,1254x1254,32x32,1,approved generic metallic ore container; sample insert and hazard-paint recolor only; 32px runtime
ore_block,more_ores_more_gems:deepslate_sliver_ore,more_ores_more_gems:block/blocksprite_deepslate_sliver_ore,ROOT_tools/more_ores_more_gems_authored_sources/generic_metal_ore_container/recolored_masters/block/blocksprite_deepslate_sliver_ore_master.png,resourcepacks/LAST_DAYS_INFINITE_DOMAIN_1_21_1/assets/more_ores_more_gems/textures/block/blocksprite_deepslate_sliver_ore.png,1254x1254,32x32,1,approved generic metallic ore container; sample insert and hazard-paint recolor only; 32px runtime
ore_block,more_ores_more_gems:deepslate_tanzanite_ore,more_ores_more_gems:block/blocksprite_deepslate_tanzanite_ore,ROOT_tools/more_ores_more_gems_authored_sources/generic_gem_containment/recolored_masters/block/blocksprite_deepslate_tanzanite_ore_master.png,resourcepacks/LAST_DAYS_INFINITE_DOMAIN_1_21_1/assets/more_ores_more_gems/textures/block/blocksprite_deepslate_tanzanite_ore.png,1254x1254,32x32,1,approved generic gem containment machinery; contained gem recolor only; 32px runtime
ore_block,more_ores_more_gems:deepslate_white_opal_ore,more_ores_more_gems:block/blocksprite_deepslate_white_opal_ore,ROOT_tools/more_ores_more_gems_authored_sources/generic_gem_containment/recolored_masters/block/blocksprite_deepslate_white_opal_ore_master.png,resourcepacks/LAST_DAYS_INFINITE_DOMAIN_1_21_1/assets/more_ores_more_gems/textures/block/blocksprite_deepslate_white_opal_ore.png,1254x1254,32x32,1,approved generic gem containment machinery; contained gem recolor only; 32px runtime
ore_block,more_ores_more_gems:deepslate_white_crystal_ore,more_ores_more_gems:block/blocksprite_deepslatewhitecrystalore,ROOT_tools/more_ores_more_gems_authored_sources/generic_gem_containment/recolored_masters/block/blocksprite_deepslatewhitecrystalore_master.png,resourcepacks/LAST_DAYS_INFINITE_DOMAIN_1_21_1/assets/more_ores_more_gems/textures/block/blocksprite_deepslatewhitecrystalore.png,1254x1254,32x32,1,approved generic gem containment machinery; contained gem recolor only; 32px runtime
ore_block,more_ores_more_gems:sunflare_gem_ore,more_ores_more_gems:block/blocksprite_emerald-ore,ROOT_tools/more_ores_more_gems_authored_sources/generic_gem_containment/recolored_masters/block/blocksprite_emerald-ore_master.png,resourcepacks/LAST_DAYS_INFINITE_DOMAIN_1_21_1/assets/more_ores_more_gems/textures/block/blocksprite_emerald-ore.png,1254x1254,32x32,1,approved generic gem containment machinery; contained gem recolor only; 32px runtime
ore_block,more_ores_more_gems:end_stone_shadow_ore,more_ores_more_gems:block/blocksprite_end_stone_shadowite_ore,ROOT_tools/more_ores_more_gems_authored_sources/generic_metal_ore_container/recolored_masters/block/blocksprite_end_stone_shadowite_ore_master.png,resourcepacks/LAST_DAYS_INFINITE_DOMAIN_1_21_1/assets/more_ores_more_gems/textures/block/blocksprite_end_stone_shadowite_ore.png,1254x1254,32x32,1,approved generic metallic ore container; sample insert and hazard-paint recolor only; 32px runtime
ore_block,more_ores_more_gems:gray_opal_ore,more_ores_more_gems:block/blocksprite_gray_opal_ore,ROOT_tools/more_ores_more_gems_authored_sources/generic_gem_containment/recolored_masters/block/blocksprite_gray_opal_ore_master.png,resourcepacks/LAST_DAYS_INFINITE_DOMAIN_1_21_1/assets/more_ores_more_gems/textures/block/blocksprite_gray_opal_ore.png,1254x1254,32x32,1,approved generic gem containment machinery; contained gem recolor only; 32px runtime
ore_block,more_ores_more_gems:jade_ore,more_ores_more_gems:block/blocksprite_jade_ore,ROOT_tools/more_ores_more_gems_authored_sources/generic_gem_containment/recolored_masters/block/blocksprite_jade_ore_master.png,resourcepacks/LAST_DAYS_INFINITE_DOMAIN_1_21_1/assets/more_ores_more_gems/textures/block/blocksprite_jade_ore.png,1254x1254,32x32,1,approved generic gem containment machinery; contained gem recolor only; 32px runtime
ore_block,more_ores_more_gems:nether_crimsonite_ore,more_ores_more_gems:block/blocksprite_nether-crimsonite-ore,ROOT_tools/more_ores_more_gems_authored_sources/generic_metal_ore_container/recolored_masters/block/blocksprite_nether-crimsonite-ore_master.png,resourcepacks/LAST_DAYS_INFINITE_DOMAIN_1_21_1/assets/more_ores_more_gems/textures/block/blocksprite_nether-crimsonite-ore.png,1254x1254,32x32,1,approved generic metallic ore container; sample insert and hazard-paint recolor only; 32px runtime
ore_block,more_ores_more_gems:peridot_ore,more_ores_more_gems:block/blocksprite_peridot-ore,ROOT_tools/more_ores_more_gems_authored_sources/generic_gem_containment/recolored_masters/block/blocksprite_peridot-ore_master.png,resourcepacks/LAST_DAYS_INFINITE_DOMAIN_1_21_1/assets/more_ores_more_gems/textures/block/blocksprite_peridot-ore.png,1254x1254,32x32,1,approved generic gem containment machinery; contained gem recolor only; 32px runtime
ore_block,more_ores_more_gems:peridot_ore_deepslate,more_ores_more_gems:block/blocksprite_peridot-ore_deepslate,ROOT_tools/more_ores_more_gems_authored_sources/generic_gem_containment/recolored_masters/block/blocksprite_peridot-ore_deepslate_master.png,resourcepacks/LAST_DAYS_INFINITE_DOMAIN_1_21_1/assets/more_ores_more_gems/textures/block/blocksprite_peridot-ore_deepslate.png,1254x1254,32x32,1,approved generic gem containment machinery; contained gem recolor only; 32px runtime
ore_block,more_ores_more_gems:shadowite_ore,more_ores_more_gems:block/blocksprite_shadowite_ore,ROOT_tools/more_ores_more_gems_authored_sources/generic_metal_ore_container/recolored_masters/block/blocksprite_shadowite_ore_master.png,resourcepacks/LAST_DAYS_INFINITE_DOMAIN_1_21_1/assets/more_ores_more_gems/textures/block/blocksprite_shadowite_ore.png,1254x1254,32x32,1,approved generic metallic ore container; sample insert and hazard-paint recolor only; 32px runtime
ore_block,more_ores_more_gems:sliver_ore,more_ores_more_gems:block/blocksprite_sliver_ore,ROOT_tools/more_ores_more_gems_authored_sources/generic_metal_ore_container/recolored_masters/block/blocksprite_sliver_ore_master.png,resourcepacks/LAST_DAYS_INFINITE_DOMAIN_1_21_1/assets/more_ores_more_gems/textures/block/blocksprite_sliver_ore.png,1254x1254,32x32,1,approved generic metallic ore container; sample insert and hazard-paint recolor only; 32px runtime
ore_block,more_ores_more_gems:tanzanite_ore,more_ores_more_gems:block/blocksprite_tanzanite_ore,ROOT_tools/more_ores_more_gems_authored_sources/generic_gem_containment/recolored_masters/block/blocksprite_tanzanite_ore_master.png,resourcepacks/LAST_DAYS_INFINITE_DOMAIN_1_21_1/assets/more_ores_more_gems/textures/block/blocksprite_tanzanite_ore.png,1254x1254,32x32,1,approved generic gem containment machinery; contained gem recolor only; 32px runtime
ore_block,more_ores_more_gems:topaz_ore,more_ores_more_gems:block/blocksprite_topaz-ore,ROOT_tools/more_ores_more_gems_authored_sources/generic_gem_containment/recolored_masters/block/blocksprite_topaz-ore_master.png,resourcepacks/LAST_DAYS_INFINITE_DOMAIN_1_21_1/assets/more_ores_more_gems/textures/block/blocksprite_topaz-ore.png,1254x1254,32x32,1,approved generic gem containment machinery; contained gem recolor only; 32px runtime
ore_block,more_ores_more_gems:white_opal_ore,more_ores_more_gems:block/blocksprite_white_opal_ore,ROOT_tools/more_ores_more_gems_authored_sources/generic_gem_containment/recolored_masters/block/blocksprite_white_opal_ore_master.png,resourcepacks/LAST_DAYS_INFINITE_DOMAIN_1_21_1/assets/more_ores_more_gems/textures/block/blocksprite_white_opal_ore.png,1254x1254,32x32,1,approved generic gem containment machinery; contained gem recolor only; 32px runtime
ore_block,more_ores_more_gems:white_crystal_ore,more_ores_more_gems:block/blocksprite_whitecrystalore,ROOT_tools/more_ores_more_gems_authored_sources/generic_gem_containment/recolored_masters/block/blocksprite_whitecrystalore_master.png,resourcepacks/LAST_DAYS_INFINITE_DOMAIN_1_21_1/assets/more_ores_more_gems/textures/block/blocksprite_whitecrystalore.png,1254x1254,32x32,1,approved generic gem containment machinery; contained gem recolor only; 32px runtime
ore_block,more_ores_more_gems:bromine_ore,more_ores_more_gems:block/bromineore,ROOT_tools/more_ores_more_gems_authored_sources/generic_metal_ore_container/recolored_masters/block/bromineore_master.png,resourcepacks/LAST_DAYS_INFINITE_DOMAIN_1_21_1/assets/more_ores_more_gems/textures/block/bromineore.png,1254x1254,32x32,1,approved generic metallic ore container; sample insert and hazard-paint recolor only; 32px runtime
gem_storage_block,more_ores_more_gems:block_of_carnelian,more_ores_more_gems:block/carnelian_block,ROOT_tools/more_ores_more_gems_authored_sources/upstream_live/textures/block/carnelian_block.png,resourcepacks/LAST_DAYS_INFINITE_DOMAIN_1_21_1/assets/more_ores_more_gems/textures/block/carnelian_block.png,16x16,128x128,1,authored compressed-crystal and carnelian relief; non-spatial palette swatches only; no upstream RGB overlay
ore_block,more_ores_more_gems:carnelian_ore,more_ores_more_gems:block/carnelianore,ROOT_tools/more_ores_more_gems_authored_sources/generic_gem_containment/recolored_masters/block/carnelianore_master.png,resourcepacks/LAST_DAYS_INFINITE_DOMAIN_1_21_1/assets/more_ores_more_gems/textures/block/carnelianore.png,1254x1254,32x32,1,approved generic gem containment machinery; contained gem recolor only; 32px runtime
ore_block,more_ores_more_gems:chondrit_ore,more_ores_more_gems:block/chondrit_ore,ROOT_tools/more_ores_more_gems_authored_sources/generic_metal_ore_container/recolored_masters/block/chondrit_ore_master.png,resourcepacks/LAST_DAYS_INFINITE_DOMAIN_1_21_1/assets/more_ores_more_gems/textures/block/chondrit_ore.png,1254x1254,32x32,1,approved generic metallic ore container; sample insert and hazard-paint recolor only; 32px runtime
ore_block,more_ores_more_gems:chromium_ore,more_ores_more_gems:block/chromium_ore,ROOT_tools/more_ores_more_gems_authored_sources/generic_metal_ore_container/recolored_masters/block/chromium_ore_master.png,resourcepacks/LAST_DAYS_INFINITE_DOMAIN_1_21_1/assets/more_ores_more_gems/textures/block/chromium_ore.png,1254x1254,32x32,1,approved generic metallic ore container; sample insert and hazard-paint recolor only; 32px runtime
ore_block,more_ores_more_gems:citrine_ore,more_ores_more_gems:block/citrine_ore_new,ROOT_tools/more_ores_more_gems_authored_sources/generic_gem_containment/recolored_masters/block/citrine_ore_new_master.png,resourcepacks/LAST_DAYS_INFINITE_DOMAIN_1_21_1/assets/more_ores_more_gems/textures/block/citrine_ore_new.png,1254x1254,32x32,1,approved generic gem containment machinery; contained gem recolor only; 32px runtime
ore_block,more_ores_more_gems:clay_thalassium_ore,more_ores_more_gems:block/clay_thalassium_ore,ROOT_tools/more_ores_more_gems_authored_sources/generic_metal_ore_container/recolored_masters/block/clay_thalassium_ore_master.png,resourcepacks/LAST_DAYS_INFINITE_DOMAIN_1_21_1/assets/more_ores_more_gems/textures/block/clay_thalassium_ore.png,1254x1254,32x32,1,approved generic metallic ore container; sample insert and hazard-paint recolor only; 32px runtime
ore_block,more_ores_more_gems:cobalt_ore,more_ores_more_gems:block/cobalt_ore,ROOT_tools/more_ores_more_gems_authored_sources/generic_metal_ore_container/recolored_masters/block/cobalt_ore_master.png,resourcepacks/LAST_DAYS_INFINITE_DOMAIN_1_21_1/assets/more_ores_more_gems/textures/block/cobalt_ore.png,1254x1254,32x32,1,approved generic metallic ore container; sample insert and hazard-paint recolor only; 32px runtime
ore_block,more_ores_more_gems:crimsonite_ore,more_ores_more_gems:block/crimsonite_ore,ROOT_tools/more_ores_more_gems_authored_sources/generic_metal_ore_container/recolored_masters/block/crimsonite_ore_master.png,resourcepacks/LAST_DAYS_INFINITE_DOMAIN_1_21_1/assets/more_ores_more_gems/textures/block/crimsonite_ore.png,1254x1254,32x32,1,approved generic metallic ore container; sample insert and hazard-paint recolor only; 32px runtime
gem_storage_block,more_ores_more_gems:blockof_mysticrain_quartz,more_ores_more_gems:block/dalle-2024-10-12-.5s8,ROOT_tools/more_ores_more_gems_authored_sources/upstream_live/textures/block/dalle-2024-10-12-.5s8.png,resourcepacks/LAST_DAYS_INFINITE_DOMAIN_1_21_1/assets/more_ores_more_gems/textures/block/dalle-2024-10-12-.5s8.png,16x16,128x128,1,authored compressed-crystal and quartz relief; non-spatial palette swatches only; no upstream RGB overlay
ore_block,more_ores_more_gems:deepslate_thalassium_ore,more_ores_more_gems:block/deeplsate_thalassium_ore,ROOT_tools/more_ores_more_gems_authored_sources/generic_metal_ore_container/recolored_masters/block/deeplsate_thalassium_ore_master.png,resourcepacks/LAST_DAYS_INFINITE_DOMAIN_1_21_1/assets/more_ores_more_gems/textures/block/deeplsate_thalassium_ore.png,1254x1254,32x32,1,approved generic metallic ore container; sample insert and hazard-paint recolor only; 32px runtime
ore_block,more_ores_more_gems:deepslate_amethyst_ore,more_ores_more_gems:block/deepslate_amethyst_ore,ROOT_tools/more_ores_more_gems_authored_sources/generic_gem_containment/recolored_masters/block/deepslate_amethyst_ore_master.png,resourcepacks/LAST_DAYS_INFINITE_DOMAIN_1_21_1/assets/more_ores_more_gems/textures/block/deepslate_amethyst_ore.png,1254x1254,32x32,1,approved generic gem containment machinery; contained gem recolor only; 32px runtime
ore_block,more_ores_more_gems:deepslate_ametrine_ore,more_ores_more_gems:block/deepslate_ametrine_ore,ROOT_tools/more_ores_more_gems_authored_sources/generic_gem_containment/recolored_masters/block/deepslate_ametrine_ore_master.png,resourcepacks/LAST_DAYS_INFINITE_DOMAIN_1_21_1/assets/more_ores_more_gems/textures/block/deepslate_ametrine_ore.png,1254x1254,32x32,1,approved generic gem containment machinery; contained gem recolor only; 32px runtime
ore_block,more_ores_more_gems:deepslate_aquamarine_ore,more_ores_more_gems:block/deepslate_aquamarine_ore,ROOT_tools/more_ores_more_gems_authored_sources/generic_gem_containment/recolored_masters/block/deepslate_aquamarine_ore_master.png,resourcepacks/LAST_DAYS_INFINITE_DOMAIN_1_21_1/assets/more_ores_more_gems/textures/block/deepslate_aquamarine_ore.png,1254x1254,32x32,1,approved generic gem containment machinery; contained gem recolor only; 32px runtime
ore_block,more_ores_more_gems:deepslate_autunite_ore,more_ores_more_gems:block/deepslate_autunite_ore,ROOT_tools/more_ores_more_gems_authored_sources/generic_gem_containment/recolored_masters/block/deepslate_autunite_ore_master.png,resourcepacks/LAST_DAYS_INFINITE_DOMAIN_1_21_1/assets/more_ores_more_gems/textures/block/deepslate_autunite_ore.png,1254x1254,32x32,1,approved generic gem containment machinery; contained gem recolor only; 32px runtime
ore_block,more_ores_more_gems:deepslate_carnelian_ore,more_ores_more_gems:block/deepslate_carnelian_ore,ROOT_tools/more_ores_more_gems_authored_sources/generic_gem_containment/recolored_masters/block/deepslate_carnelian_ore_master.png,resourcepacks/LAST_DAYS_INFINITE_DOMAIN_1_21_1/assets/more_ores_more_gems/textures/block/deepslate_carnelian_ore.png,1254x1254,32x32,1,approved generic gem containment machinery; contained gem recolor only; 32px runtime
ore_block,more_ores_more_gems:deepslate_chondrit_ore,more_ores_more_gems:block/deepslate_chondrit_ore,ROOT_tools/more_ores_more_gems_authored_sources/generic_metal_ore_container/recolored_masters/block/deepslate_chondrit_ore_master.png,resourcepacks/LAST_DAYS_INFINITE_DOMAIN_1_21_1/assets/more_ores_more_gems/textures/block/deepslate_chondrit_ore.png,1254x1254,32x32,1,approved generic metallic ore container; sample insert and hazard-paint recolor only; 32px runtime
ore_block,more_ores_more_gems:deepslate_chromium_ore,more_ores_more_gems:block/deepslate_chromium_ore,ROOT_tools/more_ores_more_gems_authored_sources/generic_metal_ore_container/recolored_masters/block/deepslate_chromium_ore_master.png,resourcepacks/LAST_DAYS_INFINITE_DOMAIN_1_21_1/assets/more_ores_more_gems/textures/block/deepslate_chromium_ore.png,1254x1254,32x32,1,approved generic metallic ore container; sample insert and hazard-paint recolor only; 32px runtime
ore_block,more_ores_more_gems:deepslate_citrtine_ore,more_ores_more_gems:block/deepslate_citrine_ore_new,ROOT_tools/more_ores_more_gems_authored_sources/generic_metal_ore_container/recolored_masters/block/deepslate_citrine_ore_new_master.png,resourcepacks/LAST_DAYS_INFINITE_DOMAIN_1_21_1/assets/more_ores_more_gems/textures/block/deepslate_citrine_ore_new.png,1254x1254,32x32,1,approved generic metallic ore container; sample insert and hazard-paint recolor only; 32px runtime
ore_block,more_ores_more_gems:deepslate_cobalt_ore,more_ores_more_gems:block/deepslate_cobalt_ore,ROOT_tools/more_ores_more_gems_authored_sources/generic_metal_ore_container/recolored_masters/block/deepslate_cobalt_ore_master.png,resourcepacks/LAST_DAYS_INFINITE_DOMAIN_1_21_1/assets/more_ores_more_gems/textures/block/deepslate_cobalt_ore.png,1254x1254,32x32,1,approved generic metallic ore container; sample insert and hazard-paint recolor only; 32px runtime
ore_block,more_ores_more_gems:deepslate_crimsonite_ore,more_ores_more_gems:block/deepslate_crimsonite_ore,ROOT_tools/more_ores_more_gems_authored_sources/generic_metal_ore_container/recolored_masters/block/deepslate_crimsonite_ore_master.png,resourcepacks/LAST_DAYS_INFINITE_DOMAIN_1_21_1/assets/more_ores_more_gems/textures/block/deepslate_crimsonite_ore.png,1254x1254,32x32,1,approved generic metallic ore container; sample insert and hazard-paint recolor only; 32px runtime
ore_block,more_ores_more_gems:deepslate_ekanite_ore,more_ores_more_gems:block/deepslate_ekanite_ore,ROOT_tools/more_ores_more_gems_authored_sources/generic_gem_containment/recolored_masters/block/deepslate_ekanite_ore_master.png,resourcepacks/LAST_DAYS_INFINITE_DOMAIN_1_21_1/assets/more_ores_more_gems/textures/block/deepslate_ekanite_ore.png,1254x1254,32x32,1,approved generic gem containment machinery; contained gem recolor only; 32px runtime
ore_block,more_ores_more_gems:deepslate_heliodor_ore,more_ores_more_gems:block/deepslate_heliodor_ore,ROOT_tools/more_ores_more_gems_authored_sources/generic_gem_containment/recolored_masters/block/deepslate_heliodor_ore_master.png,resourcepacks/LAST_DAYS_INFINITE_DOMAIN_1_21_1/assets/more_ores_more_gems/textures/block/deepslate_heliodor_ore.png,1254x1254,32x32,1,approved generic gem containment machinery; contained gem recolor only; 32px runtime
ore_block,more_ores_more_gems:deepslate_indium_ore,more_ores_more_gems:block/deepslate_indium_ore,ROOT_tools/more_ores_more_gems_authored_sources/generic_metal_ore_container/recolored_masters/block/deepslate_indium_ore_master.png,resourcepacks/LAST_DAYS_INFINITE_DOMAIN_1_21_1/assets/more_ores_more_gems/textures/block/deepslate_indium_ore.png,1254x1254,32x32,1,approved generic metallic ore container; sample insert and hazard-paint recolor only; 32px runtime
ore_block,more_ores_more_gems:deepslate_lead_ore,more_ores_more_gems:block/deepslate_lead_ore,ROOT_tools/more_ores_more_gems_authored_sources/generic_metal_ore_container/recolored_masters/block/deepslate_lead_ore_master.png,resourcepacks/LAST_DAYS_INFINITE_DOMAIN_1_21_1/assets/more_ores_more_gems/textures/block/deepslate_lead_ore.png,1254x1254,32x32,1,approved generic metallic ore container; sample insert and hazard-paint recolor only; 32px runtime
ore_block,more_ores_more_gems:deepslate_lemonite_ore,more_ores_more_gems:block/deepslate_lemonite_ore,ROOT_tools/more_ores_more_gems_authored_sources/generic_metal_ore_container/recolored_masters/block/deepslate_lemonite_ore_master.png,resourcepacks/LAST_DAYS_INFINITE_DOMAIN_1_21_1/assets/more_ores_more_gems/textures/block/deepslate_lemonite_ore.png,1254x1254,32x32,1,approved generic metallic ore container; sample insert and hazard-paint recolor only; 32px runtime
ore_block,more_ores_more_gems:deepslate_leucosapphire_ore,more_ores_more_gems:block/deepslate_leucosapphire_ore,ROOT_tools/more_ores_more_gems_authored_sources/generic_gem_containment/recolored_masters/block/deepslate_leucosapphire_ore_master.png,resourcepacks/LAST_DAYS_INFINITE_DOMAIN_1_21_1/assets/more_ores_more_gems/textures/block/deepslate_leucosapphire_ore.png,1254x1254,32x32,1,approved generic gem containment machinery; contained gem recolor only; 32px runtime
ore_block,more_ores_more_gems:deepslate_magnesium_ore,more_ores_more_gems:block/deepslate_magnesium_ore,ROOT_tools/more_ores_more_gems_authored_sources/generic_metal_ore_container/recolored_masters/block/deepslate_magnesium_ore_master.png,resourcepacks/LAST_DAYS_INFINITE_DOMAIN_1_21_1/assets/more_ores_more_gems/textures/block/deepslate_magnesium_ore.png,1254x1254,32x32,1,approved generic metallic ore container; sample insert and hazard-paint recolor only; 32px runtime
ore_block,more_ores_more_gems:deeplslate_monel_ore,more_ores_more_gems:block/deepslate_monel_ore,ROOT_tools/more_ores_more_gems_authored_sources/generic_metal_ore_container/recolored_masters/block/deepslate_monel_ore_master.png,resourcepacks/LAST_DAYS_INFINITE_DOMAIN_1_21_1/assets/more_ores_more_gems/textures/block/deepslate_monel_ore.png,1254x1254,32x32,1,approved generic metallic ore container; sample insert and hazard-paint recolor only; 32px runtime
ore_block,more_ores_more_gems:deepslate_neptunium_ore,more_ores_more_gems:block/deepslate_neptunium_ore,ROOT_tools/more_ores_more_gems_authored_sources/generic_metal_ore_container/recolored_masters/block/deepslate_neptunium_ore_master.png,resourcepacks/LAST_DAYS_INFINITE_DOMAIN_1_21_1/assets/more_ores_more_gems/textures/block/deepslate_neptunium_ore.png,1254x1254,32x32,1,approved generic metallic ore container; sample insert and hazard-paint recolor only; 32px runtime
ore_block,more_ores_more_gems:deepslate_nickel_ore,more_ores_more_gems:block/deepslate_nikel_ore,ROOT_tools/more_ores_more_gems_authored_sources/generic_metal_ore_container/recolored_masters/block/deepslate_nikel_ore_master.png,resourcepacks/LAST_DAYS_INFINITE_DOMAIN_1_21_1/assets/more_ores_more_gems/textures/block/deepslate_nikel_ore.png,1254x1254,32x32,1,approved generic metallic ore container; sample insert and hazard-paint recolor only; 32px runtime
ore_block,more_ores_more_gems:deepslate_osmium_ore,more_ores_more_gems:block/deepslate_osmium_ore,ROOT_tools/more_ores_more_gems_authored_sources/generic_metal_ore_container/recolored_masters/block/deepslate_osmium_ore_master.png,resourcepacks/LAST_DAYS_INFINITE_DOMAIN_1_21_1/assets/more_ores_more_gems/textures/block/deepslate_osmium_ore.png,1254x1254,32x32,1,approved generic metallic ore container; sample insert and hazard-paint recolor only; 32px runtime
ore_block,more_ores_more_gems:deepslate_padparadscha_ore,more_ores_more_gems:block/deepslate_padparadscha_ore,ROOT_tools/more_ores_more_gems_authored_sources/generic_gem_containment/recolored_masters/block/deepslate_padparadscha_ore_master.png,resourcepacks/LAST_DAYS_INFINITE_DOMAIN_1_21_1/assets/more_ores_more_gems/textures/block/deepslate_padparadscha_ore.png,1254x1254,32x32,1,approved generic gem containment machinery; contained gem recolor only; 32px runtime
ore_block,more_ores_more_gems:deepslate_pink_opal_ore,more_ores_more_gems:block/deepslate_pink_opal_ore,ROOT_tools/more_ores_more_gems_authored_sources/generic_gem_containment/recolored_masters/block/deepslate_pink_opal_ore_master.png,resourcepacks/LAST_DAYS_INFINITE_DOMAIN_1_21_1/assets/more_ores_more_gems/textures/block/deepslate_pink_opal_ore.png,1254x1254,32x32,1,approved generic gem containment machinery; contained gem recolor only; 32px runtime
ore_block,more_ores_more_gems:deepslate_platinum_ore,more_ores_more_gems:block/deepslate_platium_ore,ROOT_tools/more_ores_more_gems_authored_sources/generic_metal_ore_container/recolored_masters/block/deepslate_platium_ore_master.png,resourcepacks/LAST_DAYS_INFINITE_DOMAIN_1_21_1/assets/more_ores_more_gems/textures/block/deepslate_platium_ore.png,1254x1254,32x32,1,approved generic metallic ore container; sample insert and hazard-paint recolor only; 32px runtime
ore_block,more_ores_more_gems:deepslate_radium_dust_ore,more_ores_more_gems:block/deepslate_radium_dust_ore,ROOT_tools/more_ores_more_gems_authored_sources/generic_metal_ore_container/recolored_masters/block/deepslate_radium_dust_ore_master.png,resourcepacks/LAST_DAYS_INFINITE_DOMAIN_1_21_1/assets/more_ores_more_gems/textures/block/deepslate_radium_dust_ore.png,1254x1254,32x32,1,approved generic metallic ore container; sample insert and hazard-paint recolor only; 32px runtime
ore_block,more_ores_more_gems:deepslate_radium_ore,more_ores_more_gems:block/deepslate_radium_ore,ROOT_tools/more_ores_more_gems_authored_sources/generic_metal_ore_container/recolored_masters/block/deepslate_radium_ore_master.png,resourcepacks/LAST_DAYS_INFINITE_DOMAIN_1_21_1/assets/more_ores_more_gems/textures/block/deepslate_radium_ore.png,1254x1254,32x32,1,approved generic metallic ore container; sample insert and hazard-paint recolor only; 32px runtime
ore_block,more_ores_more_gems:deepslatee_mysticrain_quartz_ore,more_ores_more_gems:block/deepslate_rainbow_mystic_ore,ROOT_tools/more_ores_more_gems_authored_sources/generic_gem_containment/recolored_masters/block/deepslate_rainbow_mystic_ore_master.png,resourcepacks/LAST_DAYS_INFINITE_DOMAIN_1_21_1/assets/more_ores_more_gems/textures/block/deepslate_rainbow_mystic_ore.png,1254x1254,32x32,1,approved generic gem containment machinery; contained gem recolor only; 32px runtime
ore_block,more_ores_more_gems:deepslate_rare_sapphire_ore,more_ores_more_gems:block/deepslate_rare_sapphire_ore,ROOT_tools/more_ores_more_gems_authored_sources/generic_gem_containment/recolored_masters/block/deepslate_rare_sapphire_ore_master.png,resourcepacks/LAST_DAYS_INFINITE_DOMAIN_1_21_1/assets/more_ores_more_gems/textures/block/deepslate_rare_sapphire_ore.png,1254x1254,32x32,1,approved generic gem containment machinery; contained gem recolor only; 32px runtime
ore_block,more_ores_more_gems:deepslate_rhodium_ore,more_ores_more_gems:block/deepslate_rhodium_ore,ROOT_tools/more_ores_more_gems_authored_sources/generic_metal_ore_container/recolored_masters/block/deepslate_rhodium_ore_master.png,resourcepacks/LAST_DAYS_INFINITE_DOMAIN_1_21_1/assets/more_ores_more_gems/textures/block/deepslate_rhodium_ore.png,1254x1254,32x32,1,approved generic metallic ore container; sample insert and hazard-paint recolor only; 32px runtime
ore_block,more_ores_more_gems:deepslate_rose_gold_ore,more_ores_more_gems:block/deepslate_rose_gold_ore,ROOT_tools/more_ores_more_gems_authored_sources/generic_metal_ore_container/recolored_masters/block/deepslate_rose_gold_ore_master.png,resourcepacks/LAST_DAYS_INFINITE_DOMAIN_1_21_1/assets/more_ores_more_gems/textures/block/deepslate_rose_gold_ore.png,1254x1254,32x32,1,approved generic metallic ore container; sample insert and hazard-paint recolor only; 32px runtime
ore_block,more_ores_more_gems:deepslate_thorium_ore,more_ores_more_gems:block/deepslate_thoriumore,ROOT_tools/more_ores_more_gems_authored_sources/generic_metal_ore_container/recolored_masters/block/deepslate_thoriumore_master.png,resourcepacks/LAST_DAYS_INFINITE_DOMAIN_1_21_1/assets/more_ores_more_gems/textures/block/deepslate_thoriumore.png,1254x1254,32x32,1,approved generic metallic ore container; sample insert and hazard-paint recolor only; 32px runtime
ore_block,more_ores_more_gems:deepslate_tin_ore,more_ores_more_gems:block/deepslate_tin_ore,ROOT_tools/more_ores_more_gems_authored_sources/generic_metal_ore_container/recolored_masters/block/deepslate_tin_ore_master.png,resourcepacks/LAST_DAYS_INFINITE_DOMAIN_1_21_1/assets/more_ores_more_gems/textures/block/deepslate_tin_ore.png,1254x1254,32x32,1,approved generic metallic ore container; sample insert and hazard-paint recolor only; 32px runtime
ore_block,more_ores_more_gems:deepslate_topaz_ore,more_ores_more_gems:block/deepslate_topaz-ore,ROOT_tools/more_ores_more_gems_authored_sources/generic_gem_containment/recolored_masters/block/deepslate_topaz-ore_master.png,resourcepacks/LAST_DAYS_INFINITE_DOMAIN_1_21_1/assets/more_ores_more_gems/textures/block/deepslate_topaz-ore.png,1254x1254,32x32,1,approved generic gem containment machinery; contained gem recolor only; 32px runtime
ore_block,more_ores_more_gems:deepslate_uranium_ore,more_ores_more_gems:block/deepslate_uranium_ore,ROOT_tools/more_ores_more_gems_authored_sources/generic_metal_ore_container/recolored_masters/block/deepslate_uranium_ore_master.png,resourcepacks/LAST_DAYS_INFINITE_DOMAIN_1_21_1/assets/more_ores_more_gems/textures/block/deepslate_uranium_ore.png,1254x1254,32x32,1,approved generic metallic ore container; sample insert and hazard-paint recolor only; 32px runtime
ore_block,more_ores_more_gems:deepslate_ussingite_ore,more_ores_more_gems:block/deepslate_ussingite_ore,ROOT_tools/more_ores_more_gems_authored_sources/generic_gem_containment/recolored_masters/block/deepslate_ussingite_ore_master.png,resourcepacks/LAST_DAYS_INFINITE_DOMAIN_1_21_1/assets/more_ores_more_gems/textures/block/deepslate_ussingite_ore.png,1254x1254,32x32,1,approved generic gem containment machinery; contained gem recolor only; 32px runtime
ore_block,more_ores_more_gems:deepslate_gunpowder_ore,more_ores_more_gems:block/deepslategunpowderore,ROOT_tools/more_ores_more_gems_authored_sources/generic_metal_ore_container/recolored_masters/block/deepslategunpowderore_master.png,resourcepacks/LAST_DAYS_INFINITE_DOMAIN_1_21_1/assets/more_ores_more_gems/textures/block/deepslategunpowderore.png,1254x1254,32x32,1,approved generic metallic ore container; sample insert and hazard-paint recolor only; 32px runtime
ore_block,more_ores_more_gems:deepslate_sapphire_ore,more_ores_more_gems:block/deepslatesapphireore,ROOT_tools/more_ores_more_gems_authored_sources/generic_gem_containment/recolored_masters/block/deepslatesapphireore_master.png,resourcepacks/LAST_DAYS_INFINITE_DOMAIN_1_21_1/assets/more_ores_more_gems/textures/block/deepslatesapphireore.png,1254x1254,32x32,1,approved generic gem containment machinery; contained gem recolor only; 32px runtime
gem_storage_block,more_ores_more_gems:block_of_topaz,more_ores_more_gems:block/dgfdgfdfd,ROOT_tools/more_ores_more_gems_authored_sources/upstream_live/textures/block/dgfdgfdfd.png,resourcepacks/LAST_DAYS_INFINITE_DOMAIN_1_21_1/assets/more_ores_more_gems/textures/block/dgfdgfdfd.png,16x16,128x128,1,authored compressed-crystal and topaz relief; non-spatial palette swatches only; no upstream RGB overlay
ore_block,more_ores_more_gems:ekanite_ore,more_ores_more_gems:block/ekanite_ore,ROOT_tools/more_ores_more_gems_authored_sources/generic_gem_containment/recolored_masters/block/ekanite_ore_master.png,resourcepacks/LAST_DAYS_INFINITE_DOMAIN_1_21_1/assets/more_ores_more_gems/textures/block/ekanite_ore.png,1254x1254,32x32,1,approved generic gem containment machinery; contained gem recolor only; 32px runtime
ore_block,more_ores_more_gems:electrum_ore,more_ores_more_gems:block/electrumore,ROOT_tools/more_ores_more_gems_authored_sources/generic_metal_ore_container/recolored_masters/block/electrumore_master.png,resourcepacks/LAST_DAYS_INFINITE_DOMAIN_1_21_1/assets/more_ores_more_gems/textures/block/electrumore.png,1254x1254,32x32,1,approved generic metallic ore container; sample insert and hazard-paint recolor only; 32px runtime
ore_block,more_ores_more_gems:deepslate_electrum_ore,more_ores_more_gems:block/electrumoredeepslate,ROOT_tools/more_ores_more_gems_authored_sources/generic_metal_ore_container/recolored_masters/block/electrumoredeepslate_master.png,resourcepacks/LAST_DAYS_INFINITE_DOMAIN_1_21_1/assets/more_ores_more_gems/textures/block/electrumoredeepslate.png,1254x1254,32x32,1,approved generic metallic ore container; sample insert and hazard-paint recolor only; 32px runtime
ore_block,more_ores_more_gems:fire_opal_ore,more_ores_more_gems:block/fire_opal_ore,ROOT_tools/more_ores_more_gems_authored_sources/generic_gem_containment/recolored_masters/block/fire_opal_ore_master.png,resourcepacks/LAST_DAYS_INFINITE_DOMAIN_1_21_1/assets/more_ores_more_gems/textures/block/fire_opal_ore.png,1254x1254,32x32,1,approved generic gem containment machinery; contained gem recolor only; 32px runtime
ore_block,more_ores_more_gems:fluorite_tier_1_ore,more_ores_more_gems:block/fluoritetier1ore,ROOT_tools/more_ores_more_gems_authored_sources/generic_gem_containment/recolored_masters/block/fluoritetier1ore_master.png,resourcepacks/LAST_DAYS_INFINITE_DOMAIN_1_21_1/assets/more_ores_more_gems/textures/block/fluoritetier1ore.png,1254x1254,32x32,1,approved generic gem containment machinery; contained gem recolor only; 32px runtime
ore_block,more_ores_more_gems:fluorite_tier_1_ore_deepslate,more_ores_more_gems:block/fluoritetier1oredeepslate,ROOT_tools/more_ores_more_gems_authored_sources/generic_gem_containment/recolored_masters/block/fluoritetier1oredeepslate_master.png,resourcepacks/LAST_DAYS_INFINITE_DOMAIN_1_21_1/assets/more_ores_more_gems/textures/block/fluoritetier1oredeepslate.png,1254x1254,32x32,1,approved generic gem containment machinery; contained gem recolor only; 32px runtime
ore_block,more_ores_more_gems:fluorite_tier_2_ore,more_ores_more_gems:block/fluoritetier2ore,ROOT_tools/more_ores_more_gems_authored_sources/generic_gem_containment/recolored_masters/block/fluoritetier2ore_master.png,resourcepacks/LAST_DAYS_INFINITE_DOMAIN_1_21_1/assets/more_ores_more_gems/textures/block/fluoritetier2ore.png,1254x1254,32x32,1,approved generic gem containment machinery; contained gem recolor only; 32px runtime
ore_block,more_ores_more_gems:fluorite_tier_2_ore_deepslate,more_ores_more_gems:block/fluoritetier2oredeepslate,ROOT_tools/more_ores_more_gems_authored_sources/generic_gem_containment/recolored_masters/block/fluoritetier2oredeepslate_master.png,resourcepacks/LAST_DAYS_INFINITE_DOMAIN_1_21_1/assets/more_ores_more_gems/textures/block/fluoritetier2oredeepslate.png,1254x1254,32x32,1,approved generic gem containment machinery; contained gem recolor only; 32px runtime
ore_block,more_ores_more_gems:fluorite_tier_3_ore,more_ores_more_gems:block/fluoritetier3ore,ROOT_tools/more_ores_more_gems_authored_sources/generic_gem_containment/recolored_masters/block/fluoritetier3ore_master.png,resourcepacks/LAST_DAYS_INFINITE_DOMAIN_1_21_1/assets/more_ores_more_gems/textures/block/fluoritetier3ore.png,1254x1254,32x32,1,approved generic gem containment machinery; contained gem recolor only; 32px runtime
ore_block,more_ores_more_gems:fluorite_tier_3_ore_deepslate,more_ores_more_gems:block/fluoritetier3oredeepslate,ROOT_tools/more_ores_more_gems_authored_sources/generic_gem_containment/recolored_masters/block/fluoritetier3oredeepslate_master.png,resourcepacks/LAST_DAYS_INFINITE_DOMAIN_1_21_1/assets/more_ores_more_gems/textures/block/fluoritetier3oredeepslate.png,1254x1254,32x32,1,approved generic gem containment machinery; contained gem recolor only; 32px runtime
ore_block,more_ores_more_gems:frost_opal_ore,more_ores_more_gems:block/frost_opal_ore,ROOT_tools/more_ores_more_gems_authored_sources/generic_gem_containment/recolored_masters/block/frost_opal_ore_master.png,resourcepacks/LAST_DAYS_INFINITE_DOMAIN_1_21_1/assets/more_ores_more_gems/textures/block/frost_opal_ore.png,1254x1254,32x32,1,approved generic gem containment machinery; contained gem recolor only; 32px runtime
gem_storage_block,more_ores_more_gems:block_of_gray_opal,more_ores_more_gems:block/gray_opal_block,ROOT_tools/more_ores_more_gems_authored_sources/upstream_live/textures/block/gray_opal_block.png,resourcepacks/LAST_DAYS_INFINITE_DOMAIN_1_21_1/assets/more_ores_more_gems/textures/block/gray_opal_block.png,16x16,128x128,1,authored compressed-crystal and opal relief; non-spatial palette swatches only; no upstream RGB overlay
ore_block,more_ores_more_gems:gunpowder_ore,more_ores_more_gems:block/gunpowderore,ROOT_tools/more_ores_more_gems_authored_sources/generic_metal_ore_container/recolored_masters/block/gunpowderore_master.png,resourcepacks/LAST_DAYS_INFINITE_DOMAIN_1_21_1/assets/more_ores_more_gems/textures/block/gunpowderore.png,1254x1254,32x32,1,approved generic metallic ore container; sample insert and hazard-paint recolor only; 32px runtime
ore_block,more_ores_more_gems:heliodor_ore,more_ores_more_gems:block/heliodor_ore,ROOT_tools/more_ores_more_gems_authored_sources/generic_gem_containment/recolored_masters/block/heliodor_ore_master.png,resourcepacks/LAST_DAYS_INFINITE_DOMAIN_1_21_1/assets/more_ores_more_gems/textures/block/heliodor_ore.png,1254x1254,32x32,1,approved generic gem containment machinery; contained gem recolor only; 32px runtime
ore_block,more_ores_more_gems:indium_ore,more_ores_more_gems:block/indium_ore,ROOT_tools/more_ores_more_gems_authored_sources/generic_metal_ore_container/recolored_masters/block/indium_ore_master.png,resourcepacks/LAST_DAYS_INFINITE_DOMAIN_1_21_1/assets/more_ores_more_gems/textures/block/indium_ore.png,1254x1254,32x32,1,approved generic metallic ore container; sample insert and hazard-paint recolor only; 32px runtime
ore_block,more_ores_more_gems:lead_ore,more_ores_more_gems:block/lead_ore,ROOT_tools/more_ores_more_gems_authored_sources/generic_metal_ore_container/recolored_masters/block/lead_ore_master.png,resourcepacks/LAST_DAYS_INFINITE_DOMAIN_1_21_1/assets/more_ores_more_gems/textures/block/lead_ore.png,1254x1254,32x32,1,approved generic metallic ore container; sample insert and hazard-paint recolor only; 32px runtime
ore_block,more_ores_more_gems:lemonite_ore,more_ores_more_gems:block/lemonite_ore,ROOT_tools/more_ores_more_gems_authored_sources/generic_metal_ore_container/recolored_masters/block/lemonite_ore_master.png,resourcepacks/LAST_DAYS_INFINITE_DOMAIN_1_21_1/assets/more_ores_more_gems/textures/block/lemonite_ore.png,1254x1254,32x32,1,approved generic metallic ore container; sample insert and hazard-paint recolor only; 32px runtime
ore_block,more_ores_more_gems:leucosapphire_ore,more_ores_more_gems:block/leucosapphire_ore,ROOT_tools/more_ores_more_gems_authored_sources/generic_gem_containment/recolored_masters/block/leucosapphire_ore_master.png,resourcepacks/LAST_DAYS_INFINITE_DOMAIN_1_21_1/assets/more_ores_more_gems/textures/block/leucosapphire_ore.png,1254x1254,32x32,1,approved generic gem containment machinery; contained gem recolor only; 32px runtime
ore_block,more_ores_more_gems:luminous_gem_ore,more_ores_more_gems:block/luminousgemore,ROOT_tools/more_ores_more_gems_authored_sources/generic_gem_containment/recolored_masters/block/luminousgemore_master.png,resourcepacks/LAST_DAYS_INFINITE_DOMAIN_1_21_1/assets/more_ores_more_gems/textures/block/luminousgemore.png,1254x1254,32x32,1,approved generic gem containment machinery; contained gem recolor only; 32px runtime
ore_block,more_ores_more_gems:luminous_gem_ore_deepslate,more_ores_more_gems:block/luminousgemoredeepslate,ROOT_tools/more_ores_more_gems_authored_sources/generic_gem_containment/recolored_masters/block/luminousgemoredeepslate_master.png,resourcepacks/LAST_DAYS_INFINITE_DOMAIN_1_21_1/assets/more_ores_more_gems/textures/block/luminousgemoredeepslate.png,1254x1254,32x32,1,approved generic gem containment machinery; contained gem recolor only; 32px runtime
ore_block,more_ores_more_gems:magma_volcagmium_ore,more_ores_more_gems:block/magma_volcagmium_ore_new,ROOT_tools/more_ores_more_gems_authored_sources/generic_metal_ore_container/recolored_masters/block/magma_volcagmium_ore_new_master.png,resourcepacks/LAST_DAYS_INFINITE_DOMAIN_1_21_1/assets/more_ores_more_gems/textures/block/magma_volcagmium_ore_new.png,1254x1254,32x32,1,approved generic metallic ore container; sample insert and hazard-paint recolor only; 32px runtime
ore_block,more_ores_more_gems:magnesium_ore,more_ores_more_gems:block/magnesium_ore,ROOT_tools/more_ores_more_gems_authored_sources/generic_metal_ore_container/recolored_masters/block/magnesium_ore_master.png,resourcepacks/LAST_DAYS_INFINITE_DOMAIN_1_21_1/assets/more_ores_more_gems/textures/block/magnesium_ore.png,1254x1254,32x32,1,approved generic metallic ore container; sample insert and hazard-paint recolor only; 32px runtime
ore_block,more_ores_more_gems:monel_ore,more_ores_more_gems:block/monel_ore,ROOT_tools/more_ores_more_gems_authored_sources/generic_metal_ore_container/recolored_masters/block/monel_ore_master.png,resourcepacks/LAST_DAYS_INFINITE_DOMAIN_1_21_1/assets/more_ores_more_gems/textures/block/monel_ore.png,1254x1254,32x32,1,approved generic metallic ore container; sample insert and hazard-paint recolor only; 32px runtime
ore_block,more_ores_more_gems:neptunium_ore,more_ores_more_gems:block/neptunium_ore,ROOT_tools/more_ores_more_gems_authored_sources/generic_metal_ore_container/recolored_masters/block/neptunium_ore_master.png,resourcepacks/LAST_DAYS_INFINITE_DOMAIN_1_21_1/assets/more_ores_more_gems/textures/block/neptunium_ore.png,1254x1254,32x32,1,approved generic metallic ore container; sample insert and hazard-paint recolor only; 32px runtime
ore_block,more_ores_more_gems:nether_amethyst_ore,more_ores_more_gems:block/nether_amethyst_ore,ROOT_tools/more_ores_more_gems_authored_sources/generic_gem_containment/recolored_masters/block/nether_amethyst_ore_master.png,resourcepacks/LAST_DAYS_INFINITE_DOMAIN_1_21_1/assets/more_ores_more_gems/textures/block/nether_amethyst_ore.png,1254x1254,32x32,1,approved generic gem containment machinery; contained gem recolor only; 32px runtime
ore_block,more_ores_more_gems:nether_opalized_quartz_ore,more_ores_more_gems:block/nether_opal_quartz_ore_new,ROOT_tools/more_ores_more_gems_authored_sources/generic_gem_containment/recolored_masters/block/nether_opal_quartz_ore_new_master.png,resourcepacks/LAST_DAYS_INFINITE_DOMAIN_1_21_1/assets/more_ores_more_gems/textures/block/nether_opal_quartz_ore_new.png,1254x1254,32x32,1,approved generic gem containment machinery; contained gem recolor only; 32px runtime
ore_block,more_ores_more_gems:nether_osmium_ore,more_ores_more_gems:block/nether_osmium_ore,ROOT_tools/more_ores_more_gems_authored_sources/generic_metal_ore_container/recolored_masters/block/nether_osmium_ore_master.png,resourcepacks/LAST_DAYS_INFINITE_DOMAIN_1_21_1/assets/more_ores_more_gems/textures/block/nether_osmium_ore.png,1254x1254,32x32,1,approved generic metallic ore container; sample insert and hazard-paint recolor only; 32px runtime
ore_block,more_ores_more_gems:nether_rose_gold_ore,more_ores_more_gems:block/nether_rose_gold_ore,ROOT_tools/more_ores_more_gems_authored_sources/generic_metal_ore_container/recolored_masters/block/nether_rose_gold_ore_master.png,resourcepacks/LAST_DAYS_INFINITE_DOMAIN_1_21_1/assets/more_ores_more_gems/textures/block/nether_rose_gold_ore.png,1254x1254,32x32,1,approved generic metallic ore container; sample insert and hazard-paint recolor only; 32px runtime
ore_block,more_ores_more_gems:nether_titanium_ore,more_ores_more_gems:block/nether_titanium_ore,ROOT_tools/more_ores_more_gems_authored_sources/generic_metal_ore_container/recolored_masters/block/nether_titanium_ore_master.png,resourcepacks/LAST_DAYS_INFINITE_DOMAIN_1_21_1/assets/more_ores_more_gems/textures/block/nether_titanium_ore.png,1254x1254,32x32,1,approved generic metallic ore container; sample insert and hazard-paint recolor only; 32px runtime
ore_block,more_ores_more_gems:nether_electrum_ore,more_ores_more_gems:block/netherelectrumore,ROOT_tools/more_ores_more_gems_authored_sources/generic_metal_ore_container/recolored_masters/block/netherelectrumore_master.png,resourcepacks/LAST_DAYS_INFINITE_DOMAIN_1_21_1/assets/more_ores_more_gems/textures/block/netherelectrumore.png,1254x1254,32x32,1,approved generic metallic ore container; sample insert and hazard-paint recolor only; 32px runtime
ore_block,more_ores_more_gems:nether_silver_ore,more_ores_more_gems:block/nethersilverore,ROOT_tools/more_ores_more_gems_authored_sources/generic_metal_ore_container/recolored_masters/block/nethersilverore_master.png,resourcepacks/LAST_DAYS_INFINITE_DOMAIN_1_21_1/assets/more_ores_more_gems/textures/block/nethersilverore.png,1254x1254,32x32,1,approved generic metallic ore container; sample insert and hazard-paint recolor only; 32px runtime
ore_block,more_ores_more_gems:nickel_ore,more_ores_more_gems:block/nikel_ore,ROOT_tools/more_ores_more_gems_authored_sources/generic_metal_ore_container/recolored_masters/block/nikel_ore_master.png,resourcepacks/LAST_DAYS_INFINITE_DOMAIN_1_21_1/assets/more_ores_more_gems/textures/block/nikel_ore.png,1254x1254,32x32,1,approved generic metallic ore container; sample insert and hazard-paint recolor only; 32px runtime
ore_block,more_ores_more_gems:opalized_quartz_ore,more_ores_more_gems:block/opal_quartz_ore_new,ROOT_tools/more_ores_more_gems_authored_sources/generic_gem_containment/recolored_masters/block/opal_quartz_ore_new_master.png,resourcepacks/LAST_DAYS_INFINITE_DOMAIN_1_21_1/assets/more_ores_more_gems/textures/block/opal_quartz_ore_new.png,1254x1254,32x32,1,approved generic gem containment machinery; contained gem recolor only; 32px runtime
ore_block,more_ores_more_gems:osmium_ore,more_ores_more_gems:block/osmium_ore,ROOT_tools/more_ores_more_gems_authored_sources/generic_metal_ore_container/recolored_masters/block/osmium_ore_master.png,resourcepacks/LAST_DAYS_INFINITE_DOMAIN_1_21_1/assets/more_ores_more_gems/textures/block/osmium_ore.png,1254x1254,32x32,1,approved generic metallic ore container; sample insert and hazard-paint recolor only; 32px runtime
ore_block,more_ores_more_gems:padparadscha_ore,more_ores_more_gems:block/padparadscha_ore,ROOT_tools/more_ores_more_gems_authored_sources/generic_gem_containment/recolored_masters/block/padparadscha_ore_master.png,resourcepacks/LAST_DAYS_INFINITE_DOMAIN_1_21_1/assets/more_ores_more_gems/textures/block/padparadscha_ore.png,1254x1254,32x32,1,approved generic gem containment machinery; contained gem recolor only; 32px runtime
gem_storage_block,more_ores_more_gems:block_of_peridot,more_ores_more_gems:block/peridot_block,ROOT_tools/more_ores_more_gems_authored_sources/upstream_live/textures/block/peridot_block.png,resourcepacks/LAST_DAYS_INFINITE_DOMAIN_1_21_1/assets/more_ores_more_gems/textures/block/peridot_block.png,16x16,128x128,1,authored compressed-crystal and olivine relief; non-spatial palette swatches only; no upstream RGB overlay
ore_block,more_ores_more_gems:pink_opal_ore,more_ores_more_gems:block/pink_opal_ore,ROOT_tools/more_ores_more_gems_authored_sources/generic_gem_containment/recolored_masters/block/pink_opal_ore_master.png,resourcepacks/LAST_DAYS_INFINITE_DOMAIN_1_21_1/assets/more_ores_more_gems/textures/block/pink_opal_ore.png,1254x1254,32x32,1,approved generic gem containment machinery; contained gem recolor only; 32px runtime
ore_block,more_ores_more_gems:platinum_ore,more_ores_more_gems:block/platium_ore,ROOT_tools/more_ores_more_gems_authored_sources/generic_metal_ore_container/recolored_masters/block/platium_ore_master.png,resourcepacks/LAST_DAYS_INFINITE_DOMAIN_1_21_1/assets/more_ores_more_gems/textures/block/platium_ore.png,1254x1254,32x32,1,approved generic metallic ore container; sample insert and hazard-paint recolor only; 32px runtime
ore_block,more_ores_more_gems:radium_dust_ore,more_ores_more_gems:block/radium_dust_ore,ROOT_tools/more_ores_more_gems_authored_sources/generic_metal_ore_container/recolored_masters/block/radium_dust_ore_master.png,resourcepacks/LAST_DAYS_INFINITE_DOMAIN_1_21_1/assets/more_ores_more_gems/textures/block/radium_dust_ore.png,1254x1254,32x32,1,approved generic metallic ore container; sample insert and hazard-paint recolor only; 32px runtime
ore_block,more_ores_more_gems:radium_ore,more_ores_more_gems:block/radium_ore,ROOT_tools/more_ores_more_gems_authored_sources/generic_metal_ore_container/recolored_masters/block/radium_ore_master.png,resourcepacks/LAST_DAYS_INFINITE_DOMAIN_1_21_1/assets/more_ores_more_gems/textures/block/radium_ore.png,1254x1254,32x32,1,approved generic metallic ore container; sample insert and hazard-paint recolor only; 32px runtime
ore_block,more_ores_more_gems:mysticrain_quartz_ore,more_ores_more_gems:block/rainbow_mystic_ore,ROOT_tools/more_ores_more_gems_authored_sources/generic_gem_containment/recolored_masters/block/rainbow_mystic_ore_master.png,resourcepacks/LAST_DAYS_INFINITE_DOMAIN_1_21_1/assets/more_ores_more_gems/textures/block/rainbow_mystic_ore.png,1254x1254,32x32,1,approved generic gem containment machinery; contained gem recolor only; 32px runtime
ore_block,more_ores_more_gems:rare_sapphire_ore,more_ores_more_gems:block/rare_sapphire_ore,ROOT_tools/more_ores_more_gems_authored_sources/generic_gem_containment/recolored_masters/block/rare_sapphire_ore_master.png,resourcepacks/LAST_DAYS_INFINITE_DOMAIN_1_21_1/assets/more_ores_more_gems/textures/block/rare_sapphire_ore.png,1254x1254,32x32,1,approved generic gem containment machinery; contained gem recolor only; 32px runtime
ore_block,more_ores_more_gems:rhodium_ore,more_ores_more_gems:block/rhodium_ore,ROOT_tools/more_ores_more_gems_authored_sources/generic_metal_ore_container/recolored_masters/block/rhodium_ore_master.png,resourcepacks/LAST_DAYS_INFINITE_DOMAIN_1_21_1/assets/more_ores_more_gems/textures/block/rhodium_ore.png,1254x1254,32x32,1,approved generic metallic ore container; sample insert and hazard-paint recolor only; 32px runtime
ore_block,more_ores_more_gems:rose_gold_ore,more_ores_more_gems:block/rose_gold_ore,ROOT_tools/more_ores_more_gems_authored_sources/generic_metal_ore_container/recolored_masters/block/rose_gold_ore_master.png,resourcepacks/LAST_DAYS_INFINITE_DOMAIN_1_21_1/assets/more_ores_more_gems/textures/block/rose_gold_ore.png,1254x1254,32x32,1,approved generic metallic ore container; sample insert and hazard-paint recolor only; 32px runtime
ore_block,more_ores_more_gems:ruby_pack_ore,more_ores_more_gems:block/ruby_ore,ROOT_tools/more_ores_more_gems_authored_sources/generic_gem_containment/recolored_masters/block/ruby_ore_master.png,resourcepacks/LAST_DAYS_INFINITE_DOMAIN_1_21_1/assets/more_ores_more_gems/textures/block/ruby_ore.png,1254x1254,32x32,1,approved generic gem containment machinery; contained gem recolor only; 32px runtime
ore_block,more_ores_more_gems:ruby_ore_deepslate,more_ores_more_gems:block/ruby_ore_deepslate,ROOT_tools/more_ores_more_gems_authored_sources/generic_gem_containment/recolored_masters/block/ruby_ore_deepslate_master.png,resourcepacks/LAST_DAYS_INFINITE_DOMAIN_1_21_1/assets/more_ores_more_gems/textures/block/ruby_ore_deepslate.png,1254x1254,32x32,1,approved generic gem containment machinery; contained gem recolor only; 32px runtime
ore_block,more_ores_more_gems:sapphire_ore,more_ores_more_gems:block/sapphireore,ROOT_tools/more_ores_more_gems_authored_sources/generic_gem_containment/recolored_masters/block/sapphireore_master.png,resourcepacks/LAST_DAYS_INFINITE_DOMAIN_1_21_1/assets/more_ores_more_gems/textures/block/sapphireore.png,1254x1254,32x32,1,approved generic gem containment machinery; contained gem recolor only; 32px runtime
ore_block,more_ores_more_gems:thalassium_ore,more_ores_more_gems:block/thalassium_ore,ROOT_tools/more_ores_more_gems_authored_sources/generic_metal_ore_container/recolored_masters/block/thalassium_ore_master.png,resourcepacks/LAST_DAYS_INFINITE_DOMAIN_1_21_1/assets/more_ores_more_gems/textures/block/thalassium_ore.png,1254x1254,32x32,1,approved generic metallic ore container; sample insert and hazard-paint recolor only; 32px runtime
ore_block,more_ores_more_gems:thorium_ore,more_ores_more_gems:block/thoriumore,ROOT_tools/more_ores_more_gems_authored_sources/generic_metal_ore_container/recolored_masters/block/thoriumore_master.png,resourcepacks/LAST_DAYS_INFINITE_DOMAIN_1_21_1/assets/more_ores_more_gems/textures/block/thoriumore.png,1254x1254,32x32,1,approved generic metallic ore container; sample insert and hazard-paint recolor only; 32px runtime
ore_block,more_ores_more_gems:tin_ore,more_ores_more_gems:block/tin_ore,ROOT_tools/more_ores_more_gems_authored_sources/generic_metal_ore_container/recolored_masters/block/tin_ore_master.png,resourcepacks/LAST_DAYS_INFINITE_DOMAIN_1_21_1/assets/more_ores_more_gems/textures/block/tin_ore.png,1254x1254,32x32,1,approved generic metallic ore container; sample insert and hazard-paint recolor only; 32px runtime
ore_block,more_ores_more_gems:titanium_ore,more_ores_more_gems:block/titanium_ore,ROOT_tools/more_ores_more_gems_authored_sources/generic_metal_ore_container/recolored_masters/block/titanium_ore_master.png,resourcepacks/LAST_DAYS_INFINITE_DOMAIN_1_21_1/assets/more_ores_more_gems/textures/block/titanium_ore.png,1254x1254,32x32,1,approved generic metallic ore container; sample insert and hazard-paint recolor only; 32px runtime
ore_block,more_ores_more_gems:dsto,more_ores_more_gems:block/titanium_ore_deepslate,ROOT_tools/more_ores_more_gems_authored_sources/generic_metal_ore_container/recolored_masters/block/titanium_ore_deepslate_master.png,resourcepacks/LAST_DAYS_INFINITE_DOMAIN_1_21_1/assets/more_ores_more_gems/textures/block/titanium_ore_deepslate.png,1254x1254,32x32,1,approved generic metallic ore container; sample insert and hazard-paint recolor only; 32px runtime
ore_block,more_ores_more_gems:titanium_quartz_ore,more_ores_more_gems:block/titanium_quartz_ore,ROOT_tools/more_ores_more_gems_authored_sources/generic_gem_containment/recolored_masters/block/titanium_quartz_ore_master.png,resourcepacks/LAST_DAYS_INFINITE_DOMAIN_1_21_1/assets/more_ores_more_gems/textures/block/titanium_quartz_ore.png,1254x1254,32x32,1,approved generic gem containment machinery; contained gem recolor only; 32px runtime
ore_block,more_ores_more_gems:tungsten_ore,more_ores_more_gems:block/tungsten_ore,ROOT_tools/more_ores_more_gems_authored_sources/generic_metal_ore_container/recolored_masters/block/tungsten_ore_master.png,resourcepacks/LAST_DAYS_INFINITE_DOMAIN_1_21_1/assets/more_ores_more_gems/textures/block/tungsten_ore.png,1254x1254,32x32,1,approved generic metallic ore container; sample insert and hazard-paint recolor only; 32px runtime
ore_block,more_ores_more_gems:deepslate_tungsten_ore,more_ores_more_gems:block/tungsten_ore_deepslate,ROOT_tools/more_ores_more_gems_authored_sources/generic_metal_ore_container/recolored_masters/block/tungsten_ore_deepslate_master.png,resourcepacks/LAST_DAYS_INFINITE_DOMAIN_1_21_1/assets/more_ores_more_gems/textures/block/tungsten_ore_deepslate.png,1254x1254,32x32,1,approved generic metallic ore container; sample insert and hazard-paint recolor only; 32px runtime
ore_block,more_ores_more_gems:uranium_ore,more_ores_more_gems:block/uranium_ore.webp,ROOT_tools/more_ores_more_gems_authored_sources/generic_metal_ore_container/recolored_masters/block/uranium_ore.webp_master.png,resourcepacks/LAST_DAYS_INFINITE_DOMAIN_1_21_1/assets/more_ores_more_gems/textures/block/uranium_ore.webp.png,1254x1254,32x32,1,approved generic metallic ore container; sample insert and hazard-paint recolor only; 32px runtime
ore_block,more_ores_more_gems:ussingite_ore,more_ores_more_gems:block/ussingite_ore,ROOT_tools/more_ores_more_gems_authored_sources/generic_gem_containment/recolored_masters/block/ussingite_ore_master.png,resourcepacks/LAST_DAYS_INFINITE_DOMAIN_1_21_1/assets/more_ores_more_gems/textures/block/ussingite_ore.png,1254x1254,32x32,1,approved generic gem containment machinery; contained gem recolor only; 32px runtime
ore_block,more_ores_more_gems:volcagmium_ore,more_ores_more_gems:block/volcagmium_ore,ROOT_tools/more_ores_more_gems_authored_sources/generic_metal_ore_container/recolored_masters/block/volcagmium_ore_master.png,resourcepacks/LAST_DAYS_INFINITE_DOMAIN_1_21_1/assets/more_ores_more_gems/textures/block/volcagmium_ore.png,1254x1254,32x32,1,approved generic metallic ore container; sample insert and hazard-paint recolor only; 32px runtime
gem_item,more_ores_more_gems:sapphire,more_ores_more_gems:item/1176891afb1b00287f652ce0b6ab95aa8e097a9e,ROOT_tools/more_ores_more_gems_authored_sources/upstream_live/textures/item/1176891afb1b00287f652ce0b6ab95aa8e097a9e.png,resourcepacks/LAST_DAYS_INFINITE_DOMAIN_1_21_1/assets/more_ores_more_gems/textures/item/1176891afb1b00287f652ce0b6ab95aa8e097a9e.png,16x16,128x128,1,authored corundum family silhouette/lighting; non-spatial palette swatches and animation only; no upstream RGB overlay
gem_item,more_ores_more_gems:amethyst,more_ores_more_gems:item/amethyst_gem,ROOT_tools/more_ores_more_gems_authored_sources/upstream_live/textures/item/amethyst_gem.png,resourcepacks/LAST_DAYS_INFINITE_DOMAIN_1_21_1/assets/more_ores_more_gems/textures/item/amethyst_gem.png,16x16,128x128,1,authored quartz family silhouette/lighting; non-spatial palette swatches and animation only; no upstream RGB overlay
gem_item,more_ores_more_gems:ametrine,more_ores_more_gems:item/ametrine_gem,ROOT_tools/more_ores_more_gems_authored_sources/upstream_live/textures/item/ametrine_gem.png,resourcepacks/LAST_DAYS_INFINITE_DOMAIN_1_21_1/assets/more_ores_more_gems/textures/item/ametrine_gem.png,16x16,128x128,1,authored quartz family silhouette/lighting; non-spatial palette swatches and animation only; no upstream RGB overlay
gem_item,more_ores_more_gems:aquamarine,more_ores_more_gems:item/aquamarine,ROOT_tools/more_ores_more_gems_authored_sources/upstream_live/textures/item/aquamarine.png,resourcepacks/LAST_DAYS_INFINITE_DOMAIN_1_21_1/assets/more_ores_more_gems/textures/item/aquamarine.png,16x16,128x128,1,authored beryl family silhouette/lighting; non-spatial palette swatches and animation only; no upstream RGB overlay
gem_item,more_ores_more_gems:autunite_234_gemstone,more_ores_more_gems:item/autunite234,ROOT_tools/more_ores_more_gems_authored_sources/upstream_live/textures/item/autunite234.png,resourcepacks/LAST_DAYS_INFINITE_DOMAIN_1_21_1/assets/more_ores_more_gems/textures/item/autunite234.png,16x96,128x768,6,authored autunite family silhouette/lighting; non-spatial palette swatches and animation only; no upstream RGB overlay
gem_item,more_ores_more_gems:autunite_238_gemstone,more_ores_more_gems:item/autunite_gemstone,ROOT_tools/more_ores_more_gems_authored_sources/upstream_live/textures/item/autunite_gemstone.png,resourcepacks/LAST_DAYS_INFINITE_DOMAIN_1_21_1/assets/more_ores_more_gems/textures/item/autunite_gemstone.png,16x16,128x128,1,authored autunite family silhouette/lighting; non-spatial palette swatches and animation only; no upstream RGB overlay
gem_item,more_ores_more_gems:autunite_235_gemstone,more_ores_more_gems:item/autunite_gemstone_epic,ROOT_tools/more_ores_more_gems_authored_sources/upstream_live/textures/item/autunite_gemstone_epic.png,resourcepacks/LAST_DAYS_INFINITE_DOMAIN_1_21_1/assets/more_ores_more_gems/textures/item/autunite_gemstone_epic.png,16x16,128x128,1,authored autunite family silhouette/lighting; non-spatial palette swatches and animation only; no upstream RGB overlay
gem_item,more_ores_more_gems:black_opal,more_ores_more_gems:item/black_opal,ROOT_tools/more_ores_more_gems_authored_sources/upstream_live/textures/item/black_opal.png,resourcepacks/LAST_DAYS_INFINITE_DOMAIN_1_21_1/assets/more_ores_more_gems/textures/item/black_opal.png,16x16,128x128,1,authored opal family silhouette/lighting; non-spatial palette swatches and animation only; no upstream RGB overlay
gem_item,more_ores_more_gems:blood_fluorite,more_ores_more_gems:item/bloodflourite,ROOT_tools/more_ores_more_gems_authored_sources/upstream_live/textures/item/bloodflourite.png,resourcepacks/LAST_DAYS_INFINITE_DOMAIN_1_21_1/assets/more_ores_more_gems/textures/item/bloodflourite.png,16x32,128x256,2,authored fluorite family silhouette/lighting; non-spatial palette swatches and animation only; no upstream RGB overlay
gem_item,more_ores_more_gems:carnelian,more_ores_more_gems:item/carnelian_gem,ROOT_tools/more_ores_more_gems_authored_sources/upstream_live/textures/item/carnelian_gem.png,resourcepacks/LAST_DAYS_INFINITE_DOMAIN_1_21_1/assets/more_ores_more_gems/textures/item/carnelian_gem.png,16x16,128x128,1,authored carnelian family silhouette/lighting; non-spatial palette swatches and animation only; no upstream RGB overlay
gem_item,more_ores_more_gems:citrine,more_ores_more_gems:item/citrine_gem,ROOT_tools/more_ores_more_gems_authored_sources/upstream_live/textures/item/citrine_gem.png,resourcepacks/LAST_DAYS_INFINITE_DOMAIN_1_21_1/assets/more_ores_more_gems/textures/item/citrine_gem.png,16x16,128x128,1,authored quartz family silhouette/lighting; non-spatial palette swatches and animation only; no upstream RGB overlay
gem_item,more_ores_more_gems:small_crystal_item,more_ores_more_gems:item/crystal,ROOT_tools/more_ores_more_gems_authored_sources/upstream_live/textures/item/crystal.png,resourcepacks/LAST_DAYS_INFINITE_DOMAIN_1_21_1/assets/more_ores_more_gems/textures/item/crystal.png,16x16,128x128,1,authored quartz family silhouette/lighting; non-spatial palette swatches and animation only; no upstream RGB overlay
gem_item,more_ores_more_gems:white_crystal,more_ores_more_gems:item/crystal_gemstone,ROOT_tools/more_ores_more_gems_authored_sources/upstream_live/textures/item/crystal_gemstone.png,resourcepacks/LAST_DAYS_INFINITE_DOMAIN_1_21_1/assets/more_ores_more_gems/textures/item/crystal_gemstone.png,16x16,128x128,1,authored quartz family silhouette/lighting; non-spatial palette swatches and animation only; no upstream RGB overlay
gem_item,more_ores_more_gems:ekanite,more_ores_more_gems:item/ekanite_gem_fix,ROOT_tools/more_ores_more_gems_authored_sources/upstream_live/textures/item/ekanite_gem_fix.png,resourcepacks/LAST_DAYS_INFINITE_DOMAIN_1_21_1/assets/more_ores_more_gems/textures/item/ekanite_gem_fix.png,16x16,128x128,1,authored ekanite family silhouette/lighting; non-spatial palette swatches and animation only; no upstream RGB overlay
gem_item,more_ores_more_gems:fire_opal_gemstone,more_ores_more_gems:item/fire_opal,ROOT_tools/more_ores_more_gems_authored_sources/upstream_live/textures/item/fire_opal.png,resourcepacks/LAST_DAYS_INFINITE_DOMAIN_1_21_1/assets/more_ores_more_gems/textures/item/fire_opal.png,16x16,128x128,1,authored opal family silhouette/lighting; non-spatial palette swatches and animation only; no upstream RGB overlay
gem_item,more_ores_more_gems:fluorite_black_color,more_ores_more_gems:item/flourite_black,ROOT_tools/more_ores_more_gems_authored_sources/upstream_live/textures/item/flourite_black.png,resourcepacks/LAST_DAYS_INFINITE_DOMAIN_1_21_1/assets/more_ores_more_gems/textures/item/flourite_black.png,16x16,128x128,1,authored fluorite family silhouette/lighting; non-spatial palette swatches and animation only; no upstream RGB overlay
gem_item,more_ores_more_gems:fluorite_white_clear,more_ores_more_gems:item/flourite_clear,ROOT_tools/more_ores_more_gems_authored_sources/upstream_live/textures/item/flourite_clear.png,resourcepacks/LAST_DAYS_INFINITE_DOMAIN_1_21_1/assets/more_ores_more_gems/textures/item/flourite_clear.png,16x16,128x128,1,authored fluorite family silhouette/lighting; non-spatial palette swatches and animation only; no upstream RGB overlay
gem_item,more_ores_more_gems:fluorite_green_color,more_ores_more_gems:item/flourite_green,ROOT_tools/more_ores_more_gems_authored_sources/upstream_live/textures/item/flourite_green.png,resourcepacks/LAST_DAYS_INFINITE_DOMAIN_1_21_1/assets/more_ores_more_gems/textures/item/flourite_green.png,16x16,128x128,1,authored fluorite family silhouette/lighting; non-spatial palette swatches and animation only; no upstream RGB overlay
gem_item,more_ores_more_gems:fluorite_purple_green,more_ores_more_gems:item/flourite_phantom,ROOT_tools/more_ores_more_gems_authored_sources/upstream_live/textures/item/flourite_phantom.png,resourcepacks/LAST_DAYS_INFINITE_DOMAIN_1_21_1/assets/more_ores_more_gems/textures/item/flourite_phantom.png,16x16,128x128,1,authored fluorite family silhouette/lighting; non-spatial palette swatches and animation only; no upstream RGB overlay
gem_item,more_ores_more_gems:flourite_pink_color,more_ores_more_gems:item/flourite_pink,ROOT_tools/more_ores_more_gems_authored_sources/upstream_live/textures/item/flourite_pink.png,resourcepacks/LAST_DAYS_INFINITE_DOMAIN_1_21_1/assets/more_ores_more_gems/textures/item/flourite_pink.png,16x16,128x128,1,authored fluorite family silhouette/lighting; non-spatial palette swatches and animation only; no upstream RGB overlay
gem_item,more_ores_more_gems:fluorite_yttrium,more_ores_more_gems:item/flourite_yttrium,ROOT_tools/more_ores_more_gems_authored_sources/upstream_live/textures/item/flourite_yttrium.png,resourcepacks/LAST_DAYS_INFINITE_DOMAIN_1_21_1/assets/more_ores_more_gems/textures/item/flourite_yttrium.png,16x16,128x128,1,authored fluorite family silhouette/lighting; non-spatial palette swatches and animation only; no upstream RGB overlay
gem_item,more_ores_more_gems:fluorescent_fluorite,more_ores_more_gems:item/fluorescent_fluorite,ROOT_tools/more_ores_more_gems_authored_sources/upstream_live/textures/item/fluorescent_fluorite.png,resourcepacks/LAST_DAYS_INFINITE_DOMAIN_1_21_1/assets/more_ores_more_gems/textures/item/fluorescent_fluorite.png,16x16,128x128,1,authored fluorite family silhouette/lighting; non-spatial palette swatches and animation only; no upstream RGB overlay
gem_item,more_ores_more_gems:fluorite_orange_color,more_ores_more_gems:item/fluorite_orange,ROOT_tools/more_ores_more_gems_authored_sources/upstream_live/textures/item/fluorite_orange.png,resourcepacks/LAST_DAYS_INFINITE_DOMAIN_1_21_1/assets/more_ores_more_gems/textures/item/fluorite_orange.png,16x16,128x128,1,authored fluorite family silhouette/lighting; non-spatial palette swatches and animation only; no upstream RGB overlay
gem_item,more_ores_more_gems:fluorite_purple_color,more_ores_more_gems:item/fluorite_purple,ROOT_tools/more_ores_more_gems_authored_sources/upstream_live/textures/item/fluorite_purple.png,resourcepacks/LAST_DAYS_INFINITE_DOMAIN_1_21_1/assets/more_ores_more_gems/textures/item/fluorite_purple.png,16x16,128x128,1,authored fluorite family silhouette/lighting; non-spatial palette swatches and animation only; no upstream RGB overlay
gem_item,more_ores_more_gems:flourite_orange_pink,more_ores_more_gems:item/fluorite_zoning,ROOT_tools/more_ores_more_gems_authored_sources/upstream_live/textures/item/fluorite_zoning.png,resourcepacks/LAST_DAYS_INFINITE_DOMAIN_1_21_1/assets/more_ores_more_gems/textures/item/fluorite_zoning.png,16x16,128x128,1,authored fluorite family silhouette/lighting; non-spatial palette swatches and animation only; no upstream RGB overlay
gem_item,more_ores_more_gems:fluorite_phantom,more_ores_more_gems:item/fluoritephantom,ROOT_tools/more_ores_more_gems_authored_sources/upstream_live/textures/item/fluoritephantom.png,resourcepacks/LAST_DAYS_INFINITE_DOMAIN_1_21_1/assets/more_ores_more_gems/textures/item/fluoritephantom.png,16x16,128x128,1,authored fluorite family silhouette/lighting; non-spatial palette swatches and animation only; no upstream RGB overlay
gem_item,more_ores_more_gems:memory_opal,more_ores_more_gems:item/frostopal_new,ROOT_tools/more_ores_more_gems_authored_sources/upstream_live/textures/item/frostopal_new.png,resourcepacks/LAST_DAYS_INFINITE_DOMAIN_1_21_1/assets/more_ores_more_gems/textures/item/frostopal_new.png,16x16,128x128,1,authored opal family silhouette/lighting; non-spatial palette swatches and animation only; no upstream RGB overlay
gem_item,more_ores_more_gems:mysticrain_quartz,more_ores_more_gems:item/gem_rainbow_quartz_3,ROOT_tools/more_ores_more_gems_authored_sources/upstream_live/textures/item/gem_rainbow_quartz_3.png,resourcepacks/LAST_DAYS_INFINITE_DOMAIN_1_21_1/assets/more_ores_more_gems/textures/item/gem_rainbow_quartz_3.png,16x16,128x128,1,authored quartz family silhouette/lighting; non-spatial palette swatches and animation only; no upstream RGB overlay
gem_item,more_ores_more_gems:gray_opal,more_ores_more_gems:item/gray_opal_item_2,ROOT_tools/more_ores_more_gems_authored_sources/upstream_live/textures/item/gray_opal_item_2.png,resourcepacks/LAST_DAYS_INFINITE_DOMAIN_1_21_1/assets/more_ores_more_gems/textures/item/gray_opal_item_2.png,16x16,128x128,1,authored opal family silhouette/lighting; non-spatial palette swatches and animation only; no upstream RGB overlay
gem_item,more_ores_more_gems:heliodor,more_ores_more_gems:item/heliodor,ROOT_tools/more_ores_more_gems_authored_sources/upstream_live/textures/item/heliodor.png,resourcepacks/LAST_DAYS_INFINITE_DOMAIN_1_21_1/assets/more_ores_more_gems/textures/item/heliodor.png,16x16,128x128,1,authored beryl family silhouette/lighting; non-spatial palette swatches and animation only; no upstream RGB overlay
gem_item,more_ores_more_gems:leucosapphire_gemstone,more_ores_more_gems:item/leucosapphire,ROOT_tools/more_ores_more_gems_authored_sources/upstream_live/textures/item/leucosapphire.png,resourcepacks/LAST_DAYS_INFINITE_DOMAIN_1_21_1/assets/more_ores_more_gems/textures/item/leucosapphire.png,16x16,128x128,1,authored corundum family silhouette/lighting; non-spatial palette swatches and animation only; no upstream RGB overlay
gem_item,more_ores_more_gems:luminous_gem,more_ores_more_gems:item/luminousgemitem,ROOT_tools/more_ores_more_gems_authored_sources/upstream_live/textures/item/luminousgemitem.png,resourcepacks/LAST_DAYS_INFINITE_DOMAIN_1_21_1/assets/more_ores_more_gems/textures/item/luminousgemitem.png,16x16,128x128,1,authored fluorite family silhouette/lighting; non-spatial palette swatches and animation only; no upstream RGB overlay
gem_item,more_ores_more_gems:olivin,more_ores_more_gems:item/olivin_item,ROOT_tools/more_ores_more_gems_authored_sources/upstream_live/textures/item/olivin_item.png,resourcepacks/LAST_DAYS_INFINITE_DOMAIN_1_21_1/assets/more_ores_more_gems/textures/item/olivin_item.png,16x16,128x128,1,authored olivine family silhouette/lighting; non-spatial palette swatches and animation only; no upstream RGB overlay
gem_item,more_ores_more_gems:opalized_quartz,more_ores_more_gems:item/opal_quartz,ROOT_tools/more_ores_more_gems_authored_sources/upstream_live/textures/item/opal_quartz.png,resourcepacks/LAST_DAYS_INFINITE_DOMAIN_1_21_1/assets/more_ores_more_gems/textures/item/opal_quartz.png,16x16,128x128,1,authored quartz family silhouette/lighting; non-spatial palette swatches and animation only; no upstream RGB overlay
gem_item,more_ores_more_gems:padparadscha,more_ores_more_gems:item/padparadscha_gem,ROOT_tools/more_ores_more_gems_authored_sources/upstream_live/textures/item/padparadscha_gem.png,resourcepacks/LAST_DAYS_INFINITE_DOMAIN_1_21_1/assets/more_ores_more_gems/textures/item/padparadscha_gem.png,16x16,128x128,1,authored corundum family silhouette/lighting; non-spatial palette swatches and animation only; no upstream RGB overlay
gem_item,more_ores_more_gems:peridot,more_ores_more_gems:item/peridot_item,ROOT_tools/more_ores_more_gems_authored_sources/upstream_live/textures/item/peridot_item.png,resourcepacks/LAST_DAYS_INFINITE_DOMAIN_1_21_1/assets/more_ores_more_gems/textures/item/peridot_item.png,16x16,128x128,1,authored olivine family silhouette/lighting; non-spatial palette swatches and animation only; no upstream RGB overlay
gem_item,more_ores_more_gems:pink_opal,more_ores_more_gems:item/pink_opal,ROOT_tools/more_ores_more_gems_authored_sources/upstream_live/textures/item/pink_opal.png,resourcepacks/LAST_DAYS_INFINITE_DOMAIN_1_21_1/assets/more_ores_more_gems/textures/item/pink_opal.png,16x16,128x128,1,authored opal family silhouette/lighting; non-spatial palette swatches and animation only; no upstream RGB overlay
gem_item,more_ores_more_gems:tanzanite,more_ores_more_gems:item/polished-tanzanite_cute,ROOT_tools/more_ores_more_gems_authored_sources/upstream_live/textures/item/polished-tanzanite_cute.png,resourcepacks/LAST_DAYS_INFINITE_DOMAIN_1_21_1/assets/more_ores_more_gems/textures/item/polished-tanzanite_cute.png,16x16,128x128,1,authored corundum family silhouette/lighting; non-spatial palette swatches and animation only; no upstream RGB overlay
gem_item,more_ores_more_gems:rare_sapphire,more_ores_more_gems:item/raresapphire,ROOT_tools/more_ores_more_gems_authored_sources/upstream_live/textures/item/raresapphire.png,resourcepacks/LAST_DAYS_INFINITE_DOMAIN_1_21_1/assets/more_ores_more_gems/textures/item/raresapphire.png,16x16,128x128,1,authored corundum family silhouette/lighting; non-spatial palette swatches and animation only; no upstream RGB overlay
gem_item,more_ores_more_gems:ruby_pack,more_ores_more_gems:item/ruby_item,ROOT_tools/more_ores_more_gems_authored_sources/upstream_live/textures/item/ruby_item.png,resourcepacks/LAST_DAYS_INFINITE_DOMAIN_1_21_1/assets/more_ores_more_gems/textures/item/ruby_item.png,16x16,128x128,1,authored corundum family silhouette/lighting; non-spatial palette swatches and animation only; no upstream RGB overlay
gem_item,more_ores_more_gems:jade,more_ores_more_gems:item/sicklyweakgreen,ROOT_tools/more_ores_more_gems_authored_sources/upstream_live/textures/item/sicklyweakgreen.png,resourcepacks/LAST_DAYS_INFINITE_DOMAIN_1_21_1/assets/more_ores_more_gems/textures/item/sicklyweakgreen.png,16x16,128x128,1,authored jade family silhouette/lighting; non-spatial palette swatches and animation only; no upstream RGB overlay
gem_item,more_ores_more_gems:sunflare_gem,more_ores_more_gems:item/sunflaregem,ROOT_tools/more_ores_more_gems_authored_sources/upstream_live/textures/item/sunflaregem.png,resourcepacks/LAST_DAYS_INFINITE_DOMAIN_1_21_1/assets/more_ores_more_gems/textures/item/sunflaregem.png,16x16,128x128,1,authored sunflare family silhouette/lighting; non-spatial palette swatches and animation only; no upstream RGB overlay
gem_item,more_ores_more_gems:titanium_quartz,more_ores_more_gems:item/titanium_quartz,ROOT_tools/more_ores_more_gems_authored_sources/upstream_live/textures/item/titanium_quartz.png,resourcepacks/LAST_DAYS_INFINITE_DOMAIN_1_21_1/assets/more_ores_more_gems/textures/item/titanium_quartz.png,16x16,128x128,1,authored quartz family silhouette/lighting; non-spatial palette swatches and animation only; no upstream RGB overlay
gem_item,more_ores_more_gems:topaz,more_ores_more_gems:item/topaz_1,ROOT_tools/more_ores_more_gems_authored_sources/upstream_live/textures/item/topaz_1.png,resourcepacks/LAST_DAYS_INFINITE_DOMAIN_1_21_1/assets/more_ores_more_gems/textures/item/topaz_1.png,16x16,128x128,1,authored topaz family silhouette/lighting; non-spatial palette swatches and animation only; no upstream RGB overlay
gem_item,more_ores_more_gems:ussingite,more_ores_more_gems:item/ussingite_gem_1,ROOT_tools/more_ores_more_gems_authored_sources/upstream_live/textures/item/ussingite_gem_1.png,resourcepacks/LAST_DAYS_INFINITE_DOMAIN_1_21_1/assets/more_ores_more_gems/textures/item/ussingite_gem_1.png,16x16,128x128,1,authored ussingite family silhouette/lighting; non-spatial palette swatches and animation only; no upstream RGB overlay
gem_item,more_ores_more_gems:white_opal,more_ores_more_gems:item/white_opal_gem_1,ROOT_tools/more_ores_more_gems_authored_sources/upstream_live/textures/item/white_opal_gem_1.png,resourcepacks/LAST_DAYS_INFINITE_DOMAIN_1_21_1/assets/more_ores_more_gems/textures/item/white_opal_gem_1.png,16x16,128x128,1,authored opal family silhouette/lighting; non-spatial palette swatches and animation only; no upstream RGB overlay
